
DigitalFryerDisplay8Seg-EncendidoManual.elf:     file format elf32-avr

Sections:
Idx Name          Size      VMA       LMA       File off  Algn
  0 .text         00003720  00000000  00000000  000000b4  2**1
                  CONTENTS, ALLOC, LOAD, READONLY, CODE
  1 .data         000004c0  00800060  00003720  000037d4  2**0
                  CONTENTS, ALLOC, LOAD, DATA
  2 .bss          00000289  00800520  00800520  00003c94  2**0
                  ALLOC
  3 .eeprom       0000000a  00810000  00810000  00003c94  2**0
                  CONTENTS, ALLOC, LOAD, DATA
  4 .comment      00000012  00000000  00000000  00003c9e  2**0
                  CONTENTS, READONLY
  5 .note.gnu.avr.deviceinfo 0000003c  00000000  00000000  00003cb0  2**2
                  CONTENTS, READONLY, OCTETS
  6 .debug_aranges 000006b0  00000000  00000000  00003cec  2**0
                  CONTENTS, READONLY, DEBUGGING, OCTETS
  7 .debug_info   00007f52  00000000  00000000  0000439c  2**0
                  CONTENTS, READONLY, DEBUGGING, OCTETS
  8 .debug_abbrev 00002ecf  00000000  00000000  0000c2ee  2**0
                  CONTENTS, READONLY, DEBUGGING, OCTETS
  9 .debug_line   00007508  00000000  00000000  0000f1bd  2**0
                  CONTENTS, READONLY, DEBUGGING, OCTETS
 10 .debug_frame  00000f38  00000000  00000000  000166c8  2**2
                  CONTENTS, READONLY, DEBUGGING, OCTETS
 11 .debug_str    00001b6d  00000000  00000000  00017600  2**0
                  CONTENTS, READONLY, DEBUGGING, OCTETS
 12 .debug_line_str 0000057b  00000000  00000000  0001916d  2**0
                  CONTENTS, READONLY, DEBUGGING, OCTETS
 13 .debug_loclists 00001fc2  00000000  00000000  000196e8  2**0
                  CONTENTS, READONLY, DEBUGGING, OCTETS
 14 .debug_rnglists 000005cd  00000000  00000000  0001b6aa  2**0
                  CONTENTS, READONLY, DEBUGGING, OCTETS

Disassembly of section .text:

00000000 <__vectors>:
       0:	0c 94 2a 00 	jmp	0x54	; 0x54 <__ctors_end>
       4:	0c 94 47 00 	jmp	0x8e	; 0x8e <__bad_interrupt>
       8:	0c 94 47 00 	jmp	0x8e	; 0x8e <__bad_interrupt>
       c:	0c 94 47 00 	jmp	0x8e	; 0x8e <__bad_interrupt>
      10:	0c 94 47 00 	jmp	0x8e	; 0x8e <__bad_interrupt>
      14:	0c 94 47 00 	jmp	0x8e	; 0x8e <__bad_interrupt>
      18:	0c 94 47 00 	jmp	0x8e	; 0x8e <__bad_interrupt>
      1c:	0c 94 47 00 	jmp	0x8e	; 0x8e <__bad_interrupt>
      20:	0c 94 47 00 	jmp	0x8e	; 0x8e <__bad_interrupt>
      24:	0c 94 47 00 	jmp	0x8e	; 0x8e <__bad_interrupt>
      28:	0c 94 5d 12 	jmp	0x24ba	; 0x24ba <__vector_10>
      2c:	0c 94 47 00 	jmp	0x8e	; 0x8e <__bad_interrupt>
      30:	0c 94 47 00 	jmp	0x8e	; 0x8e <__bad_interrupt>
      34:	0c 94 47 00 	jmp	0x8e	; 0x8e <__bad_interrupt>
      38:	0c 94 47 00 	jmp	0x8e	; 0x8e <__bad_interrupt>
      3c:	0c 94 47 00 	jmp	0x8e	; 0x8e <__bad_interrupt>
      40:	0c 94 47 00 	jmp	0x8e	; 0x8e <__bad_interrupt>
      44:	0c 94 47 00 	jmp	0x8e	; 0x8e <__bad_interrupt>
      48:	0c 94 47 00 	jmp	0x8e	; 0x8e <__bad_interrupt>
      4c:	0c 94 47 00 	jmp	0x8e	; 0x8e <__bad_interrupt>
      50:	0c 94 47 00 	jmp	0x8e	; 0x8e <__bad_interrupt>

00000054 <__ctors_end>:
      54:	11 24       	eor	r1, r1
      56:	1f be       	out	0x3f, r1	; 63
      58:	cf e5       	ldi	r28, 0x5F	; 95
      5a:	d8 e0       	ldi	r29, 0x08	; 8
      5c:	de bf       	out	0x3e, r29	; 62
      5e:	cd bf       	out	0x3d, r28	; 61

00000060 <__do_copy_data>:
      60:	15 e0       	ldi	r17, 0x05	; 5

00000062 <.Loc.1>:
      62:	a0 e6       	ldi	r26, 0x60	; 96

00000064 <.Loc.2>:
      64:	b0 e0       	ldi	r27, 0x00	; 0

00000066 <.Loc.3>:
      66:	e0 e2       	ldi	r30, 0x20	; 32

00000068 <.Loc.4>:
      68:	f7 e3       	ldi	r31, 0x37	; 55

0000006a <.Loc.5>:
      6a:	02 c0       	rjmp	.+4      	; 0x70 <.L__do_copy_data_start>

0000006c <.L__do_copy_data_loop>:
      6c:	05 90       	lpm	r0, Z+

0000006e <.Loc.7>:
      6e:	0d 92       	st	X+, r0

00000070 <.L__do_copy_data_start>:
      70:	a0 32       	cpi	r26, 0x20	; 32

00000072 <.Loc.9>:
      72:	b1 07       	cpc	r27, r17

00000074 <.Loc.10>:
      74:	d9 f7       	brne	.-10     	; 0x6c <.L__do_copy_data_loop>

00000076 <__do_clear_bss>:
      76:	27 e0       	ldi	r18, 0x07	; 7

00000078 <.Loc.1>:
      78:	a0 e2       	ldi	r26, 0x20	; 32

0000007a <.Loc.2>:
      7a:	b5 e0       	ldi	r27, 0x05	; 5

0000007c <.Loc.3>:
      7c:	01 c0       	rjmp	.+2      	; 0x80 <.Loc.5>

0000007e <.Loc.4>:
      7e:	1d 92       	st	X+, r1

00000080 <.Loc.5>:
      80:	a9 3a       	cpi	r26, 0xA9	; 169

00000082 <.Loc.6>:
      82:	b2 07       	cpc	r27, r18

00000084 <.Loc.7>:
      84:	e1 f7       	brne	.-8      	; 0x7e <.Loc.4>

00000086 <L0^A>:
      86:	0e 94 fa 0f 	call	0x1ff4	; 0x1ff4 <main>
      8a:	0c 94 8e 1b 	jmp	0x371c	; 0x371c <_exit>

0000008e <__bad_interrupt>:
      8e:	0c 94 00 00 	jmp	0	; 0x0 <__vectors>

00000092 <integer_to_arraybcd_msb_lsb>:
}
#endif

#ifdef _int2arrayBCD_MSB2LSB_
int integer_to_arraybcd_msb_lsb(int binaryInput, unsigned char *output)
{
      92:	ef 92       	push	r14
      94:	ff 92       	push	r15
      96:	0f 93       	push	r16
      98:	1f 93       	push	r17
      9a:	cf 93       	push	r28
      9c:	df 93       	push	r29
      9e:	9c 01       	movw	r18, r24
      a0:	eb 01       	movw	r28, r22

000000a2 <.LVL1>:
	int num_digits=0;
	//if is negative, then return with number of digits equal to 0
    if (binaryInput<0)
    {
        return num_digits;//0;
      a2:	e0 e0       	ldi	r30, 0x00	; 0
      a4:	f0 e0       	ldi	r31, 0x00	; 0

000000a6 <.Loc.5>:
    if (binaryInput<0)
      a6:	97 fd       	sbrc	r25, 7
      a8:	1e c0       	rjmp	.+60     	; 0xe6 <.L1>
      aa:	8b 01       	movw	r16, r22
      ac:	7b 01       	movw	r14, r22

000000ae <.Loc.6>:
	int num_digits=0;
      ae:	e0 e0       	ldi	r30, 0x00	; 0
      b0:	f0 e0       	ldi	r31, 0x00	; 0

000000b2 <.L3>:

    //if is >0, at least the number of digits must be 1 onwards
    //int shift=0;
    do
    {
      int x = (binaryInput % 10);
      b2:	c9 01       	movw	r24, r18
      b4:	6a e0       	ldi	r22, 0x0A	; 10
      b6:	70 e0       	ldi	r23, 0x00	; 0
      b8:	0e 94 8c 18 	call	0x3118	; 0x3118 <__divmodhi4>

000000bc <.Loc.9>:
      //int y = x<< (shift++ << 2);
      //bcdResult |= y;
      output[num_digits++] = x;
      bc:	af 01       	movw	r20, r30

000000be <.Loc.10>:
      be:	31 96       	adiw	r30, 0x01	; 1

000000c0 <.Loc.11>:
      c0:	d7 01       	movw	r26, r14
      c2:	8d 93       	st	X+, r24
      c4:	7d 01       	movw	r14, r26

000000c6 <.Loc.12>:
      binaryInput /= 10;
      c6:	c9 01       	movw	r24, r18

000000c8 <.Loc.13>:
      c8:	9b 01       	movw	r18, r22

000000ca <.LBE2>:
   }while (binaryInput > 0);
      ca:	0a 97       	sbiw	r24, 0x0a	; 10
      cc:	94 f7       	brge	.-28     	; 0xb2 <.L3>

000000ce <.LBB3>:
   if (1)//(shift > 0)
   {
       int k = num_digits>>1;//div por 2
       int z = num_digits-1;
       unsigned char tmp;
        for (int i=0; i<k; i++)
      ce:	da 01       	movw	r26, r20
      d0:	ac 0f       	add	r26, r28
      d2:	bd 1f       	adc	r27, r29

000000d4 <.Loc.23>:
       int k = num_digits>>1;//div por 2
      d4:	cf 01       	movw	r24, r30
      d6:	95 95       	asr	r25
      d8:	87 95       	ror	r24

000000da <.Loc.24>:
      da:	ae 01       	movw	r20, r28

000000dc <.Loc.25>:
      dc:	48 0f       	add	r20, r24
      de:	59 1f       	adc	r21, r25

000000e0 <.L4>:
        for (int i=0; i<k; i++)
      e0:	04 17       	cp	r16, r20
      e2:	15 07       	cpc	r17, r21
      e4:	41 f4       	brne	.+16     	; 0xf6 <.L5>

000000e6 <.L1>:
            z--;
        }
   }
   //
   return num_digits;
}
      e6:	cf 01       	movw	r24, r30
      e8:	df 91       	pop	r29
      ea:	cf 91       	pop	r28
      ec:	1f 91       	pop	r17
      ee:	0f 91       	pop	r16
      f0:	ff 90       	pop	r15
      f2:	ef 90       	pop	r14
      f4:	08 95       	ret

000000f6 <.L5>:
            tmp = output[i];
      f6:	e8 01       	movw	r28, r16
      f8:	89 91       	ld	r24, Y+
      fa:	8e 01       	movw	r16, r28

000000fc <.LVL13>:
            output[i] = output[z];
      fc:	9c 91       	ld	r25, X

000000fe <.Loc.33>:
      fe:	9e 01       	movw	r18, r28
     100:	21 50       	subi	r18, 0x01	; 1
     102:	31 09       	sbc	r19, r1
     104:	e9 01       	movw	r28, r18
     106:	98 83       	st	Y, r25

00000108 <.Loc.34>:
            output[z] = tmp;
     108:	8c 93       	st	X, r24

0000010a <.Loc.36>:
        for (int i=0; i<k; i++)
     10a:	11 97       	sbiw	r26, 0x01	; 1
     10c:	e9 cf       	rjmp	.-46     	; 0xe0 <.L4>

0000010e <paddingLeftw_>:
 */

#if defined (_paddingLeftwBlanks_) || defined (_paddingLeftwZeroes_)

int8_t paddingLeftw_(char *istr, int ndigs_format, char c)
{
     10e:	af 92       	push	r10
     110:	bf 92       	push	r11
     112:	cf 92       	push	r12
     114:	df 92       	push	r13
     116:	ef 92       	push	r14
     118:	ff 92       	push	r15
     11a:	0f 93       	push	r16
     11c:	1f 93       	push	r17
     11e:	cf 93       	push	r28
     120:	df 93       	push	r29
     122:	00 d0       	rcall	.+0      	; 0x124 <L0^A>

00000124 <L0^A>:
     124:	00 d0       	rcall	.+0      	; 0x126 <L0^A>

00000126 <L0^A>:
     126:	0f 92       	push	r0
     128:	cd b7       	in	r28, 0x3d	; 61
     12a:	de b7       	in	r29, 0x3e	; 62
     12c:	8c 83       	std	Y+4, r24	; 0x04
     12e:	9d 83       	std	Y+5, r25	; 0x05
     130:	8b 01       	movw	r16, r22
     132:	4b 83       	std	Y+3, r20	; 0x03

00000134 <.Loc.41>:
	if (ndigs_format < strlen(istr) )
     134:	fc 01       	movw	r30, r24

00000136 <.L0^B1>:
     136:	01 90       	ld	r0, Z+
     138:	00 20       	and	r0, r0
     13a:	e9 f7       	brne	.-6      	; 0x136 <.L0^B1>
     13c:	31 97       	sbiw	r30, 0x01	; 1
     13e:	e8 1b       	sub	r30, r24
     140:	f9 0b       	sbc	r31, r25

00000142 <.Loc.43>:
     142:	6e 17       	cp	r22, r30
     144:	7f 07       	cpc	r23, r31
     146:	48 f0       	brcs	.+18     	; 0x15a <.L24>
     148:	6c 01       	movw	r12, r24
     14a:	fc 01       	movw	r30, r24

0000014c <.Loc.44>:
			return 0;

		//find position '\0'
		int cz;
		for (cz=0; cz<ndigs_format; cz++)
     14c:	80 e0       	ldi	r24, 0x00	; 0

0000014e <.Loc.45>:
     14e:	90 e0       	ldi	r25, 0x00	; 0

00000150 <.L10>:
     150:	80 17       	cp	r24, r16
     152:	91 07       	cpc	r25, r17
     154:	24 f0       	brlt	.+8      	; 0x15e <.L14>

00000156 <.Loc.47>:
			if (istr[cz] == '\0')
				break;
		//count zeroes found >0

		if ( (cz == 0) || (cz == ndigs_format) )
     156:	00 97       	sbiw	r24, 0x00	; 0
     158:	51 f4       	brne	.+20     	; 0x16e <.L26>

0000015a <.L24>:
			return 0;
     15a:	80 e0       	ldi	r24, 0x00	; 0
     15c:	23 c0       	rjmp	.+70     	; 0x1a4 <.L8>

0000015e <.L14>:
			if (istr[cz] == '\0')
     15e:	20 81       	ld	r18, Z
     160:	21 11       	cpse	r18, r1
     162:	02 c0       	rjmp	.+4      	; 0x168 <.L25>

00000164 <.Loc.52>:
		if ( (cz == 0) || (cz == ndigs_format) )
     164:	00 97       	sbiw	r24, 0x00	; 0
     166:	05 c0       	rjmp	.+10     	; 0x172 <.L28>

00000168 <.L25>:
     168:	31 96       	adiw	r30, 0x01	; 1

0000016a <.Loc.55>:
		for (cz=0; cz<ndigs_format; cz++)
     16a:	01 96       	adiw	r24, 0x01	; 1

0000016c <.Loc.56>:
     16c:	f1 cf       	rjmp	.-30     	; 0x150 <.L10>

0000016e <.L26>:
		if ( (cz == 0) || (cz == ndigs_format) )
     16e:	80 17       	cp	r24, r16
     170:	91 07       	cpc	r25, r17

00000172 <.L28>:
     172:	99 f3       	breq	.-26     	; 0x15a <.L24>

00000174 <.Loc.59>:
				return 0;

		istr[ndigs_format] = '\0';
     174:	ec 81       	ldd	r30, Y+4	; 0x04
     176:	fd 81       	ldd	r31, Y+5	; 0x05
     178:	e0 0f       	add	r30, r16
     17a:	f1 1f       	adc	r31, r17
     17c:	10 82       	st	Z, r1

0000017e <.LBB8>:

		//move >>
		for (int i=0; i< ndigs_format-cz; i++)
     17e:	e1 2c       	mov	r14, r1
     180:	f1 2c       	mov	r15, r1

00000182 <.Loc.64>:
     182:	58 01       	movw	r10, r16
     184:	a8 1a       	sub	r10, r24
     186:	b9 0a       	sbc	r11, r25

00000188 <.LBB9>:
		{
			for (int j = ndigs_format-1; j>=0; j--)
			{
				istr[j] = istr[j-1];
     188:	8c 81       	ldd	r24, Y+4	; 0x04

0000018a <.Loc.66>:
     18a:	9d 81       	ldd	r25, Y+5	; 0x05
     18c:	01 97       	sbiw	r24, 0x01	; 1
     18e:	89 83       	std	Y+1, r24	; 0x01
     190:	9a 83       	std	Y+2, r25	; 0x02

00000192 <.L16>:
		for (int i=0; i< ndigs_format-cz; i++)
     192:	ea 14       	cp	r14, r10
     194:	fb 04       	cpc	r15, r11
     196:	b4 f0       	brlt	.+44     	; 0x1c4 <.L17>

00000198 <.LBB11>:
			}
		}
		//complete with 'c' to left
		for (int i=0; i < ndigs_format-cz; i++)
     198:	80 e0       	ldi	r24, 0x00	; 0
     19a:	90 e0       	ldi	r25, 0x00	; 0

0000019c <.L18>:
     19c:	8a 15       	cp	r24, r10
     19e:	9b 05       	cpc	r25, r11
     1a0:	e4 f0       	brlt	.+56     	; 0x1da <.L19>

000001a2 <.Loc.71>:
			istr[i]=c;

		return 1;
     1a2:	81 e0       	ldi	r24, 0x01	; 1

000001a4 <.L8>:
	}
     1a4:	0f 90       	pop	r0
     1a6:	0f 90       	pop	r0
     1a8:	0f 90       	pop	r0
     1aa:	0f 90       	pop	r0
     1ac:	0f 90       	pop	r0
     1ae:	df 91       	pop	r29
     1b0:	cf 91       	pop	r28
     1b2:	1f 91       	pop	r17
     1b4:	0f 91       	pop	r16

000001b6 <.Loc.73>:
     1b6:	ff 90       	pop	r15
     1b8:	ef 90       	pop	r14
     1ba:	df 90       	pop	r13
     1bc:	cf 90       	pop	r12
     1be:	bf 90       	pop	r11
     1c0:	af 90       	pop	r10
     1c2:	08 95       	ret

000001c4 <.L17>:
				istr[j] = istr[j-1];
     1c4:	a8 01       	movw	r20, r16
     1c6:	69 81       	ldd	r22, Y+1	; 0x01
     1c8:	7a 81       	ldd	r23, Y+2	; 0x02
     1ca:	8c 81       	ldd	r24, Y+4	; 0x04
     1cc:	9d 81       	ldd	r25, Y+5	; 0x05
     1ce:	0e 94 33 1b 	call	0x3666	; 0x3666 <memmove>

000001d2 <.LVL29>:
		for (int i=0; i< ndigs_format-cz; i++)
     1d2:	9f ef       	ldi	r25, 0xFF	; 255
     1d4:	e9 1a       	sub	r14, r25
     1d6:	f9 0a       	sbc	r15, r25

000001d8 <.Loc.80>:
     1d8:	dc cf       	rjmp	.-72     	; 0x192 <.L16>

000001da <.L19>:
			istr[i]=c;
     1da:	f6 01       	movw	r30, r12
     1dc:	2b 81       	ldd	r18, Y+3	; 0x03
     1de:	21 93       	st	Z+, r18
     1e0:	6f 01       	movw	r12, r30

000001e2 <.Loc.84>:
		for (int i=0; i < ndigs_format-cz; i++)
     1e2:	01 96       	adiw	r24, 0x01	; 1

000001e4 <.Loc.85>:
     1e4:	db cf       	rjmp	.-74     	; 0x19c <.L18>

000001e6 <paddingLeftwZeroes>:

	#ifdef _paddingLeftwZeroes_
	int8_t paddingLeftwZeroes(char *istr, int ndigs_format)
	{
		return paddingLeftw_(istr, ndigs_format, '0');
     1e6:	40 e3       	ldi	r20, 0x30	; 48
     1e8:	0c 94 87 00 	jmp	0x10e	; 0x10e <paddingLeftw_>

000001ec <paddingLeftwBlanks>:
	#endif

	#ifdef _paddingLeftwBlanks_
	int8_t paddingLeftwBlanks(char *istr, int ndigs_format)
	{
		return paddingLeftw_(istr, ndigs_format, ' ');
     1ec:	40 e2       	ldi	r20, 0x20	; 32
     1ee:	0c 94 87 00 	jmp	0x10e	; 0x10e <paddingLeftw_>

000001f2 <USART_Init>:
#include "../serial/serial.h"

void USART_Init( unsigned int ubrr)
{
    /*Set baud rate */
    UBRRH = (unsigned char)(ubrr>>8);
     1f2:	90 bd       	out	0x20, r25	; 32

000001f4 <.Loc.3>:
    UBRRL = (unsigned char)ubrr;
     1f4:	89 b9       	out	0x09, r24	; 9

000001f6 <.Loc.5>:
    /*Enable receiver and transmitter */
    UCSRB = (0<<RXEN)|(1<<TXEN) | (0<<RXCIE);//Enable interrupt;
     1f6:	88 e0       	ldi	r24, 0x08	; 8

000001f8 <.Loc.7>:
     1f8:	8a b9       	out	0x0a, r24	; 10

000001fa <.Loc.8>:
    /* Set frame format: 8data, 1stop bit */
    //UCSRC = (0<<USBS)|(3<<UCSZ0);
    //UCSRC = (1<<URSEL)|(0<<USBS)|(3<<UCSZ0);
    UCSRB = (1<<RXEN)|(1<<TXEN);
     1fa:	88 e1       	ldi	r24, 0x18	; 24
     1fc:	8a b9       	out	0x0a, r24	; 10

000001fe <.Loc.10>:
    /* Set frame format: 8data, 2stop bit */
    UCSRC = (1<<URSEL)|(0<<USBS)|(3<<UCSZ0);
     1fe:	86 e8       	ldi	r24, 0x86	; 134
     200:	80 bd       	out	0x20, r24	; 32

00000202 <.Loc.12>:

    //
    //UCSRA = 1<<U2X;
}
     202:	08 95       	ret

00000204 <USART_Transmit>:
void USART_Transmit( unsigned char data )
{
    /* Wait for empty transmit buffer */
    while ( !( UCSRA & (1<<UDRE)) )
     204:	5d 9b       	sbis	0x0b, 5	; 11
     206:	fe cf       	rjmp	.-4      	; 0x204 <USART_Transmit>

00000208 <.Loc.15>:
        ;
    /* Put data into buffer, sends the data */
    UDR = data;
     208:	8c b9       	out	0x0c, r24	; 12

0000020a <.Loc.17>:
}
     20a:	08 95       	ret

0000020c <USART_Receive>:
unsigned char USART_Receive( void )
{
    /* Wait for data to be received */
    while ( !(UCSRA & (1<<RXC)) )
     20c:	5f 9b       	sbis	0x0b, 7	; 11
     20e:	fe cf       	rjmp	.-4      	; 0x20c <USART_Receive>

00000210 <.Loc.20>:
        ;
    /* Get and return received data from buffer */
    return UDR;
     210:	8c b1       	in	r24, 0x0c	; 12

00000212 <.Loc.22>:
}
     212:	08 95       	ret

00000214 <USART_RX_vect>:
//    unsigned char dummy;
//    while ( UCSR0A & (1<<RXC0) ) dummy = UDR0;
//}

ISR(USART_RX_vect)
{
     214:	1f 92       	push	r1
     216:	0f 92       	push	r0
     218:	0f b6       	in	r0, 0x3f	; 63
     21a:	0f 92       	push	r0
     21c:	11 24       	eor	r1, r1
     21e:	2f 93       	push	r18
     220:	3f 93       	push	r19
     222:	4f 93       	push	r20
     224:	5f 93       	push	r21
     226:	6f 93       	push	r22
     228:	7f 93       	push	r23
     22a:	8f 93       	push	r24
     22c:	9f 93       	push	r25
     22e:	af 93       	push	r26
     230:	bf 93       	push	r27
     232:	ef 93       	push	r30
     234:	ff 93       	push	r31

00000236 <.Loc.24>:
    //uint8_t _udr_rx = UDR0;
    //USART_Transmit(_udr_rx);
    //uint8_t u = UDR;
    rx_handler();
     236:	0e 94 33 04 	call	0x866	; 0x866 <rx_handler>

0000023a <.LVL3>:
}
     23a:	ff 91       	pop	r31
     23c:	ef 91       	pop	r30
     23e:	bf 91       	pop	r27
     240:	af 91       	pop	r26
     242:	9f 91       	pop	r25
     244:	8f 91       	pop	r24
     246:	7f 91       	pop	r23
     248:	6f 91       	pop	r22
     24a:	5f 91       	pop	r21
     24c:	4f 91       	pop	r20
     24e:	3f 91       	pop	r19
     250:	2f 91       	pop	r18
     252:	0f 90       	pop	r0
     254:	0f be       	out	0x3f, r0	; 63
     256:	0f 90       	pop	r0
     258:	1f 90       	pop	r1
     25a:	18 95       	reti

0000025c <usart_print_string>:
//////////////////////////////////////////////

void usart_print_string(const char *p)
{
     25c:	cf 93       	push	r28
     25e:	df 93       	push	r29
     260:	ec 01       	movw	r28, r24

00000262 <.L11>:
    while (*p)
     262:	88 81       	ld	r24, Y
     264:	81 11       	cpse	r24, r1
     266:	03 c0       	rjmp	.+6      	; 0x26e <.L12>

00000268 <.Loc.30>:
    {
        USART_Transmit(*p);
        p++;
    }
}
     268:	df 91       	pop	r29
     26a:	cf 91       	pop	r28

0000026c <.Loc.31>:
     26c:	08 95       	ret

0000026e <.L12>:
     26e:	21 96       	adiw	r28, 0x01	; 1

00000270 <.Loc.33>:
        USART_Transmit(*p);
     270:	0e 94 02 01 	call	0x204	; 0x204 <USART_Transmit>

00000274 <.LVL9>:
        p++;
     274:	f6 cf       	rjmp	.-20     	; 0x262 <.L11>

00000276 <usart_println_string>:

void usart_println_string(const char *p)
{
    usart_print_string(p);
     276:	0e 94 2e 01 	call	0x25c	; 0x25c <usart_print_string>

0000027a <.LVL11>:
    USART_Transmit('\n');
     27a:	8a e0       	ldi	r24, 0x0A	; 10
     27c:	0c 94 02 01 	jmp	0x204	; 0x204 <USART_Transmit>

00000280 <usart_print_PSTRstring>:

#if defined(__GNUC__) && defined(__AVR__)
    #include <avr/pgmspace.h>

    void usart_print_PSTRstring(const char *p)
    {
     280:	cf 93       	push	r28
     282:	df 93       	push	r29
     284:	ec 01       	movw	r28, r24

00000286 <.L16>:
        char c;

        while (1)
        {
            c = pgm_read_byte_near(p);
     286:	fe 01       	movw	r30, r28
     288:	84 91       	lpm	r24, Z

0000028a <.LBE2>:
            if (c == '\0')
     28a:	81 15       	cp	r24, r1
     28c:	21 f0       	breq	.+8      	; 0x296 <.L14>

0000028e <.Loc.50>:
                break;
            else
                USART_Transmit(c);
     28e:	0e 94 02 01 	call	0x204	; 0x204 <USART_Transmit>

00000292 <.LVL16>:
            p++;
     292:	21 96       	adiw	r28, 0x01	; 1

00000294 <.Loc.53>:
            c = pgm_read_byte_near(p);
     294:	f8 cf       	rjmp	.-16     	; 0x286 <.L16>

00000296 <.L14>:
        }
    }
     296:	df 91       	pop	r29
     298:	cf 91       	pop	r28

0000029a <.Loc.56>:
     29a:	08 95       	ret

0000029c <usart_println_PSTRstring>:

    void usart_println_PSTRstring(const char *p)
    {
        usart_print_PSTRstring(p);
     29c:	0e 94 40 01 	call	0x280	; 0x280 <usart_print_PSTRstring>

000002a0 <.LVL21>:
        USART_Transmit('\n');
     2a0:	8a e0       	ldi	r24, 0x0A	; 10
     2a2:	0c 94 02 01 	jmp	0x204	; 0x204 <USART_Transmit>

000002a6 <time_set>:
#include <stdlib.h>
#include "timing.h"

void time_set(struct _t *pt)
{
}
     2a6:	08 95       	ret

000002a8 <time_dec>:

/*
 * return: 1 if 0:0:0
 */
int8_t time_dec(struct _t *pt)
{
     2a8:	fc 01       	movw	r30, r24

000002aa <.Loc.4>:
				#endif
				return 1;//time is already 00:00:00
		//

	#else
		if (pt->sec == TIME_SEC_NUMMIN)
     2aa:	81 81       	ldd	r24, Z+1	; 0x01

000002ac <.Loc.6>:
     2ac:	81 11       	cpse	r24, r1
     2ae:	03 c0       	rjmp	.+6      	; 0x2b6 <.L3>

000002b0 <.Loc.7>:
				if (pt->min == TIME_MINUTES_NUMMIN)
     2b0:	90 81       	ld	r25, Z
     2b2:	91 15       	cp	r25, r1
     2b4:	91 f0       	breq	.+36     	; 0x2da <.L9>

000002b6 <.L3>:
					#endif
					return 1;//time is already 00:00:00
	#endif

	//Anything to do
	pt->sec--;
     2b6:	81 50       	subi	r24, 0x01	; 1
     2b8:	81 83       	std	Z+1, r24	; 0x01

000002ba <.Loc.11>:
				#ifdef TIME_HOURS_EXIST
					if (pt->hour == pt->hour_limbottom)
				#endif
				return 1;//time is already 00:00:00
	#else
		if (pt->sec == TIME_SEC_NUMMIN)
     2ba:	81 15       	cp	r24, r1
     2bc:	31 f4       	brne	.+12     	; 0x2ca <.L5>

000002be <.Loc.13>:
				if (pt->min == TIME_MINUTES_NUMMIN)
     2be:	81 e0       	ldi	r24, 0x01	; 1
     2c0:	90 81       	ld	r25, Z
     2c2:	91 15       	cp	r25, r1
     2c4:	59 f0       	breq	.+22     	; 0x2dc <.L2>

000002c6 <.L8>:
			pt->min = TIME_MINUTES_NUMMAX;
			pt->hour--;
		}
		#endif
	}
	return 0;
     2c6:	80 e0       	ldi	r24, 0x00	; 0
     2c8:	08 95       	ret

000002ca <.L5>:
	if (pt->sec < TIME_SEC_NUMMIN)
     2ca:	0c f0       	brlt	.+2      	; 0x2ce <.L7>
     2cc:	fc cf       	rjmp	.-8      	; 0x2c6 <.L8>

000002ce <.L7>:
		pt->sec = TIME_SEC_NUMMAX;
     2ce:	8b e3       	ldi	r24, 0x3B	; 59
     2d0:	81 83       	std	Z+1, r24	; 0x01

000002d2 <.Loc.20>:
		pt->min--;
     2d2:	80 81       	ld	r24, Z
     2d4:	81 50       	subi	r24, 0x01	; 1
     2d6:	80 83       	st	Z, r24
     2d8:	f6 cf       	rjmp	.-20     	; 0x2c6 <.L8>

000002da <.L9>:
					return 1;//time is already 00:00:00
     2da:	81 e0       	ldi	r24, 0x01	; 1

000002dc <.L2>:
}
     2dc:	08 95       	ret

000002de <time_inc>:

/*
 * return: 1 if 0:0:0
 */
int8_t time_inc(struct _t *pt)
{
     2de:	fc 01       	movw	r30, r24

000002e0 <.Loc.26>:
				if (pt->min == pt->min_limtop)
					if (pt->sec > pt->sec_limtop)
						return 1;

	#else
		if (pt->sec == TIME_SEC_NUMMAX)
     2e0:	21 81       	ldd	r18, Z+1	; 0x01

000002e2 <.Loc.28>:
			if (pt->min == TIME_MINUTES_NUMMAX)
     2e2:	90 81       	ld	r25, Z

000002e4 <.Loc.29>:
		if (pt->sec == TIME_SEC_NUMMAX)
     2e4:	2b 33       	cpi	r18, 0x3B	; 59
     2e6:	21 f4       	brne	.+8      	; 0x2f0 <.L14>

000002e8 <.Loc.30>:
			if (pt->min == TIME_MINUTES_NUMMAX)
     2e8:	9b 33       	cpi	r25, 0x3B	; 59
     2ea:	31 f4       	brne	.+12     	; 0x2f8 <.L30>

000002ec <.L25>:
				#ifdef TIME_HOURS_EXIST
					if (pt->hour == TIME_HOURS_NUMMAX)
				#endif
				return 1;
     2ec:	81 e0       	ldi	r24, 0x01	; 1

000002ee <.Loc.33>:
     2ee:	08 95       	ret

000002f0 <.L14>:

		#ifdef TIME_HOURS_EXIST
			if (pt->hour > TIME_HOURS_NUMMAX)
				return 1;
		#endif
			if (pt->min > TIME_MINUTES_NUMMAX)
     2f0:	9b 33       	cpi	r25, 0x3B	; 59
     2f2:	1c f0       	brlt	.+6      	; 0x2fa <.L17>

000002f4 <.Loc.36>:
				return 1;
			else
				if (pt->min == TIME_MINUTES_NUMMAX)
     2f4:	d9 f7       	brne	.-10     	; 0x2ec <.L25>

000002f6 <.Loc.38>:
					if (pt->sec > TIME_SEC_NUMMAX)
     2f6:	2c 33       	cpi	r18, 0x3C	; 60

000002f8 <.L30>:
     2f8:	cc f7       	brge	.-14     	; 0x2ec <.L25>

000002fa <.L17>:
						return 1;
	#endif

	//Anything to do
	pt->sec++;
     2fa:	2f 5f       	subi	r18, 0xFF	; 255
     2fc:	21 83       	std	Z+1, r18	; 0x01

000002fe <.Loc.42>:
				#ifdef TIME_HOURS_EXIST
					if (pt->hour == pt->hour_limtop)
				#endif
						return 1;//time is already 00:00:00
	#else
		if (pt->sec == TIME_SEC_NUMMAX)
     2fe:	2b 33       	cpi	r18, 0x3B	; 59
     300:	29 f4       	brne	.+10     	; 0x30c <.L18>

00000302 <.Loc.44>:
			if (pt->min == TIME_MINUTES_NUMMAX)
     302:	81 e0       	ldi	r24, 0x01	; 1

00000304 <.Loc.46>:
     304:	9b 33       	cpi	r25, 0x3B	; 59
     306:	41 f0       	breq	.+16     	; 0x318 <.L13>

00000308 <.L21>:
			pt->hour++;
		}
		#endif

	}
	return 0;
     308:	80 e0       	ldi	r24, 0x00	; 0
     30a:	08 95       	ret

0000030c <.L18>:
	if (pt->sec > TIME_SEC_NUMMAX)
     30c:	0c f4       	brge	.+2      	; 0x310 <.L20>
     30e:	fc cf       	rjmp	.-8      	; 0x308 <.L21>

00000310 <.L20>:
		pt->sec = TIME_SEC_NUMMIN;
     310:	11 82       	std	Z+1, r1	; 0x01

00000312 <.Loc.52>:
		pt->min++;
     312:	9f 5f       	subi	r25, 0xFF	; 255
     314:	90 83       	st	Z, r25
     316:	f8 cf       	rjmp	.-16     	; 0x308 <.L21>

00000318 <.L13>:
}
     318:	08 95       	ret

0000031a <termopile_job>:
	return 0;
}


int8_t termopile_job(void)
{
     31a:	cf 93       	push	r28
     31c:	df 93       	push	r29
     31e:	00 d0       	rcall	.+0      	; 0x320 <L0^A>

00000320 <L0^A>:
     320:	00 d0       	rcall	.+0      	; 0x322 <L0^A>

00000322 <L0^A>:
     322:	cd b7       	in	r28, 0x3d	; 61
     324:	de b7       	in	r29, 0x3e	; 62

00000326 <.LVL0>:
	int8_t codret = 0;

	float smoothAnswer = 0;
     326:	19 82       	std	Y+1, r1	; 0x01
     328:	1a 82       	std	Y+2, r1	; 0x02
     32a:	1b 82       	std	Y+3, r1	; 0x03
     32c:	1c 82       	std	Y+4, r1	; 0x04

0000032e <.Loc.4>:

	if (termopila.sm0 == 0)
     32e:	80 91 22 05 	lds	r24, 0x0522	; 0x800522 <termopila>
     332:	90 91 23 05 	lds	r25, 0x0523	; 0x800523 <termopila+0x1>
     336:	89 2b       	or	r24, r25
     338:	39 f5       	brne	.+78     	; 0x388 <.L2>

0000033a <.LBB4>:
	uint8_t adclow = ADCL;
     33a:	44 b1       	in	r20, 0x04	; 4

0000033c <.LVL1>:
	uint16_t adc16 = (((uint16_t)ADCH)<<8) + adclow;
     33c:	25 b1       	in	r18, 0x05	; 5

0000033e <.LVL2>:
	smoothVector[job_captureTermopile.counter0] = adc16;
     33e:	80 91 1f 07 	lds	r24, 0x071F	; 0x80071f <job_captureTermopile+0x1>
     342:	90 91 20 07 	lds	r25, 0x0720	; 0x800720 <job_captureTermopile+0x2>

00000346 <.Loc.14>:
     346:	fc 01       	movw	r30, r24
     348:	ee 0f       	add	r30, r30
     34a:	ff 1f       	adc	r31, r31
     34c:	eb 5b       	subi	r30, 0xBB	; 187
     34e:	fa 4f       	sbci	r31, 0xFA	; 250
     350:	40 83       	st	Z, r20
     352:	21 83       	std	Z+1, r18	; 0x01

00000354 <.Loc.15>:
	if (++job_captureTermopile.counter0 >= TERMOPILE_SMOOTHALG_MAXSIZE)
     354:	01 96       	adiw	r24, 0x01	; 1

00000356 <.Loc.17>:
     356:	8c 33       	cpi	r24, 0x3C	; 60
     358:	91 05       	cpc	r25, r1
     35a:	60 f4       	brcc	.+24     	; 0x374 <.L3>
     35c:	80 93 1f 07 	sts	0x071F, r24	; 0x80071f <job_captureTermopile+0x1>
     360:	90 93 20 07 	sts	0x0720, r25	; 0x800720 <job_captureTermopile+0x2>

00000364 <.L5>:
	int8_t codret = 0;
     364:	80 e0       	ldi	r24, 0x00	; 0

00000366 <.L1>:
			termopila.sm0 = 0x00;
			codret = 1;	//fin del proceso
		}
	}
	return codret;
}
     366:	0f 90       	pop	r0
     368:	0f 90       	pop	r0
     36a:	0f 90       	pop	r0
     36c:	0f 90       	pop	r0
     36e:	df 91       	pop	r29
     370:	cf 91       	pop	r28
     372:	08 95       	ret

00000374 <.L3>:
		job_captureTermopile.counter0 = 0x00;
     374:	10 92 1f 07 	sts	0x071F, r1	; 0x80071f <job_captureTermopile+0x1>
     378:	10 92 20 07 	sts	0x0720, r1	; 0x800720 <job_captureTermopile+0x2>

0000037c <.Loc.23>:
			termopila.sm0++;
     37c:	81 e0       	ldi	r24, 0x01	; 1
     37e:	80 93 22 05 	sts	0x0522, r24	; 0x800522 <termopila>
     382:	10 92 23 05 	sts	0x0523, r1	; 0x800523 <termopila+0x1>
     386:	ee cf       	rjmp	.-36     	; 0x364 <.L5>

00000388 <.L2>:
		if (smoothAlg_nonblock(&smoothAlg_termopile, smoothVector, TERMOPILE_SMOOTHALG_MAXSIZE, &smoothAnswer))
     388:	9e 01       	movw	r18, r28
     38a:	2f 5f       	subi	r18, 0xFF	; 255
     38c:	3f 4f       	sbci	r19, 0xFF	; 255
     38e:	4c e3       	ldi	r20, 0x3C	; 60
     390:	50 e0       	ldi	r21, 0x00	; 0
     392:	65 e4       	ldi	r22, 0x45	; 69
     394:	75 e0       	ldi	r23, 0x05	; 5
     396:	80 e3       	ldi	r24, 0x30	; 48
     398:	95 e0       	ldi	r25, 0x05	; 5
     39a:	0e 94 09 02 	call	0x412	; 0x412 <smoothAlg_nonblock>

0000039e <.LVL7>:
     39e:	81 15       	cp	r24, r1
     3a0:	09 f3       	breq	.-62     	; 0x364 <.L5>

000003a2 <.Loc.30>:
			if ( (uint16_t)smoothAnswer < (uint16_t)TERMOPILA_ADC_VALUE )
     3a2:	69 81       	ldd	r22, Y+1	; 0x01
     3a4:	7a 81       	ldd	r23, Y+2	; 0x02
     3a6:	8b 81       	ldd	r24, Y+3	; 0x03
     3a8:	9c 81       	ldd	r25, Y+4	; 0x04
     3aa:	0e 94 e0 19 	call	0x33c0	; 0x33c0 <__fixunssfsi>

000003ae <.LVL8>:
     3ae:	6b 33       	cpi	r22, 0x3B	; 59
     3b0:	71 05       	cpc	r23, r1
     3b2:	48 f4       	brcc	.+18     	; 0x3c6 <.L7>

000003b4 <.Loc.33>:
				termopila.error_counter++;
     3b4:	80 91 2a 05 	lds	r24, 0x052A	; 0x80052a <termopila+0x8>
     3b8:	90 91 2b 05 	lds	r25, 0x052B	; 0x80052b <termopila+0x9>
     3bc:	01 96       	adiw	r24, 0x01	; 1
     3be:	80 93 2a 05 	sts	0x052A, r24	; 0x80052a <termopila+0x8>
     3c2:	90 93 2b 05 	sts	0x052B, r25	; 0x80052b <termopila+0x9>

000003c6 <.L7>:
			if (++termopila.counter0 >= 2)
     3c6:	80 91 26 05 	lds	r24, 0x0526	; 0x800526 <termopila+0x4>
     3ca:	90 91 27 05 	lds	r25, 0x0527	; 0x800527 <termopila+0x5>
     3ce:	01 96       	adiw	r24, 0x01	; 1

000003d0 <.Loc.37>:
     3d0:	82 30       	cpi	r24, 0x02	; 2
     3d2:	91 05       	cpc	r25, r1
     3d4:	54 f4       	brge	.+20     	; 0x3ea <.L8>
     3d6:	80 93 26 05 	sts	0x0526, r24	; 0x800526 <termopila+0x4>
     3da:	90 93 27 05 	sts	0x0527, r25	; 0x800527 <termopila+0x5>

000003de <.L9>:
			termopila.sm0 = 0x00;
     3de:	10 92 22 05 	sts	0x0522, r1	; 0x800522 <termopila>
     3e2:	10 92 23 05 	sts	0x0523, r1	; 0x800523 <termopila+0x1>

000003e6 <.Loc.40>:
			codret = 1;	//fin del proceso
     3e6:	81 e0       	ldi	r24, 0x01	; 1

000003e8 <.Loc.42>:
	return codret;
     3e8:	be cf       	rjmp	.-132    	; 0x366 <.L1>

000003ea <.L8>:
				termopila.counter0 = 0;
     3ea:	10 92 26 05 	sts	0x0526, r1	; 0x800526 <termopila+0x4>
     3ee:	10 92 27 05 	sts	0x0527, r1	; 0x800527 <termopila+0x5>

000003f2 <.Loc.46>:
				if (termopila.error_counter >=2)
     3f2:	81 e0       	ldi	r24, 0x01	; 1
     3f4:	20 91 2a 05 	lds	r18, 0x052A	; 0x80052a <termopila+0x8>
     3f8:	30 91 2b 05 	lds	r19, 0x052B	; 0x80052b <termopila+0x9>
     3fc:	22 30       	cpi	r18, 0x02	; 2
     3fe:	31 05       	cpc	r19, r1
     400:	0c f4       	brge	.+2      	; 0x404 <.L10>
     402:	80 e0       	ldi	r24, 0x00	; 0

00000404 <.L10>:
					e.sensor[ERROR_IDX_THERMOPILE].code = 1;//ERROR
     404:	80 93 97 06 	sts	0x0697, r24	; 0x800697 <e+0x7>

00000408 <.Loc.49>:
				termopila.error_counter = 0;
     408:	10 92 2a 05 	sts	0x052A, r1	; 0x80052a <termopila+0x8>
     40c:	10 92 2b 05 	sts	0x052B, r1	; 0x80052b <termopila+0x9>
     410:	e6 cf       	rjmp	.-52     	; 0x3de <.L9>

00000412 <smoothAlg_nonblock>:
 */
#include <stdint.h>
#include "smoothAlg.h"

int8_t smoothAlg_nonblock(struct _smoothAlg *smooth, uint16_t *buffer, int SMOOTHALG_MAXSIZE, float *Answer)
{
     412:	8f 92       	push	r8
     414:	9f 92       	push	r9
     416:	af 92       	push	r10
     418:	bf 92       	push	r11
     41a:	cf 92       	push	r12
     41c:	df 92       	push	r13
     41e:	ef 92       	push	r14
     420:	ff 92       	push	r15
     422:	0f 93       	push	r16
     424:	1f 93       	push	r17
     426:	cf 93       	push	r28
     428:	df 93       	push	r29
     42a:	cd b7       	in	r28, 0x3d	; 61
     42c:	de b7       	in	r29, 0x3e	; 62
     42e:	28 97       	sbiw	r28, 0x08	; 8
     430:	0f b6       	in	r0, 0x3f	; 63
     432:	f8 94       	cli
     434:	de bf       	out	0x3e, r29	; 62
     436:	0f be       	out	0x3f, r0	; 63
     438:	cd bf       	out	0x3d, r28	; 61
     43a:	8f 83       	std	Y+7, r24	; 0x07
     43c:	98 87       	std	Y+8, r25	; 0x08
     43e:	8a 01       	movw	r16, r20
     440:	2d 83       	std	Y+5, r18	; 0x05
     442:	3e 83       	std	Y+6, r19	; 0x06

00000444 <.Loc.2>:
//	static int16_t Neg;	//# de elementos > que la media
//	static float TD;	//Total Deviation
//

	//1- Calculate media
	if (smooth->sm0 == 0)
     444:	fc 01       	movw	r30, r24
     446:	80 81       	ld	r24, Z

00000448 <.Loc.4>:
     448:	81 30       	cpi	r24, 0x01	; 1
     44a:	08 f0       	brcs	.+2      	; 0x44e <.Loc.5>

0000044c <L0^A>:
     44c:	47 c0       	rjmp	.+142    	; 0x4dc <.L2>

0000044e <.Loc.5>:
	{
		smooth->average = 0;
     44e:	13 82       	std	Z+3, r1	; 0x03
     450:	14 82       	std	Z+4, r1	; 0x04
     452:	15 82       	std	Z+5, r1	; 0x05
     454:	16 82       	std	Z+6, r1	; 0x06

00000456 <.Loc.7>:
		smooth->counter0 = 0x0;
     456:	11 82       	std	Z+1, r1	; 0x01
     458:	12 82       	std	Z+2, r1	; 0x02

0000045a <.Loc.10>:
		smooth->sm0++;
     45a:	81 e0       	ldi	r24, 0x01	; 1
     45c:	80 83       	st	Z, r24

0000045e <.L3>:
	}
	if (smooth->sm0 == 1)
	{
		smooth->average +=buffer[smooth->counter0];
     45e:	ef 81       	ldd	r30, Y+7	; 0x07

00000460 <.Loc.14>:
     460:	f8 85       	ldd	r31, Y+8	; 0x08
     462:	e1 80       	ldd	r14, Z+1	; 0x01
     464:	f2 80       	ldd	r15, Z+2	; 0x02

00000466 <.Loc.15>:
     466:	c7 01       	movw	r24, r14
     468:	88 0f       	add	r24, r24
     46a:	99 1f       	adc	r25, r25

0000046c <.Loc.16>:
     46c:	86 0f       	add	r24, r22
     46e:	97 1f       	adc	r25, r23

00000470 <.Loc.17>:
     470:	fc 01       	movw	r30, r24
     472:	60 81       	ld	r22, Z

00000474 <.Loc.18>:
     474:	71 81       	ldd	r23, Z+1	; 0x01
     476:	80 e0       	ldi	r24, 0x00	; 0
     478:	90 e0       	ldi	r25, 0x00	; 0
     47a:	0e 94 0f 1a 	call	0x341e	; 0x341e <__floatunsisf>

0000047e <.LVL5>:
     47e:	ef 81       	ldd	r30, Y+7	; 0x07
     480:	f8 85       	ldd	r31, Y+8	; 0x08
     482:	23 81       	ldd	r18, Z+3	; 0x03
     484:	34 81       	ldd	r19, Z+4	; 0x04
     486:	45 81       	ldd	r20, Z+5	; 0x05
     488:	56 81       	ldd	r21, Z+6	; 0x06
     48a:	0e 94 f6 18 	call	0x31ec	; 0x31ec <__addsf3>

0000048e <.LVL6>:
     48e:	4b 01       	movw	r8, r22
     490:	5c 01       	movw	r10, r24
     492:	ef 81       	ldd	r30, Y+7	; 0x07
     494:	f8 85       	ldd	r31, Y+8	; 0x08
     496:	63 83       	std	Z+3, r22	; 0x03
     498:	94 82       	std	Z+4, r9	; 0x04
     49a:	85 83       	std	Z+5, r24	; 0x05
     49c:	b6 82       	std	Z+6, r11	; 0x06

0000049e <.Loc.20>:

		if (++smooth->counter0 >= SMOOTHALG_MAXSIZE)
     49e:	ff ef       	ldi	r31, 0xFF	; 255
     4a0:	ef 1a       	sub	r14, r31
     4a2:	ff 0a       	sbc	r15, r31

000004a4 <.Loc.22>:
		{
			smooth->counter0 = 0x00;//bug fixed
     4a4:	ef 81       	ldd	r30, Y+7	; 0x07
     4a6:	f8 85       	ldd	r31, Y+8	; 0x08

000004a8 <.Loc.23>:
		if (++smooth->counter0 >= SMOOTHALG_MAXSIZE)
     4a8:	e0 16       	cp	r14, r16
     4aa:	f1 06       	cpc	r15, r17
     4ac:	08 f0       	brcs	.+2      	; 0x4b0 <L0^A+0x2>

000004ae <L0^A>:
     4ae:	94 c0       	rjmp	.+296    	; 0x5d8 <.L5>
     4b0:	e1 82       	std	Z+1, r14	; 0x01
     4b2:	f2 82       	std	Z+2, r15	; 0x02

000004b4 <.L6>:

			return 1;
			//
		}
	}
	return 0;
     4b4:	80 e0       	ldi	r24, 0x00	; 0

000004b6 <.L1>:
}
     4b6:	28 96       	adiw	r28, 0x08	; 8
     4b8:	0f b6       	in	r0, 0x3f	; 63
     4ba:	f8 94       	cli
     4bc:	de bf       	out	0x3e, r29	; 62
     4be:	0f be       	out	0x3f, r0	; 63
     4c0:	cd bf       	out	0x3d, r28	; 61
     4c2:	df 91       	pop	r29
     4c4:	cf 91       	pop	r28
     4c6:	1f 91       	pop	r17
     4c8:	0f 91       	pop	r16

000004ca <.Loc.26>:
     4ca:	ff 90       	pop	r15
     4cc:	ef 90       	pop	r14
     4ce:	df 90       	pop	r13
     4d0:	cf 90       	pop	r12
     4d2:	bf 90       	pop	r11
     4d4:	af 90       	pop	r10
     4d6:	9f 90       	pop	r9
     4d8:	8f 90       	pop	r8
     4da:	08 95       	ret

000004dc <.L2>:
	if (smooth->sm0 == 1)
     4dc:	09 f4       	brne	.+2      	; 0x4e0 <.Loc.29>

000004de <L0^A>:
     4de:	bf cf       	rjmp	.-130    	; 0x45e <.L3>

000004e0 <.Loc.29>:
	else if (smooth->sm0 == 2)
     4e0:	82 30       	cpi	r24, 0x02	; 2
     4e2:	41 f7       	brne	.-48     	; 0x4b4 <.L6>

000004e4 <.LBB2>:
		float x = buffer[smooth->counter0];//added
     4e4:	ef 81       	ldd	r30, Y+7	; 0x07

000004e6 <.Loc.33>:
     4e6:	f8 85       	ldd	r31, Y+8	; 0x08
     4e8:	81 80       	ldd	r8, Z+1	; 0x01
     4ea:	92 80       	ldd	r9, Z+2	; 0x02

000004ec <.Loc.34>:
     4ec:	54 01       	movw	r10, r8
     4ee:	aa 0c       	add	r10, r10
     4f0:	bb 1c       	adc	r11, r11
     4f2:	a6 0e       	add	r10, r22
     4f4:	b7 1e       	adc	r11, r23

000004f6 <.Loc.35>:
     4f6:	f5 01       	movw	r30, r10
     4f8:	60 81       	ld	r22, Z

000004fa <.Loc.36>:
     4fa:	71 81       	ldd	r23, Z+1	; 0x01
     4fc:	80 e0       	ldi	r24, 0x00	; 0
     4fe:	90 e0       	ldi	r25, 0x00	; 0
     500:	0e 94 0f 1a 	call	0x341e	; 0x341e <__floatunsisf>

00000504 <.LVL11>:
     504:	69 83       	std	Y+1, r22	; 0x01
     506:	7a 83       	std	Y+2, r23	; 0x02
     508:	8b 83       	std	Y+3, r24	; 0x03
     50a:	9c 83       	std	Y+4, r25	; 0x04

0000050c <.LVL12>:
		if (buffer[smooth->counter0] > smooth->average)
     50c:	ef 81       	ldd	r30, Y+7	; 0x07
     50e:	f8 85       	ldd	r31, Y+8	; 0x08
     510:	c3 80       	ldd	r12, Z+3	; 0x03
     512:	d4 80       	ldd	r13, Z+4	; 0x04
     514:	e5 80       	ldd	r14, Z+5	; 0x05
     516:	f6 80       	ldd	r15, Z+6	; 0x06

00000518 <.Loc.40>:
     518:	9b 01       	movw	r18, r22
     51a:	ac 01       	movw	r20, r24
     51c:	b6 01       	movw	r22, r12
     51e:	c7 01       	movw	r24, r14
     520:	0e 94 62 19 	call	0x32c4	; 0x32c4 <__cmpsf2>

00000524 <.LVL13>:
     524:	87 ff       	sbrs	r24, 7
     526:	1f c0       	rjmp	.+62     	; 0x566 <.L9>

00000528 <.Loc.41>:
			smooth->Pos++;
     528:	ef 81       	ldd	r30, Y+7	; 0x07
     52a:	f8 85       	ldd	r31, Y+8	; 0x08
     52c:	87 81       	ldd	r24, Z+7	; 0x07
     52e:	90 85       	ldd	r25, Z+8	; 0x08
     530:	01 96       	adiw	r24, 0x01	; 1
     532:	87 83       	std	Z+7, r24	; 0x07
     534:	90 87       	std	Z+8, r25	; 0x08

00000536 <.Loc.43>:
			smooth->TD_pos += ( x -smooth->average);//desviacion positiva //bug fixed
     536:	96 01       	movw	r18, r12
     538:	a7 01       	movw	r20, r14
     53a:	69 81       	ldd	r22, Y+1	; 0x01
     53c:	7a 81       	ldd	r23, Y+2	; 0x02
     53e:	8b 81       	ldd	r24, Y+3	; 0x03
     540:	9c 81       	ldd	r25, Y+4	; 0x04
     542:	0e 94 f5 18 	call	0x31ea	; 0x31ea <__subsf3>

00000546 <.LVL14>:
     546:	9b 01       	movw	r18, r22
     548:	ac 01       	movw	r20, r24

0000054a <.Loc.45>:
     54a:	ef 81       	ldd	r30, Y+7	; 0x07
     54c:	f8 85       	ldd	r31, Y+8	; 0x08
     54e:	63 85       	ldd	r22, Z+11	; 0x0b
     550:	74 85       	ldd	r23, Z+12	; 0x0c
     552:	85 85       	ldd	r24, Z+13	; 0x0d
     554:	96 85       	ldd	r25, Z+14	; 0x0e
     556:	0e 94 f6 18 	call	0x31ec	; 0x31ec <__addsf3>

0000055a <.LVL15>:
     55a:	ef 81       	ldd	r30, Y+7	; 0x07
     55c:	f8 85       	ldd	r31, Y+8	; 0x08
     55e:	63 87       	std	Z+11, r22	; 0x0b
     560:	74 87       	std	Z+12, r23	; 0x0c
     562:	85 87       	std	Z+13, r24	; 0x0d
     564:	96 87       	std	Z+14, r25	; 0x0e

00000566 <.L9>:
		if (buffer[smooth->counter0] < smooth->average)
     566:	f5 01       	movw	r30, r10
     568:	60 81       	ld	r22, Z
     56a:	71 81       	ldd	r23, Z+1	; 0x01
     56c:	80 e0       	ldi	r24, 0x00	; 0
     56e:	90 e0       	ldi	r25, 0x00	; 0
     570:	0e 94 0f 1a 	call	0x341e	; 0x341e <__floatunsisf>

00000574 <.LVL16>:
     574:	9b 01       	movw	r18, r22
     576:	ac 01       	movw	r20, r24

00000578 <.Loc.48>:
     578:	b6 01       	movw	r22, r12
     57a:	c7 01       	movw	r24, r14
     57c:	0e 94 c1 1a 	call	0x3582	; 0x3582 <__gesf2>

00000580 <.LVL17>:
     580:	18 16       	cp	r1, r24
     582:	fc f4       	brge	.+62     	; 0x5c2 <.L11>

00000584 <.Loc.49>:
			smooth->Neg++;
     584:	ef 81       	ldd	r30, Y+7	; 0x07
     586:	f8 85       	ldd	r31, Y+8	; 0x08
     588:	81 85       	ldd	r24, Z+9	; 0x09
     58a:	92 85       	ldd	r25, Z+10	; 0x0a
     58c:	01 96       	adiw	r24, 0x01	; 1
     58e:	81 87       	std	Z+9, r24	; 0x09
     590:	92 87       	std	Z+10, r25	; 0x0a

00000592 <.Loc.51>:
			smooth->TD_neg += ( smooth->average - x);	//desviacion negativo//bug fixed
     592:	29 81       	ldd	r18, Y+1	; 0x01
     594:	3a 81       	ldd	r19, Y+2	; 0x02
     596:	4b 81       	ldd	r20, Y+3	; 0x03
     598:	5c 81       	ldd	r21, Y+4	; 0x04
     59a:	b6 01       	movw	r22, r12
     59c:	c7 01       	movw	r24, r14
     59e:	0e 94 f5 18 	call	0x31ea	; 0x31ea <__subsf3>

000005a2 <.LVL18>:
     5a2:	9b 01       	movw	r18, r22
     5a4:	ac 01       	movw	r20, r24

000005a6 <.Loc.53>:
     5a6:	ef 81       	ldd	r30, Y+7	; 0x07
     5a8:	f8 85       	ldd	r31, Y+8	; 0x08
     5aa:	67 85       	ldd	r22, Z+15	; 0x0f
     5ac:	70 89       	ldd	r23, Z+16	; 0x10
     5ae:	81 89       	ldd	r24, Z+17	; 0x11
     5b0:	92 89       	ldd	r25, Z+18	; 0x12
     5b2:	0e 94 f6 18 	call	0x31ec	; 0x31ec <__addsf3>

000005b6 <.LVL19>:
     5b6:	ef 81       	ldd	r30, Y+7	; 0x07
     5b8:	f8 85       	ldd	r31, Y+8	; 0x08
     5ba:	67 87       	std	Z+15, r22	; 0x0f
     5bc:	70 8b       	std	Z+16, r23	; 0x10
     5be:	81 8b       	std	Z+17, r24	; 0x11
     5c0:	92 8b       	std	Z+18, r25	; 0x12

000005c2 <.L11>:
		if (++smooth->counter0 >= SMOOTHALG_MAXSIZE)
     5c2:	ff ef       	ldi	r31, 0xFF	; 255
     5c4:	8f 1a       	sub	r8, r31
     5c6:	9f 0a       	sbc	r9, r31

000005c8 <.LBB3>:
			smooth->counter0 = 0;
     5c8:	ef 81       	ldd	r30, Y+7	; 0x07
     5ca:	f8 85       	ldd	r31, Y+8	; 0x08

000005cc <.Loc.57>:
		if (++smooth->counter0 >= SMOOTHALG_MAXSIZE)
     5cc:	80 16       	cp	r8, r16
     5ce:	91 06       	cpc	r9, r17
     5d0:	30 f5       	brcc	.+76     	; 0x61e <.L13>
     5d2:	81 82       	std	Z+1, r8	; 0x01
     5d4:	92 82       	std	Z+2, r9	; 0x02
     5d6:	6e cf       	rjmp	.-292    	; 0x4b4 <.L6>

000005d8 <.L5>:
			smooth->counter0 = 0x00;//bug fixed
     5d8:	11 82       	std	Z+1, r1	; 0x01
     5da:	12 82       	std	Z+2, r1	; 0x02

000005dc <.Loc.61>:
			smooth->average /= SMOOTHALG_MAXSIZE;
     5dc:	b8 01       	movw	r22, r16
     5de:	11 0f       	add	r17, r17
     5e0:	88 0b       	sbc	r24, r24
     5e2:	98 2f       	mov	r25, r24
     5e4:	0e 94 11 1a 	call	0x3422	; 0x3422 <__floatsisf>

000005e8 <.LVL21>:
     5e8:	9b 01       	movw	r18, r22
     5ea:	ac 01       	movw	r20, r24
     5ec:	b4 01       	movw	r22, r8
     5ee:	c5 01       	movw	r24, r10
     5f0:	0e 94 67 19 	call	0x32ce	; 0x32ce <__divsf3>

000005f4 <.LVL22>:
     5f4:	ef 81       	ldd	r30, Y+7	; 0x07
     5f6:	f8 85       	ldd	r31, Y+8	; 0x08
     5f8:	63 83       	std	Z+3, r22	; 0x03
     5fa:	74 83       	std	Z+4, r23	; 0x04
     5fc:	85 83       	std	Z+5, r24	; 0x05
     5fe:	96 83       	std	Z+6, r25	; 0x06

00000600 <.Loc.63>:
			smooth->Pos = 0;
     600:	17 82       	std	Z+7, r1	; 0x07
     602:	10 86       	std	Z+8, r1	; 0x08

00000604 <.Loc.65>:
			smooth->Neg = 0;
     604:	11 86       	std	Z+9, r1	; 0x09
     606:	12 86       	std	Z+10, r1	; 0x0a

00000608 <.Loc.67>:
			smooth->TD_pos = 0;
     608:	13 86       	std	Z+11, r1	; 0x0b
     60a:	14 86       	std	Z+12, r1	; 0x0c
     60c:	15 86       	std	Z+13, r1	; 0x0d
     60e:	16 86       	std	Z+14, r1	; 0x0e

00000610 <.Loc.69>:
			smooth->TD_neg = 0;
     610:	17 86       	std	Z+15, r1	; 0x0f
     612:	10 8a       	std	Z+16, r1	; 0x10
     614:	11 8a       	std	Z+17, r1	; 0x11
     616:	12 8a       	std	Z+18, r1	; 0x12

00000618 <.Loc.71>:
			smooth->sm0++;
     618:	82 e0       	ldi	r24, 0x02	; 2
     61a:	80 83       	st	Z, r24
     61c:	4b cf       	rjmp	.-362    	; 0x4b4 <.L6>

0000061e <.L13>:
			smooth->counter0 = 0;
     61e:	11 82       	std	Z+1, r1	; 0x01
     620:	12 82       	std	Z+2, r1	; 0x02

00000622 <.Loc.75>:
			smooth->sm0 = 0;
     622:	10 82       	st	Z, r1

00000624 <.LVL24>:
			float correction = ( ((float)(smooth->Pos-smooth->Neg)) * TD_total)/ ((float)SMOOTHALG_MAXSIZE*(float)SMOOTHALG_MAXSIZE);
     624:	b8 01       	movw	r22, r16
     626:	11 0f       	add	r17, r17
     628:	88 0b       	sbc	r24, r24
     62a:	98 2f       	mov	r25, r24
     62c:	0e 94 11 1a 	call	0x3422	; 0x3422 <__floatsisf>

00000630 <.LVL25>:
     630:	4b 01       	movw	r8, r22
     632:	5c 01       	movw	r10, r24

00000634 <.LVL26>:
			float TD_total = smooth->TD_pos + smooth->TD_neg;
     634:	ef 81       	ldd	r30, Y+7	; 0x07
     636:	f8 85       	ldd	r31, Y+8	; 0x08
     638:	27 85       	ldd	r18, Z+15	; 0x0f
     63a:	30 89       	ldd	r19, Z+16	; 0x10
     63c:	41 89       	ldd	r20, Z+17	; 0x11
     63e:	52 89       	ldd	r21, Z+18	; 0x12
     640:	63 85       	ldd	r22, Z+11	; 0x0b
     642:	74 85       	ldd	r23, Z+12	; 0x0c
     644:	85 85       	ldd	r24, Z+13	; 0x0d
     646:	96 85       	ldd	r25, Z+14	; 0x0e
     648:	0e 94 f6 18 	call	0x31ec	; 0x31ec <__addsf3>

0000064c <.LVL27>:
     64c:	69 83       	std	Y+1, r22	; 0x01

0000064e <.Loc.84>:
     64e:	7a 83       	std	Y+2, r23	; 0x02
     650:	8b 83       	std	Y+3, r24	; 0x03
     652:	9c 83       	std	Y+4, r25	; 0x04

00000654 <.Loc.85>:
			float correction = ( ((float)(smooth->Pos-smooth->Neg)) * TD_total)/ ((float)SMOOTHALG_MAXSIZE*(float)SMOOTHALG_MAXSIZE);
     654:	ef 81       	ldd	r30, Y+7	; 0x07
     656:	f8 85       	ldd	r31, Y+8	; 0x08
     658:	67 81       	ldd	r22, Z+7	; 0x07
     65a:	70 85       	ldd	r23, Z+8	; 0x08
     65c:	81 85       	ldd	r24, Z+9	; 0x09
     65e:	92 85       	ldd	r25, Z+10	; 0x0a
     660:	68 1b       	sub	r22, r24
     662:	79 0b       	sbc	r23, r25

00000664 <.Loc.86>:
     664:	87 2f       	mov	r24, r23
     666:	88 0f       	add	r24, r24
     668:	88 0b       	sbc	r24, r24
     66a:	98 2f       	mov	r25, r24
     66c:	0e 94 11 1a 	call	0x3422	; 0x3422 <__floatsisf>

00000670 <.LVL29>:
     670:	9b 01       	movw	r18, r22
     672:	ac 01       	movw	r20, r24

00000674 <.Loc.87>:
     674:	69 81       	ldd	r22, Y+1	; 0x01
     676:	7a 81       	ldd	r23, Y+2	; 0x02
     678:	8b 81       	ldd	r24, Y+3	; 0x03
     67a:	9c 81       	ldd	r25, Y+4	; 0x04
     67c:	0e 94 c6 1a 	call	0x358c	; 0x358c <__mulsf3>

00000680 <.LVL30>:
     680:	69 83       	std	Y+1, r22	; 0x01
     682:	7a 83       	std	Y+2, r23	; 0x02
     684:	8b 83       	std	Y+3, r24	; 0x03
     686:	9c 83       	std	Y+4, r25	; 0x04

00000688 <.Loc.88>:
     688:	94 01       	movw	r18, r8
     68a:	a5 01       	movw	r20, r10
     68c:	b4 01       	movw	r22, r8
     68e:	c5 01       	movw	r24, r10
     690:	0e 94 c6 1a 	call	0x358c	; 0x358c <__mulsf3>

00000694 <.LVL31>:
     694:	9b 01       	movw	r18, r22
     696:	ac 01       	movw	r20, r24

00000698 <.Loc.89>:
     698:	69 81       	ldd	r22, Y+1	; 0x01
     69a:	7a 81       	ldd	r23, Y+2	; 0x02
     69c:	8b 81       	ldd	r24, Y+3	; 0x03
     69e:	9c 81       	ldd	r25, Y+4	; 0x04
     6a0:	0e 94 67 19 	call	0x32ce	; 0x32ce <__divsf3>

000006a4 <.LVL32>:
			*Answer = smooth->average + correction;
     6a4:	96 01       	movw	r18, r12
     6a6:	a7 01       	movw	r20, r14
     6a8:	0e 94 f6 18 	call	0x31ec	; 0x31ec <__addsf3>

000006ac <.LVL33>:
     6ac:	ed 81       	ldd	r30, Y+5	; 0x05
     6ae:	fe 81       	ldd	r31, Y+6	; 0x06
     6b0:	60 83       	st	Z, r22
     6b2:	71 83       	std	Z+1, r23	; 0x01
     6b4:	82 83       	std	Z+2, r24	; 0x02
     6b6:	93 83       	std	Z+3, r25	; 0x03

000006b8 <.Loc.92>:
			return 1;
     6b8:	81 e0       	ldi	r24, 0x01	; 1
     6ba:	fd ce       	rjmp	.-518    	; 0x4b6 <.L1>

000006bc <scirbuf_bytes_available>:

uint8_t scirbuf_bytes_available(void)
{
    uint8_t k, len;

    if (scirbuf.uflags.bf.ov == 0)
     6bc:	80 91 e4 05 	lds	r24, 0x05E4	; 0x8005e4 <scirbuf+0x22>

000006c0 <.Loc.4>:
     6c0:	80 fd       	sbrc	r24, 0
     6c2:	06 c0       	rjmp	.+12     	; 0x6d0 <.L2>

000006c4 <.Loc.5>:
    {
        len = scirbuf.iw - scirbuf.ir;
     6c4:	80 91 e3 05 	lds	r24, 0x05E3	; 0x8005e3 <scirbuf+0x21>

000006c8 <.Loc.7>:
     6c8:	90 91 e2 05 	lds	r25, 0x05E2	; 0x8005e2 <scirbuf+0x20>

000006cc <.L6>:
        {
            //no interesa si ir es mayor, menor
            //scirbuf.ir = scirbuf.iw;//x lectura es necesario
            k = scirbuf.iw;
        }
        len = (SCIRBUF_BUFF_SIZE - k) + scirbuf.iw;
     6cc:	89 1b       	sub	r24, r25

000006ce <.LVL0>:
    }
    return len;
}
     6ce:	08 95       	ret

000006d0 <.L2>:
        if (scirbuf.uflags.bf.ow == 0)
     6d0:	80 91 e4 05 	lds	r24, 0x05E4	; 0x8005e4 <scirbuf+0x22>

000006d4 <.Loc.13>:
     6d4:	81 fd       	sbrc	r24, 1
     6d6:	06 c0       	rjmp	.+12     	; 0x6e4 <.L4>

000006d8 <.Loc.14>:
            k =  scirbuf.ir;
     6d8:	90 91 e2 05 	lds	r25, 0x05E2	; 0x8005e2 <scirbuf+0x20>

000006dc <.L5>:
        len = (SCIRBUF_BUFF_SIZE - k) + scirbuf.iw;
     6dc:	80 91 e3 05 	lds	r24, 0x05E3	; 0x8005e3 <scirbuf+0x21>

000006e0 <.Loc.18>:
     6e0:	80 5e       	subi	r24, 0xE0	; 224
     6e2:	f4 cf       	rjmp	.-24     	; 0x6cc <.L6>

000006e4 <.L4>:
            k = scirbuf.iw;
     6e4:	90 91 e3 05 	lds	r25, 0x05E3	; 0x8005e3 <scirbuf+0x21>
     6e8:	f9 cf       	rjmp	.-14     	; 0x6dc <.L5>

000006ea <scirbuf_write>:
////////////////////////////////////////////////////////////////////////////////
void scirbuf_write(uint8_t c)
{
    scirbuf.buffer[scirbuf.iw] = c;
     6ea:	e0 91 e3 05 	lds	r30, 0x05E3	; 0x8005e3 <scirbuf+0x21>
     6ee:	f0 e0       	ldi	r31, 0x00	; 0

000006f0 <.Loc.24>:
     6f0:	ee 53       	subi	r30, 0x3E	; 62
     6f2:	fa 4f       	sbci	r31, 0xFA	; 250
     6f4:	80 83       	st	Z, r24

000006f6 <.Loc.25>:

   if (scirbuf.uflags.bf.ov == 1)
     6f6:	80 91 e4 05 	lds	r24, 0x05E4	; 0x8005e4 <scirbuf+0x22>

000006fa <.Loc.27>:
     6fa:	80 ff       	sbrs	r24, 0
     6fc:	0b c0       	rjmp	.+22     	; 0x714 <.L8>

000006fe <.Loc.28>:
   {
      if (scirbuf.iw == scirbuf.ir)
     6fe:	90 91 e3 05 	lds	r25, 0x05E3	; 0x8005e3 <scirbuf+0x21>

00000702 <.Loc.30>:
     702:	80 91 e2 05 	lds	r24, 0x05E2	; 0x8005e2 <scirbuf+0x20>

00000706 <.Loc.31>:
     706:	98 13       	cpse	r25, r24
     708:	05 c0       	rjmp	.+10     	; 0x714 <.L8>

0000070a <.Loc.32>:
       {
	   scirbuf.uflags.bf.ow = 1;
     70a:	80 91 e4 05 	lds	r24, 0x05E4	; 0x8005e4 <scirbuf+0x22>
     70e:	82 60       	ori	r24, 0x02	; 2
     710:	80 93 e4 05 	sts	0x05E4, r24	; 0x8005e4 <scirbuf+0x22>

00000714 <.L8>:
       }
   }
    
    if (++scirbuf.iw == SCIRBUF_BUFF_SIZE)
     714:	80 91 e3 05 	lds	r24, 0x05E3	; 0x8005e3 <scirbuf+0x21>

00000718 <.Loc.36>:
     718:	8f 5f       	subi	r24, 0xFF	; 255

0000071a <.Loc.37>:
     71a:	80 93 e3 05 	sts	0x05E3, r24	; 0x8005e3 <scirbuf+0x21>
     71e:	80 32       	cpi	r24, 0x20	; 32
     720:	39 f4       	brne	.+14     	; 0x730 <.L7>

00000722 <.LBB4>:
    {
        scirbuf.iw = 0;//reset index
     722:	10 92 e3 05 	sts	0x05E3, r1	; 0x8005e3 <scirbuf+0x21>

00000726 <.Loc.41>:
        scirbuf.uflags.bf.ov = 1;
     726:	80 91 e4 05 	lds	r24, 0x05E4	; 0x8005e4 <scirbuf+0x22>
     72a:	81 60       	ori	r24, 0x01	; 1
     72c:	80 93 e4 05 	sts	0x05E4, r24	; 0x8005e4 <scirbuf+0x22>

00000730 <.L7>:
    }
}
     730:	08 95       	ret

00000732 <scirbuf_read>:
        scirbuf.uflags.bf.ow = 0;
    }
    return c;
    */
    //2do metodo
	uint8_t c = scirbuf.buffer[scirbuf.ir];
     732:	e0 91 e2 05 	lds	r30, 0x05E2	; 0x8005e2 <scirbuf+0x20>
     736:	f0 e0       	ldi	r31, 0x00	; 0

00000738 <.Loc.48>:
     738:	ee 53       	subi	r30, 0x3E	; 62
     73a:	fa 4f       	sbci	r31, 0xFA	; 250
     73c:	80 81       	ld	r24, Z

0000073e <.LVL9>:
	
	scirbuf.ir++;
     73e:	90 91 e2 05 	lds	r25, 0x05E2	; 0x8005e2 <scirbuf+0x20>

00000742 <.Loc.51>:
     742:	9f 5f       	subi	r25, 0xFF	; 255
     744:	90 93 e2 05 	sts	0x05E2, r25	; 0x8005e2 <scirbuf+0x20>

00000748 <.Loc.52>:
	scirbuf.ir &= SCIRBUF_BUFF_SIZE_MASK;
     748:	90 91 e2 05 	lds	r25, 0x05E2	; 0x8005e2 <scirbuf+0x20>

0000074c <.Loc.54>:
     74c:	9f 71       	andi	r25, 0x1F	; 31
     74e:	90 93 e2 05 	sts	0x05E2, r25	; 0x8005e2 <scirbuf+0x20>

00000752 <.Loc.55>:


    if (scirbuf.ir == scirbuf.iw)
     752:	20 91 e2 05 	lds	r18, 0x05E2	; 0x8005e2 <scirbuf+0x20>

00000756 <.Loc.57>:
     756:	90 91 e3 05 	lds	r25, 0x05E3	; 0x8005e3 <scirbuf+0x21>

0000075a <.Loc.58>:
     75a:	29 13       	cpse	r18, r25
     75c:	0a c0       	rjmp	.+20     	; 0x772 <.L10>

0000075e <.Loc.59>:
    {
        scirbuf.uflags.bf.ov = 0;
     75e:	90 91 e4 05 	lds	r25, 0x05E4	; 0x8005e4 <scirbuf+0x22>
     762:	9e 7f       	andi	r25, 0xFE	; 254
     764:	90 93 e4 05 	sts	0x05E4, r25	; 0x8005e4 <scirbuf+0x22>

00000768 <.Loc.61>:
        scirbuf.uflags.bf.ow = 0;
     768:	90 91 e4 05 	lds	r25, 0x05E4	; 0x8005e4 <scirbuf+0x22>
     76c:	9d 7f       	andi	r25, 0xFD	; 253
     76e:	90 93 e4 05 	sts	0x05E4, r25	; 0x8005e4 <scirbuf+0x22>

00000772 <.L10>:
    }
    return c;
    
}
     772:	08 95       	ret

00000774 <scirbuf_read_nbytes>:
//{
//   scirbuf.ir = scirbuf.iw;
//}
////////////////////////////////////////////////////////////////////////////////
uint8_t scirbuf_read_nbytes(uint8_t *buff_out, uint8_t n)
{
     774:	cf 92       	push	r12
     776:	df 92       	push	r13
     778:	ef 92       	push	r14
     77a:	ff 92       	push	r15
     77c:	0f 93       	push	r16
     77e:	1f 93       	push	r17
     780:	cf 93       	push	r28
     782:	df 93       	push	r29
     784:	ec 01       	movw	r28, r24
     786:	16 2f       	mov	r17, r22

00000788 <.LVL11>:
    uint8_t i,x;
    uint8_t temp, resto;
	x = 0;
	if (n > 0 )
     788:	61 15       	cp	r22, r1
     78a:	69 f0       	breq	.+26     	; 0x7a6 <.L13>

0000078c <.Loc.72>:
    {
        if (scirbuf.uflags.bf.ov == 0)
     78c:	80 91 e4 05 	lds	r24, 0x05E4	; 0x8005e4 <scirbuf+0x22>

00000790 <.Loc.74>:
     790:	80 fd       	sbrc	r24, 0
     792:	13 c0       	rjmp	.+38     	; 0x7ba <.L14>
     794:	7e 01       	movw	r14, r28
     796:	e6 0e       	add	r14, r22
     798:	f1 1c       	adc	r15, r1

0000079a <.L15>:
        {
            for (i=0; i<n; i++)
            {
                buff_out[x++] = scirbuf_read();
     79a:	0e 94 99 03 	call	0x732	; 0x732 <scirbuf_read>

0000079e <.LVL14>:
     79e:	89 93       	st	Y+, r24

000007a0 <.Loc.78>:
            for (i=0; i<n; i++)
     7a0:	ce 15       	cp	r28, r14
     7a2:	df 05       	cpc	r29, r15
     7a4:	d1 f7       	brne	.-12     	; 0x79a <.L15>

000007a6 <.L13>:
        }
    }


    return x;//el numero de bytes leidos?
}
     7a6:	81 2f       	mov	r24, r17
     7a8:	df 91       	pop	r29
     7aa:	cf 91       	pop	r28
     7ac:	1f 91       	pop	r17

000007ae <.Loc.82>:
     7ae:	0f 91       	pop	r16
     7b0:	ff 90       	pop	r15
     7b2:	ef 90       	pop	r14
     7b4:	df 90       	pop	r13
     7b6:	cf 90       	pop	r12
     7b8:	08 95       	ret

000007ba <.L14>:
            scirbuf.uflags.bf.buff_lock = 1;
     7ba:	80 91 e4 05 	lds	r24, 0x05E4	; 0x8005e4 <scirbuf+0x22>
     7be:	84 60       	ori	r24, 0x04	; 4
     7c0:	80 93 e4 05 	sts	0x05E4, r24	; 0x8005e4 <scirbuf+0x22>

000007c4 <.Loc.85>:
            if (scirbuf.uflags.bf.ow == 1)
     7c4:	80 91 e4 05 	lds	r24, 0x05E4	; 0x8005e4 <scirbuf+0x22>

000007c8 <.Loc.87>:
     7c8:	81 ff       	sbrs	r24, 1
     7ca:	04 c0       	rjmp	.+8      	; 0x7d4 <.L16>

000007cc <.Loc.88>:
                scirbuf.ir = scirbuf.iw;
     7cc:	80 91 e3 05 	lds	r24, 0x05E3	; 0x8005e3 <scirbuf+0x21>

000007d0 <.Loc.90>:
     7d0:	80 93 e2 05 	sts	0x05E2, r24	; 0x8005e2 <scirbuf+0x20>

000007d4 <.L16>:
            temp = SCIRBUF_BUFF_SIZE - scirbuf.ir;
     7d4:	d0 90 e2 05 	lds	r13, 0x05E2	; 0x8005e2 <scirbuf+0x20>

000007d8 <.Loc.93>:
     7d8:	00 e2       	ldi	r16, 0x20	; 32
     7da:	0d 19       	sub	r16, r13

000007dc <.LVL19>:
            if ( temp >= n)
     7dc:	cc 2e       	mov	r12, r28

000007de <.Loc.95>:
     7de:	7e 01       	movw	r14, r28
     7e0:	01 17       	cp	r16, r17
     7e2:	a0 f0       	brcs	.+40     	; 0x80c <.L18>

000007e4 <.Loc.96>:
     7e4:	7e 01       	movw	r14, r28

000007e6 <.Loc.97>:
     7e6:	e1 0e       	add	r14, r17
     7e8:	f1 1c       	adc	r15, r1

000007ea <.L19>:
                    buff_out[x++] = scirbuf_read();
     7ea:	0e 94 99 03 	call	0x732	; 0x732 <scirbuf_read>

000007ee <.LVL23>:
     7ee:	89 93       	st	Y+, r24

000007f0 <.Loc.101>:
                for (i=0; i<n; i++)
     7f0:	ce 15       	cp	r28, r14
     7f2:	df 05       	cpc	r29, r15
     7f4:	d1 f7       	brne	.-12     	; 0x7ea <.L19>

000007f6 <.L20>:
            scirbuf.uflags.bf.buff_lock = 0;
     7f6:	80 91 e4 05 	lds	r24, 0x05E4	; 0x8005e4 <scirbuf+0x22>
     7fa:	8b 7f       	andi	r24, 0xFB	; 251
     7fc:	80 93 e4 05 	sts	0x05E4, r24	; 0x8005e4 <scirbuf+0x22>
     800:	d2 cf       	rjmp	.-92     	; 0x7a6 <.L13>

00000802 <.L21>:
                    buff_out[x++] = scirbuf_read();
     802:	0e 94 99 03 	call	0x732	; 0x732 <scirbuf_read>

00000806 <.LVL27>:
     806:	f7 01       	movw	r30, r14
     808:	81 93       	st	Z+, r24
     80a:	7f 01       	movw	r14, r30

0000080c <.L18>:
                for (i=0; i<temp; i++)
     80c:	8e 2d       	mov	r24, r14
     80e:	8c 19       	sub	r24, r12
     810:	80 17       	cp	r24, r16
     812:	b8 f3       	brcs	.-18     	; 0x802 <.L21>

00000814 <.LVL29>:
                resto = n - temp; //lo q queda por leer
     814:	80 ee       	ldi	r24, 0xE0	; 224
     816:	8d 0d       	add	r24, r13
     818:	18 0f       	add	r17, r24

0000081a <.Loc.113>:
     81a:	10 0f       	add	r17, r16

0000081c <.L22>:
                for (i=0; i<resto; i++)
     81c:	01 17       	cp	r16, r17
     81e:	59 f3       	breq	.-42     	; 0x7f6 <.L20>

00000820 <.Loc.115>:
                    buff_out[x++] = scirbuf_read();
     820:	7e 01       	movw	r14, r28
     822:	e0 0e       	add	r14, r16
     824:	f1 1c       	adc	r15, r1

00000826 <.Loc.117>:
     826:	0e 94 99 03 	call	0x732	; 0x732 <scirbuf_read>

0000082a <.LVL33>:
     82a:	f7 01       	movw	r30, r14
     82c:	80 83       	st	Z, r24

0000082e <.Loc.119>:
     82e:	0f 5f       	subi	r16, 0xFF	; 255

00000830 <.Loc.121>:
     830:	f5 cf       	rjmp	.-22     	; 0x81c <.L22>

00000832 <scirbuf_read_1byte>:
////////////////////////////////////////////////////////////////////////////////
uint8_t scirbuf_read_1byte(void)
{
    uint8_t buff_out;
    
    if (scirbuf.uflags.bf.ov == 0)
     832:	80 91 e4 05 	lds	r24, 0x05E4	; 0x8005e4 <scirbuf+0x22>

00000836 <.Loc.126>:
     836:	80 ff       	sbrs	r24, 0

00000838 <.Loc.127>:
    {
        buff_out = scirbuf_read();
     838:	0c 94 99 03 	jmp	0x732	; 0x732 <scirbuf_read>

0000083c <.LVL36>:
    }
    else//ov=1
    {
        scirbuf.uflags.bf.buff_lock = 1;
     83c:	80 91 e4 05 	lds	r24, 0x05E4	; 0x8005e4 <scirbuf+0x22>
     840:	84 60       	ori	r24, 0x04	; 4
     842:	80 93 e4 05 	sts	0x05E4, r24	; 0x8005e4 <scirbuf+0x22>

00000846 <.Loc.131>:

	        if (scirbuf.uflags.bf.ow == 1)
     846:	80 91 e4 05 	lds	r24, 0x05E4	; 0x8005e4 <scirbuf+0x22>

0000084a <.Loc.133>:
     84a:	81 ff       	sbrs	r24, 1
     84c:	04 c0       	rjmp	.+8      	; 0x856 <.L31>

0000084e <.Loc.134>:
	        {
	            scirbuf.ir = scirbuf.iw;
     84e:	80 91 e3 05 	lds	r24, 0x05E3	; 0x8005e3 <scirbuf+0x21>

00000852 <.Loc.136>:
     852:	80 93 e2 05 	sts	0x05E2, r24	; 0x8005e2 <scirbuf+0x20>

00000856 <.L31>:
	        }
	        buff_out = scirbuf_read();
     856:	0e 94 99 03 	call	0x732	; 0x732 <scirbuf_read>

0000085a <.LVL37>:

        scirbuf.uflags.bf.buff_lock = 0;
     85a:	90 91 e4 05 	lds	r25, 0x05E4	; 0x8005e4 <scirbuf+0x22>
     85e:	9b 7f       	andi	r25, 0xFB	; 251
     860:	90 93 e4 05 	sts	0x05E4, r25	; 0x8005e4 <scirbuf+0x22>

00000864 <.Loc.141>:
    }
    return buff_out;
}
     864:	08 95       	ret

00000866 <rx_handler>:
////////////////////////////////////////////////////////////////////////////////
void rx_handler(void)//call from ISR
{
     866:	ff 92       	push	r15
     868:	0f 93       	push	r16
     86a:	1f 93       	push	r17
     86c:	cf 93       	push	r28
     86e:	df 93       	push	r29

00000870 <.Loc.144>:
    static uint8_t soft_buff[4];
    static int8_t level;
    uint8_t i;

    
	uint8_t char_rx  = UDR;
     870:	fc b0       	in	r15, 0x0c	; 12

00000872 <.LVL38>:
	//USART_Transmit(char_rx);

    if (scirbuf.uflags.bf.buff_lock == 1)
     872:	80 91 e4 05 	lds	r24, 0x05E4	; 0x8005e4 <scirbuf+0x22>

00000876 <.Loc.151>:
    {
        soft_buff[level++ & SOFTBUFF_SIZE_MASK] = char_rx;
     876:	c0 91 c1 05 	lds	r28, 0x05C1	; 0x8005c1 <level.1>

0000087a <.Loc.152>:
    if (scirbuf.uflags.bf.buff_lock == 1)
     87a:	82 ff       	sbrs	r24, 2
     87c:	11 c0       	rjmp	.+34     	; 0x8a0 <.L33>

0000087e <.Loc.153>:
        soft_buff[level++ & SOFTBUFF_SIZE_MASK] = char_rx;
     87e:	81 e0       	ldi	r24, 0x01	; 1
     880:	8c 0f       	add	r24, r28
     882:	80 93 c1 05 	sts	0x05C1, r24	; 0x8005c1 <level.1>

00000886 <.Loc.155>:
     886:	c3 70       	andi	r28, 0x03	; 3
     888:	dc 2f       	mov	r29, r28
     88a:	dd 0f       	add	r29, r29
     88c:	dd 0b       	sbc	r29, r29

0000088e <.Loc.156>:
     88e:	c3 54       	subi	r28, 0x43	; 67
     890:	da 4f       	sbci	r29, 0xFA	; 250
     892:	f8 82       	st	Y, r15

00000894 <.Loc.157>:
            }
            level = 0x00;
        }
        scirbuf_write(char_rx);
    }
}
     894:	df 91       	pop	r29
     896:	cf 91       	pop	r28
     898:	1f 91       	pop	r17
     89a:	0f 91       	pop	r16
     89c:	ff 90       	pop	r15

0000089e <.Loc.158>:
     89e:	08 95       	ret

000008a0 <.L33>:
        if (level > 0)
     8a0:	1c 16       	cp	r1, r28
     8a2:	8c f4       	brge	.+34     	; 0x8c6 <.L35>

000008a4 <.LVL41>:
            for (i=0; i<level; i++)
     8a4:	0d eb       	ldi	r16, 0xBD	; 189
     8a6:	15 e0       	ldi	r17, 0x05	; 5
     8a8:	dc 2f       	mov	r29, r28
     8aa:	dd 0f       	add	r29, r29
     8ac:	dd 0b       	sbc	r29, r29
     8ae:	c3 54       	subi	r28, 0x43	; 67
     8b0:	da 4f       	sbci	r29, 0xFA	; 250

000008b2 <.L36>:
                scirbuf_write(soft_buff[i]);
     8b2:	f8 01       	movw	r30, r16
     8b4:	81 91       	ld	r24, Z+
     8b6:	8f 01       	movw	r16, r30

000008b8 <.Loc.163>:
     8b8:	0e 94 75 03 	call	0x6ea	; 0x6ea <scirbuf_write>

000008bc <.LVL44>:
            for (i=0; i<level; i++)
     8bc:	0c 17       	cp	r16, r28
     8be:	1d 07       	cpc	r17, r29
     8c0:	c1 f7       	brne	.-16     	; 0x8b2 <.L36>

000008c2 <.Loc.166>:
            level = 0x00;
     8c2:	10 92 c1 05 	sts	0x05C1, r1	; 0x8005c1 <level.1>

000008c6 <.L35>:
        scirbuf_write(char_rx);
     8c6:	8f 2d       	mov	r24, r15

000008c8 <.Loc.169>:
}
     8c8:	df 91       	pop	r29
     8ca:	cf 91       	pop	r28
     8cc:	1f 91       	pop	r17
     8ce:	0f 91       	pop	r16
     8d0:	ff 90       	pop	r15

000008d2 <.Loc.170>:
        scirbuf_write(char_rx);
     8d2:	0c 94 75 03 	jmp	0x6ea	; 0x6ea <scirbuf_write>

000008d6 <pinGetLevel_0>:


static uint8_t pinGetLevel_0(void)
{
	return ReadPin(PORTRxGETLEVEL_0, PINxGETLEVEL_0);
}
     8d6:	88 27       	eor	r24, r24
     8d8:	b4 99       	sbic	0x16, 4	; 22
     8da:	83 95       	inc	r24
     8dc:	08 95       	ret

000008de <pinGetLevel_init>:

void pinGetLevel_init(void)
{
	PinTo1(PORTWxGETLEVEL_0, PINxGETLEVEL_0);//Pull-up
     8de:	c4 9a       	sbi	0x18, 4	; 24

000008e0 <.Loc.6>:
	ConfigInputPin(CONFIGIOxGETLEVEL_0, PINxGETLEVEL_0);
     8e0:	bc 98       	cbi	0x17, 4	; 23

000008e2 <.Loc.10>:
	pinGetLevel[0].readPinLevel = pinGetLevel_0;
     8e2:	8b e6       	ldi	r24, 0x6B	; 107
     8e4:	94 e0       	ldi	r25, 0x04	; 4
     8e6:	80 93 e7 05 	sts	0x05E7, r24	; 0x8005e7 <pinGetLevel+0x2>
     8ea:	90 93 e8 05 	sts	0x05E8, r25	; 0x8005e8 <pinGetLevel+0x3>

000008ee <.LBB5>:
	#else
		//round up by default
		__ticks_dc = (uint32_t)(__builtin_ceil(__builtin_fabs(__tmp)));
	#endif

	__builtin_avr_delay_cycles(__ticks_dc);
     8ee:	8f e9       	ldi	r24, 0x9F	; 159
     8f0:	9f e0       	ldi	r25, 0x0F	; 15

000008f2 <.L1^B1>:
     8f2:	01 97       	sbiw	r24, 0x01	; 1
     8f4:	f1 f7       	brne	.-4      	; 0x8f2 <.L1^B1>
     8f6:	00 c0       	rjmp	.+0      	; 0x8f8 <L0^A>

000008f8 <L0^A>:
	...

000008fa <.LBB7>:

	__delay_ms(1);
	//Set initial level
	for (int i=0; i<PINGETLEVEL_NUMMAX; i++)
	{
		pinGetLevel[i].bf.level = pinGetLevel[i].readPinLevel();
     8fa:	e0 91 e7 05 	lds	r30, 0x05E7	; 0x8005e7 <pinGetLevel+0x2>
     8fe:	f0 91 e8 05 	lds	r31, 0x05E8	; 0x8005e8 <pinGetLevel+0x3>
     902:	09 95       	icall

00000904 <.Loc.26>:
     904:	90 91 e6 05 	lds	r25, 0x05E6	; 0x8005e6 <pinGetLevel+0x1>

00000908 <.Loc.27>:
		pinGetLevel[i].bf.level_last = pinGetLevel[i].bf.level;
     908:	80 fb       	bst	r24, 0
     90a:	91 f9       	bld	r25, 1

0000090c <.Loc.29>:

		#ifdef PINGETLEVEL_INITwCHANGED
		pinGetLevel[i].bf.changed = 1;//provocar un cambio inicial
     90c:	80 fb       	bst	r24, 0
     90e:	92 f9       	bld	r25, 2
     910:	89 2f       	mov	r24, r25
     912:	88 60       	ori	r24, 0x08	; 8
     914:	80 93 e6 05 	sts	0x05E6, r24	; 0x8005e6 <pinGetLevel+0x1>

00000918 <.LBE7>:
		#endif
	}
}
     918:	08 95       	ret

0000091a <pinGetLevel_job>:
	    }
	}
}
*/
void pinGetLevel_job(void)//non-block
{
     91a:	0f 93       	push	r16
     91c:	1f 93       	push	r17
     91e:	cf 93       	push	r28
     920:	df 93       	push	r29

00000922 <.LBB8>:
	int8_t level_temp;

	for (int8_t i = 0; i< PINGETLEVEL_NUMMAX; i++)
	{
		if  (pinGetLevel[i].bf.sm0 == 0)
     922:	80 91 e6 05 	lds	r24, 0x05E6	; 0x8005e6 <pinGetLevel+0x1>

00000926 <.Loc.41>:
     926:	80 ff       	sbrs	r24, 0
     928:	30 c0       	rjmp	.+96     	; 0x98a <.L4>

0000092a <.Loc.42>:
	            pinGetLevel[i].bf.sm0 = 1;
	        }
	    }
	    else if (pinGetLevel[i].bf.sm0 == 1)
	    {
            if (++pinGetLevel[i].counterDebounce == PINGETLEVEL_SCAN_KCOUNT_DEBOUNCE)//ms
     92a:	80 91 e5 05 	lds	r24, 0x05E5	; 0x8005e5 <pinGetLevel>
     92e:	91 e0       	ldi	r25, 0x01	; 1
     930:	98 0f       	add	r25, r24

00000932 <.Loc.45>:
     932:	84 30       	cpi	r24, 0x04	; 4
     934:	39 f0       	breq	.+14     	; 0x944 <.L5>
     936:	90 93 e5 05 	sts	0x05E5, r25	; 0x8005e5 <pinGetLevel>

0000093a <.L3>:

                pinGetLevel[i].bf.sm0 = 0;
            }
	    }
	}
}
     93a:	df 91       	pop	r29
     93c:	cf 91       	pop	r28
     93e:	1f 91       	pop	r17
     940:	0f 91       	pop	r16
     942:	08 95       	ret

00000944 <.L5>:
                pinGetLevel[i].counterDebounce = 0x0;
     944:	10 92 e5 05 	sts	0x05E5, r1	; 0x8005e5 <pinGetLevel>

00000948 <.Loc.50>:
                level_temp = pinGetLevel[i].readPinLevel();
     948:	e0 91 e7 05 	lds	r30, 0x05E7	; 0x8005e7 <pinGetLevel+0x2>
     94c:	f0 91 e8 05 	lds	r31, 0x05E8	; 0x8005e8 <pinGetLevel+0x3>
     950:	09 95       	icall

00000952 <.LVL7>:
                	pinGetLevel[i].bf.level_last = level_temp;
     952:	28 2f       	mov	r18, r24
     954:	21 70       	andi	r18, 0x01	; 1

00000956 <.Loc.54>:
                if (pinGetLevel[i].bf.level_last == level_temp)
     956:	90 91 e6 05 	lds	r25, 0x05E6	; 0x8005e6 <pinGetLevel+0x1>
     95a:	92 fb       	bst	r25, 2
     95c:	00 27       	eor	r16, r16
     95e:	00 f9       	bld	r16, 0
     960:	10 e0       	ldi	r17, 0x00	; 0

00000962 <.Loc.55>:
     962:	08 2e       	mov	r0, r24
     964:	00 1c       	adc	r0, r0
     966:	00 08       	sbc	r0, r0
     968:	80 17       	cp	r24, r16
     96a:	01 06       	cpc	r0, r17
     96c:	21 f4       	brne	.+8      	; 0x976 <.L11>

0000096e <.Loc.56>:
                	pinGetLevel[i].bf.level = level_temp;//pinGetLevel[i].bf.level_last;}
     96e:	20 fb       	bst	r18, 0
     970:	91 f9       	bld	r25, 1

00000972 <.Loc.58>:
                	pinGetLevel[i].bf.changed = 1;//clear in app-level
     972:	98 60       	ori	r25, 0x08	; 8
     974:	02 c0       	rjmp	.+4      	; 0x97a <.L12>

00000976 <.L11>:
                	pinGetLevel[i].bf.level_last = level_temp;
     976:	20 fb       	bst	r18, 0
     978:	92 f9       	bld	r25, 2

0000097a <.L12>:
                	pinGetLevel[i].bf.changed = 1;//clear in app-level
     97a:	90 93 e6 05 	sts	0x05E6, r25	; 0x8005e6 <pinGetLevel+0x1>

0000097e <.Loc.63>:
                pinGetLevel[i].bf.sm0 = 0;
     97e:	80 91 e6 05 	lds	r24, 0x05E6	; 0x8005e6 <pinGetLevel+0x1>

00000982 <.Loc.65>:
     982:	8e 7f       	andi	r24, 0xFE	; 254

00000984 <.L13>:
	            pinGetLevel[i].bf.sm0 = 1;
     984:	80 93 e6 05 	sts	0x05E6, r24	; 0x8005e6 <pinGetLevel+0x1>

00000988 <.Loc.67>:
}
     988:	d8 cf       	rjmp	.-80     	; 0x93a <.L3>

0000098a <.L4>:
	        level_temp = pinGetLevel[i].readPinLevel();
     98a:	e0 91 e7 05 	lds	r30, 0x05E7	; 0x8005e7 <pinGetLevel+0x2>
     98e:	f0 91 e8 05 	lds	r31, 0x05E8	; 0x8005e8 <pinGetLevel+0x3>
     992:	09 95       	icall

00000994 <.Loc.71>:
	        if (pinGetLevel[i].bf.level_last != level_temp)
     994:	90 91 e6 05 	lds	r25, 0x05E6	; 0x8005e6 <pinGetLevel+0x1>
     998:	92 fb       	bst	r25, 2
     99a:	cc 27       	eor	r28, r28
     99c:	c0 f9       	bld	r28, 0
     99e:	d0 e0       	ldi	r29, 0x00	; 0

000009a0 <.Loc.73>:
     9a0:	08 2e       	mov	r0, r24
     9a2:	00 1c       	adc	r0, r0
     9a4:	00 08       	sbc	r0, r0
     9a6:	8c 17       	cp	r24, r28
     9a8:	0d 06       	cpc	r0, r29
     9aa:	39 f2       	breq	.-114    	; 0x93a <.L3>

000009ac <.Loc.74>:
	            pinGetLevel[i].bf.sm0 = 1;
     9ac:	80 fb       	bst	r24, 0
     9ae:	88 27       	eor	r24, r24
     9b0:	82 f9       	bld	r24, 2

000009b2 <.Loc.77>:
     9b2:	81 60       	ori	r24, 0x01	; 1
     9b4:	9a 7f       	andi	r25, 0xFA	; 250
     9b6:	89 2b       	or	r24, r25
     9b8:	e5 cf       	rjmp	.-54     	; 0x984 <.L13>

000009ba <pid_pwm_set_pin>:

void pid_pwm_set_pin(struct PID *pid, int8_t pin)
{
	if (pin == 1)
	{
		PinTo1(*pid->pwm.io.port, pid->pwm.io.pin);
     9ba:	dc 01       	movw	r26, r24
     9bc:	9d 96       	adiw	r26, 0x2d	; 45
     9be:	ed 91       	ld	r30, X+
     9c0:	fd 91       	ld	r31, X+
     9c2:	2c 91       	ld	r18, X
     9c4:	81 e0       	ldi	r24, 0x01	; 1

000009c6 <.Loc.3>:
     9c6:	01 c0       	rjmp	.+2      	; 0x9ca <.L2^B1>

000009c8 <.L1^B1>:
     9c8:	88 0f       	add	r24, r24

000009ca <.L2^B1>:
     9ca:	2a 95       	dec	r18
     9cc:	ea f7       	brpl	.-6      	; 0x9c8 <.L1^B1>
     9ce:	90 81       	ld	r25, Z

000009d0 <.Loc.4>:
	if (pin == 1)
     9d0:	61 30       	cpi	r22, 0x01	; 1
     9d2:	19 f4       	brne	.+6      	; 0x9da <.L2>

000009d4 <.Loc.5>:
		PinTo1(*pid->pwm.io.port, pid->pwm.io.pin);
     9d4:	89 2b       	or	r24, r25

000009d6 <.L4>:
	}
	else
	{
		PinTo0(*pid->pwm.io.port, pid->pwm.io.pin);
     9d6:	80 83       	st	Z, r24

000009d8 <.Loc.8>:
	}

}
     9d8:	08 95       	ret

000009da <.L2>:
		PinTo0(*pid->pwm.io.port, pid->pwm.io.pin);
     9da:	80 95       	com	r24
     9dc:	89 23       	and	r24, r25
     9de:	fb cf       	rjmp	.-10     	; 0x9d6 <.L4>

000009e0 <pid_pwm_stablish_levelpin>:
void pid_pwm_stablish_levelpin(struct PID *pid)
{
     9e0:	dc 01       	movw	r26, r24

000009e2 <.Loc.14>:
	pid->pwm.dc.ktop_uploaded_ms = pid->pwm.dc.ktop_ms;
     9e2:	90 96       	adiw	r26, 0x20	; 32
     9e4:	2d 91       	ld	r18, X+
     9e6:	3d 91       	ld	r19, X+

000009e8 <.Loc.16>:
     9e8:	2d 93       	st	X+, r18
     9ea:	3d 93       	st	X+, r19

000009ec <.Loc.17>:
	if (pid->pwm.dc.ktop_uploaded_ms > 0)
	{
		PinTo1(*pid->pwm.io.port, pid->pwm.io.pin);
     9ec:	19 96       	adiw	r26, 0x09	; 9
     9ee:	ed 91       	ld	r30, X+
     9f0:	fd 91       	ld	r31, X+
     9f2:	4c 91       	ld	r20, X
     9f4:	81 e0       	ldi	r24, 0x01	; 1

000009f6 <.Loc.19>:
     9f6:	01 c0       	rjmp	.+2      	; 0x9fa <.L2^B2>

000009f8 <.L1^B2>:
     9f8:	88 0f       	add	r24, r24

000009fa <.L2^B2>:
     9fa:	4a 95       	dec	r20
     9fc:	ea f7       	brpl	.-6      	; 0x9f8 <.L1^B2>
     9fe:	90 81       	ld	r25, Z

00000a00 <.Loc.20>:
	if (pid->pwm.dc.ktop_uploaded_ms > 0)
     a00:	12 16       	cp	r1, r18
     a02:	13 06       	cpc	r1, r19
     a04:	1c f4       	brge	.+6      	; 0xa0c <.L6>

00000a06 <.Loc.21>:
		PinTo1(*pid->pwm.io.port, pid->pwm.io.pin);
     a06:	89 2b       	or	r24, r25

00000a08 <.L8>:
	}
	else
	{
		PinTo0(*pid->pwm.io.port, pid->pwm.io.pin);
     a08:	80 83       	st	Z, r24

00000a0a <.Loc.24>:
	}
}
     a0a:	08 95       	ret

00000a0c <.L6>:
		PinTo0(*pid->pwm.io.port, pid->pwm.io.pin);
     a0c:	80 95       	com	r24
     a0e:	89 23       	and	r24, r25
     a10:	fb cf       	rjmp	.-10     	; 0xa08 <.L8>

00000a12 <pid_get_output>:
Buscar a traves de Kp, que la salida del PID
este entre el rango de "10...0", para cualquier proceso
en donde >=10 es 100%, y 0=0%
**********************************************/
int16_t pid_get_output(struct PID* pid, int16_t error)
{
     a12:	ef 92       	push	r14
     a14:	ff 92       	push	r15
     a16:	0f 93       	push	r16
     a18:	1f 93       	push	r17
     a1a:	cf 93       	push	r28
     a1c:	df 93       	push	r29
     a1e:	00 d0       	rcall	.+0      	; 0xa20 <L0^A>

00000a20 <L0^A>:
     a20:	00 d0       	rcall	.+0      	; 0xa22 <L0^A>

00000a22 <L0^A>:
     a22:	00 d0       	rcall	.+0      	; 0xa24 <L0^A>

00000a24 <L0^A>:
     a24:	cd b7       	in	r28, 0x3d	; 61
     a26:	de b7       	in	r29, 0x3e	; 62
     a28:	8d 83       	std	Y+5, r24	; 0x05
     a2a:	9e 83       	std	Y+6, r25	; 0x06

00000a2c <.Loc.32>:
	pid->algo.ei += error;
     a2c:	fc 01       	movw	r30, r24
     a2e:	e2 80       	ldd	r14, Z+2	; 0x02
     a30:	f3 80       	ldd	r15, Z+3	; 0x03
     a32:	e6 0e       	add	r14, r22
     a34:	f7 1e       	adc	r15, r23
     a36:	e2 82       	std	Z+2, r14	; 0x02
     a38:	f3 82       	std	Z+3, r15	; 0x03

00000a3a <.Loc.34>:
	//
	if (pid->algo.ei > pid->algo.kei_windup_max)
     a3a:	80 85       	ldd	r24, Z+8	; 0x08

00000a3c <.Loc.36>:
     a3c:	91 85       	ldd	r25, Z+9	; 0x09

00000a3e <.Loc.37>:
     a3e:	8e 15       	cp	r24, r14
     a40:	9f 05       	cpc	r25, r15
     a42:	24 f4       	brge	.+8      	; 0xa4c <.L10>

00000a44 <.L12>:
		pid->algo.ei = pid->algo.kei_windup_max;
	else if (pid->algo.ei < pid->algo.kei_windup_min)
		pid->algo.ei = pid->algo.kei_windup_min;
     a44:	82 83       	std	Z+2, r24	; 0x02
     a46:	93 83       	std	Z+3, r25	; 0x03
     a48:	7c 01       	movw	r14, r24
     a4a:	07 c0       	rjmp	.+14     	; 0xa5a <.L11>

00000a4c <.L10>:
	else if (pid->algo.ei < pid->algo.kei_windup_min)
     a4c:	ed 81       	ldd	r30, Y+5	; 0x05

00000a4e <.Loc.42>:
     a4e:	fe 81       	ldd	r31, Y+6	; 0x06
     a50:	82 85       	ldd	r24, Z+10	; 0x0a
     a52:	93 85       	ldd	r25, Z+11	; 0x0b

00000a54 <.Loc.43>:
     a54:	e8 16       	cp	r14, r24
     a56:	f9 06       	cpc	r15, r25
     a58:	ac f3       	brlt	.-22     	; 0xa44 <.L12>

00000a5a <.L11>:
	//
	pid->algo.ed = error - pid->algo.eprevio;
     a5a:	ed 81       	ldd	r30, Y+5	; 0x05
     a5c:	fe 81       	ldd	r31, Y+6	; 0x06
     a5e:	84 81       	ldd	r24, Z+4	; 0x04
     a60:	95 81       	ldd	r25, Z+5	; 0x05
     a62:	8b 01       	movw	r16, r22
     a64:	08 1b       	sub	r16, r24
     a66:	19 0b       	sbc	r17, r25

00000a68 <.Loc.46>:
     a68:	06 83       	std	Z+6, r16	; 0x06
     a6a:	17 83       	std	Z+7, r17	; 0x07

00000a6c <.Loc.47>:
	pid->algo.eprevio = error;
     a6c:	64 83       	std	Z+4, r22	; 0x04
     a6e:	75 83       	std	Z+5, r23	; 0x05

00000a70 <.Loc.49>:
	//
	int16_t pid_out = (pid->algo.kp * error) + (pid->algo.ki * pid->algo.ei) + (pid->algo.kd * pid->algo.ed);
     a70:	87 2f       	mov	r24, r23
     a72:	88 0f       	add	r24, r24
     a74:	88 0b       	sbc	r24, r24
     a76:	98 2f       	mov	r25, r24
     a78:	0e 94 11 1a 	call	0x3422	; 0x3422 <__floatsisf>

00000a7c <.LVL11>:
     a7c:	ed 81       	ldd	r30, Y+5	; 0x05
     a7e:	fe 81       	ldd	r31, Y+6	; 0x06
     a80:	22 89       	ldd	r18, Z+18	; 0x12
     a82:	33 89       	ldd	r19, Z+19	; 0x13
     a84:	44 89       	ldd	r20, Z+20	; 0x14
     a86:	55 89       	ldd	r21, Z+21	; 0x15
     a88:	0e 94 c6 1a 	call	0x358c	; 0x358c <__mulsf3>

00000a8c <.LVL12>:
     a8c:	69 83       	std	Y+1, r22	; 0x01
     a8e:	7a 83       	std	Y+2, r23	; 0x02
     a90:	8b 83       	std	Y+3, r24	; 0x03
     a92:	9c 83       	std	Y+4, r25	; 0x04

00000a94 <.Loc.53>:
     a94:	b7 01       	movw	r22, r14
     a96:	ff 0c       	add	r15, r15
     a98:	88 0b       	sbc	r24, r24
     a9a:	98 2f       	mov	r25, r24
     a9c:	0e 94 11 1a 	call	0x3422	; 0x3422 <__floatsisf>

00000aa0 <.LVL13>:
     aa0:	ed 81       	ldd	r30, Y+5	; 0x05
     aa2:	fe 81       	ldd	r31, Y+6	; 0x06
     aa4:	26 89       	ldd	r18, Z+22	; 0x16
     aa6:	37 89       	ldd	r19, Z+23	; 0x17
     aa8:	40 8d       	ldd	r20, Z+24	; 0x18
     aaa:	51 8d       	ldd	r21, Z+25	; 0x19
     aac:	0e 94 c6 1a 	call	0x358c	; 0x358c <__mulsf3>

00000ab0 <.LVL14>:
     ab0:	9b 01       	movw	r18, r22
     ab2:	ac 01       	movw	r20, r24

00000ab4 <.Loc.54>:
     ab4:	69 81       	ldd	r22, Y+1	; 0x01
     ab6:	7a 81       	ldd	r23, Y+2	; 0x02
     ab8:	8b 81       	ldd	r24, Y+3	; 0x03
     aba:	9c 81       	ldd	r25, Y+4	; 0x04
     abc:	0e 94 f6 18 	call	0x31ec	; 0x31ec <__addsf3>

00000ac0 <.LVL15>:
     ac0:	69 83       	std	Y+1, r22	; 0x01
     ac2:	7a 83       	std	Y+2, r23	; 0x02
     ac4:	8b 83       	std	Y+3, r24	; 0x03
     ac6:	9c 83       	std	Y+4, r25	; 0x04

00000ac8 <.Loc.55>:
     ac8:	b8 01       	movw	r22, r16
     aca:	11 0f       	add	r17, r17
     acc:	88 0b       	sbc	r24, r24
     ace:	98 2f       	mov	r25, r24
     ad0:	0e 94 11 1a 	call	0x3422	; 0x3422 <__floatsisf>

00000ad4 <.LVL16>:
     ad4:	ed 81       	ldd	r30, Y+5	; 0x05
     ad6:	fe 81       	ldd	r31, Y+6	; 0x06
     ad8:	22 8d       	ldd	r18, Z+26	; 0x1a
     ada:	33 8d       	ldd	r19, Z+27	; 0x1b
     adc:	44 8d       	ldd	r20, Z+28	; 0x1c
     ade:	55 8d       	ldd	r21, Z+29	; 0x1d
     ae0:	0e 94 c6 1a 	call	0x358c	; 0x358c <__mulsf3>

00000ae4 <.LVL17>:
     ae4:	9b 01       	movw	r18, r22
     ae6:	ac 01       	movw	r20, r24

00000ae8 <.Loc.56>:
     ae8:	69 81       	ldd	r22, Y+1	; 0x01
     aea:	7a 81       	ldd	r23, Y+2	; 0x02
     aec:	8b 81       	ldd	r24, Y+3	; 0x03
     aee:	9c 81       	ldd	r25, Y+4	; 0x04
     af0:	0e 94 f6 18 	call	0x31ec	; 0x31ec <__addsf3>

00000af4 <.LVL18>:
     af4:	0e 94 d9 19 	call	0x33b2	; 0x33b2 <__fixsfsi>

00000af8 <.LVL19>:

	return pid_out;
}
     af8:	cb 01       	movw	r24, r22
     afa:	0f 90       	pop	r0
     afc:	0f 90       	pop	r0
     afe:	0f 90       	pop	r0
     b00:	0f 90       	pop	r0
     b02:	0f 90       	pop	r0
     b04:	0f 90       	pop	r0
     b06:	df 91       	pop	r29
     b08:	cf 91       	pop	r28
     b0a:	1f 91       	pop	r17
     b0c:	0f 91       	pop	r16
     b0e:	ff 90       	pop	r15
     b10:	ef 90       	pop	r14
     b12:	08 95       	ret

00000b14 <pid_find_ktop_ms>:
{
     b14:	cf 93       	push	r28
     b16:	df 93       	push	r29
     b18:	ec 01       	movw	r28, r24

00000b1a <.Loc.61>:
	pid->pwm.dc.ktop_ms = pid_get_output(pid, error) * pid->algo.scaler_time_ms;
     b1a:	0e 94 09 05 	call	0xa12	; 0xa12 <pid_get_output>

00000b1e <.LVL21>:
     b1e:	48 89       	ldd	r20, Y+16	; 0x10
     b20:	59 89       	ldd	r21, Y+17	; 0x11
     b22:	84 9f       	mul	r24, r20
     b24:	90 01       	movw	r18, r0
     b26:	85 9f       	mul	r24, r21
     b28:	30 0d       	add	r19, r0
     b2a:	94 9f       	mul	r25, r20
     b2c:	30 0d       	add	r19, r0
     b2e:	11 24       	eor	r1, r1

00000b30 <.Loc.64>:
     b30:	28 a3       	std	Y+32, r18	; 0x20
     b32:	39 a3       	std	Y+33, r19	; 0x21

00000b34 <.Loc.65>:
	if (pid->pwm.dc.ktop_ms > pid->algo.pid_out_max_ms)
     b34:	8c 85       	ldd	r24, Y+12	; 0x0c
     b36:	9d 85       	ldd	r25, Y+13	; 0x0d

00000b38 <.Loc.67>:
     b38:	82 17       	cp	r24, r18
     b3a:	93 07       	cpc	r25, r19
     b3c:	1c f4       	brge	.+6      	; 0xb44 <.L14>

00000b3e <.L16>:
		{pid->pwm.dc.ktop_ms = pid->algo.pid_out_min_ms;}
     b3e:	88 a3       	std	Y+32, r24	; 0x20
     b40:	99 a3       	std	Y+33, r25	; 0x21

00000b42 <.Loc.70>:
}
     b42:	05 c0       	rjmp	.+10     	; 0xb4e <.L13>

00000b44 <.L14>:
	else if (pid->pwm.dc.ktop_ms < pid->algo.pid_out_min_ms)
     b44:	8e 85       	ldd	r24, Y+14	; 0x0e
     b46:	9f 85       	ldd	r25, Y+15	; 0x0f

00000b48 <.Loc.73>:
     b48:	28 17       	cp	r18, r24
     b4a:	39 07       	cpc	r19, r25
     b4c:	c4 f3       	brlt	.-16     	; 0xb3e <.L16>

00000b4e <.L13>:
}
     b4e:	df 91       	pop	r29
     b50:	cf 91       	pop	r28

00000b52 <.Loc.75>:
     b52:	08 95       	ret

00000b54 <pid_pwm_control>:
/******************************************
 *
 ******************************************/
void pid_pwm_control(struct PID* pid)
{
     b54:	fc 01       	movw	r30, r24

00000b56 <.Loc.78>:
	pid->pwm.dc.counter_ms++;
     b56:	86 8d       	ldd	r24, Z+30	; 0x1e

00000b58 <.Loc.80>:
     b58:	97 8d       	ldd	r25, Z+31	; 0x1f
     b5a:	01 96       	adiw	r24, 0x01	; 1
     b5c:	86 8f       	std	Z+30, r24	; 0x1e
     b5e:	97 8f       	std	Z+31, r25	; 0x1f

00000b60 <.Loc.81>:

	/* inhibit with -1 */
	if (pid->pwm.timing.sm0 >= 0)
     b60:	44 a1       	ldd	r20, Z+36	; 0x24

00000b62 <.Loc.83>:
     b62:	47 fd       	sbrc	r20, 7
     b64:	10 c0       	rjmp	.+32     	; 0xb86 <.L18>

00000b66 <.Loc.84>:
	{
		if (pid->pwm.dc.ktop_uploaded_ms > 0)
     b66:	22 a1       	ldd	r18, Z+34	; 0x22
     b68:	33 a1       	ldd	r19, Z+35	; 0x23

00000b6a <.Loc.86>:
     b6a:	12 16       	cp	r1, r18
     b6c:	13 06       	cpc	r1, r19
     b6e:	5c f4       	brge	.+22     	; 0xb86 <.L18>

00000b70 <.Loc.87>:
		{
			if (pid->pwm.timing.sm0 == 0)
     b70:	41 30       	cpi	r20, 0x01	; 1
     b72:	f0 f4       	brcc	.+60     	; 0xbb0 <.L19>

00000b74 <.Loc.89>:
			{
				if (pid->pwm.dc.counter_ms >= pid->pwm.timing.k_systemdelay_ton_ms )
     b74:	21 a5       	ldd	r18, Z+41	; 0x29
     b76:	32 a5       	ldd	r19, Z+42	; 0x2a
     b78:	82 17       	cp	r24, r18
     b7a:	93 07       	cpc	r25, r19
     b7c:	20 f0       	brcs	.+8      	; 0xb86 <.L18>

00000b7e <.Loc.91>:
				{
					pid->pwm.dc.counter_ms = 0;
     b7e:	16 8e       	std	Z+30, r1	; 0x1e
     b80:	17 8e       	std	Z+31, r1	; 0x1f

00000b82 <.Loc.93>:
					pid->pwm.timing.sm0++;
     b82:	81 e0       	ldi	r24, 0x01	; 1
     b84:	84 a3       	std	Z+36, r24	; 0x24

00000b86 <.L18>:
			}
		}
	}
	//
	/* period */
	if (pid->pwm.dc.counter_ms >= (pid->pwm.timing.k_systemdelay_ton_ms + pid->algo.pid_out_max_ms + pid->pwm.timing.k_systemdelay_toff_ms) )
     b86:	81 a5       	ldd	r24, Z+41	; 0x29
     b88:	92 a5       	ldd	r25, Z+42	; 0x2a
     b8a:	24 85       	ldd	r18, Z+12	; 0x0c
     b8c:	35 85       	ldd	r19, Z+13	; 0x0d
     b8e:	82 0f       	add	r24, r18
     b90:	93 1f       	adc	r25, r19

00000b92 <.Loc.98>:
     b92:	23 a5       	ldd	r18, Z+43	; 0x2b
     b94:	34 a5       	ldd	r19, Z+44	; 0x2c
     b96:	82 0f       	add	r24, r18
     b98:	93 1f       	adc	r25, r19

00000b9a <.Loc.99>:
     b9a:	26 8d       	ldd	r18, Z+30	; 0x1e
     b9c:	37 8d       	ldd	r19, Z+31	; 0x1f
     b9e:	28 17       	cp	r18, r24
     ba0:	39 07       	cpc	r19, r25
     ba2:	e0 f0       	brcs	.+56     	; 0xbdc <.L17>

00000ba4 <.Loc.100>:
	{
		pid->pwm.dc.counter_ms = 0;
     ba4:	16 8e       	std	Z+30, r1	; 0x1e
     ba6:	17 8e       	std	Z+31, r1	; 0x1f

00000ba8 <.Loc.102>:
		//
		pid->pwm.timing.sm0 = 0;
     ba8:	14 a2       	std	Z+36, r1	; 0x24

00000baa <.Loc.104>:
		//
		pid_pwm_stablish_levelpin(pid);
     baa:	cf 01       	movw	r24, r30
     bac:	0c 94 f0 04 	jmp	0x9e0	; 0x9e0 <pid_pwm_stablish_levelpin>

00000bb0 <.L19>:
			else if (pid->pwm.timing.sm0 == 1)
     bb0:	51 f7       	brne	.-44     	; 0xb86 <.L18>

00000bb2 <.Loc.107>:
				if (pid->pwm.dc.counter_ms >= pid->pwm.dc.ktop_uploaded_ms)
     bb2:	82 17       	cp	r24, r18
     bb4:	93 07       	cpc	r25, r19
     bb6:	38 f3       	brcs	.-50     	; 0xb86 <.L18>

00000bb8 <.Loc.109>:
					if (pid->pwm.dc.ktop_uploaded_ms < pid->algo.pid_out_max_ms)
     bb8:	84 85       	ldd	r24, Z+12	; 0x0c
     bba:	95 85       	ldd	r25, Z+13	; 0x0d
     bbc:	28 17       	cp	r18, r24
     bbe:	39 07       	cpc	r19, r25
     bc0:	14 f7       	brge	.-60     	; 0xb86 <.L18>

00000bc2 <.Loc.111>:
						PinTo0(*pid->pwm.io.port, pid->pwm.io.pin);
     bc2:	a5 a5       	ldd	r26, Z+45	; 0x2d
     bc4:	b6 a5       	ldd	r27, Z+46	; 0x2e
     bc6:	2c 91       	ld	r18, X
     bc8:	37 a5       	ldd	r19, Z+47	; 0x2f
     bca:	81 e0       	ldi	r24, 0x01	; 1
     bcc:	01 c0       	rjmp	.+2      	; 0xbd0 <.L2^B3>

00000bce <.L1^B3>:
     bce:	88 0f       	add	r24, r24

00000bd0 <.L2^B3>:
     bd0:	3a 95       	dec	r19
     bd2:	ea f7       	brpl	.-6      	; 0xbce <.L1^B3>
     bd4:	80 95       	com	r24
     bd6:	82 23       	and	r24, r18
     bd8:	8c 93       	st	X, r24
     bda:	d5 cf       	rjmp	.-86     	; 0xb86 <.L18>

00000bdc <.L17>:
//		{
//			PinTo1(*pid->pwm.io.port, pid->pwm.io.pin);
//		}
		//
	}
}
     bdc:	08 95       	ret

00000bde <pid_job>:
{
     bde:	cf 93       	push	r28
     be0:	df 93       	push	r29
     be2:	ec 01       	movw	r28, r24

00000be4 <.Loc.116>:
	pid_find_ktop_ms(pid, error);
     be4:	0e 94 8a 05 	call	0xb14	; 0xb14 <pid_find_ktop_ms>

00000be8 <.LVL27>:
	if (mainflag.sysTickMs)
     be8:	80 91 61 07 	lds	r24, 0x0761	; 0x800761 <mainflag>

00000bec <.Loc.119>:
     bec:	80 ff       	sbrs	r24, 0
     bee:	11 c0       	rjmp	.+34     	; 0xc12 <.L21>

00000bf0 <.Loc.120>:
		if (++pid->pwm.timing.counter_ticks_ms >= pid->pwm.timing.kmax_ticks_ms)
     bf0:	8d a1       	ldd	r24, Y+37	; 0x25
     bf2:	9e a1       	ldd	r25, Y+38	; 0x26
     bf4:	01 96       	adiw	r24, 0x01	; 1

00000bf6 <.Loc.122>:
     bf6:	8d a3       	std	Y+37, r24	; 0x25
     bf8:	9e a3       	std	Y+38, r25	; 0x26
     bfa:	2f a1       	ldd	r18, Y+39	; 0x27
     bfc:	38 a5       	ldd	r19, Y+40	; 0x28
     bfe:	82 17       	cp	r24, r18
     c00:	93 07       	cpc	r25, r19
     c02:	38 f0       	brcs	.+14     	; 0xc12 <.L21>

00000c04 <.Loc.123>:
			pid->pwm.timing.counter_ticks_ms = 0x00;
     c04:	1d a2       	std	Y+37, r1	; 0x25
     c06:	1e a2       	std	Y+38, r1	; 0x26

00000c08 <.Loc.125>:
			pid_pwm_control(pid);
     c08:	ce 01       	movw	r24, r28

00000c0a <.Loc.126>:
}
     c0a:	df 91       	pop	r29
     c0c:	cf 91       	pop	r28

00000c0e <.Loc.127>:
			pid_pwm_control(pid);
     c0e:	0c 94 aa 05 	jmp	0xb54	; 0xb54 <pid_pwm_control>

00000c12 <.L21>:
}
     c12:	df 91       	pop	r29
     c14:	cf 91       	pop	r28

00000c16 <.Loc.129>:
     c16:	08 95       	ret

00000c18 <indicator_setPortPin>:

volatile struct _indicator indicator;

void indicator_setPortPin(volatile unsigned char *Port8bits, int8_t pin)
{
	indicator.Port8bits = Port8bits;
     c18:	e9 ee       	ldi	r30, 0xE9	; 233
     c1a:	f5 e0       	ldi	r31, 0x05	; 5
     c1c:	90 87       	std	Z+8, r25	; 0x08
     c1e:	87 83       	std	Z+7, r24	; 0x07

00000c20 <.Loc.3>:
	indicator.pin = pin;
     c20:	61 87       	std	Z+9, r22	; 0x09

00000c22 <.Loc.5>:
}
     c22:	08 95       	ret

00000c24 <indicatorTimed_setKSysTickTime_ms>:
	indicator.KOff_MAX = KSysTickTimeOff_ms;
}
#else
void indicatorTimed_setKSysTickTime_ms(uint16_t KSysTickTime_ms)// div by SYSTICK_MS
{
	indicator.KOn_MAX = KSysTickTime_ms;
     c24:	90 93 ed 05 	sts	0x05ED, r25	; 0x8005ed <indicator+0x4>
     c28:	80 93 ec 05 	sts	0x05EC, r24	; 0x8005ec <indicator+0x3>

00000c2c <.Loc.9>:
}
     c2c:	08 95       	ret

00000c2e <indicatorTimed_run>:
#endif

void indicatorTimed_run(void)//indicator
{
	indicator.sm0 = 1;
     c2e:	81 e0       	ldi	r24, 0x01	; 1
     c30:	80 93 e9 05 	sts	0x05E9, r24	; 0x8005e9 <indicator>

00000c34 <.Loc.13>:
}
     c34:	08 95       	ret

00000c36 <indicatorTimed_stop>:
void indicatorTimed_stop(void)
{
	PinTo0(*indicator.Port8bits, indicator.pin);
     c36:	e9 ee       	ldi	r30, 0xE9	; 233
     c38:	f5 e0       	ldi	r31, 0x05	; 5
     c3a:	31 85       	ldd	r19, Z+9	; 0x09
     c3c:	a7 81       	ldd	r26, Z+7	; 0x07
     c3e:	b0 85       	ldd	r27, Z+8	; 0x08
     c40:	2c 91       	ld	r18, X
     c42:	81 e0       	ldi	r24, 0x01	; 1
     c44:	01 c0       	rjmp	.+2      	; 0xc48 <.L2^B1>

00000c46 <.L1^B1>:
     c46:	88 0f       	add	r24, r24

00000c48 <.L2^B1>:
     c48:	3a 95       	dec	r19
     c4a:	ea f7       	brpl	.-6      	; 0xc46 <.L1^B1>
     c4c:	80 95       	com	r24
     c4e:	82 23       	and	r24, r18
     c50:	8c 93       	st	X, r24

00000c52 <.Loc.17>:
	indicator.sm0 = 0;
     c52:	10 82       	st	Z, r1

00000c54 <.Loc.20>:
}
     c54:	08 95       	ret

00000c56 <indicatorTimed_cycle_start>:
//
void indicatorTimed_cycle_start(void)
{
	indicator.sm0 = 3;
     c56:	83 e0       	ldi	r24, 0x03	; 3
     c58:	80 93 e9 05 	sts	0x05E9, r24	; 0x8005e9 <indicator>

00000c5c <.Loc.24>:
}
     c5c:	08 95       	ret

00000c5e <indicator_on>:
 * pero este job es por tiempo, deberia llamarse indicator_timing
 */

void indicator_on(void)
{
	PinTo1(*indicator.Port8bits, indicator.pin);
     c5e:	e9 ee       	ldi	r30, 0xE9	; 233
     c60:	f5 e0       	ldi	r31, 0x05	; 5
     c62:	91 85       	ldd	r25, Z+9	; 0x09
     c64:	07 80       	ldd	r0, Z+7	; 0x07
     c66:	f0 85       	ldd	r31, Z+8	; 0x08
     c68:	e0 2d       	mov	r30, r0
     c6a:	80 81       	ld	r24, Z
     c6c:	21 e0       	ldi	r18, 0x01	; 1
     c6e:	01 c0       	rjmp	.+2      	; 0xc72 <.L2^B2>

00000c70 <.L1^B2>:
     c70:	22 0f       	add	r18, r18

00000c72 <.L2^B2>:
     c72:	9a 95       	dec	r25
     c74:	ea f7       	brpl	.-6      	; 0xc70 <.L1^B2>
     c76:	82 2b       	or	r24, r18
     c78:	80 83       	st	Z, r24

00000c7a <.Loc.28>:
}
     c7a:	08 95       	ret

00000c7c <indicator_off>:
void indicator_off(void)
{
	PinTo0(*indicator.Port8bits, indicator.pin);
     c7c:	e9 ee       	ldi	r30, 0xE9	; 233
     c7e:	f5 e0       	ldi	r31, 0x05	; 5
     c80:	31 85       	ldd	r19, Z+9	; 0x09
     c82:	07 80       	ldd	r0, Z+7	; 0x07
     c84:	f0 85       	ldd	r31, Z+8	; 0x08
     c86:	e0 2d       	mov	r30, r0
     c88:	20 81       	ld	r18, Z
     c8a:	81 e0       	ldi	r24, 0x01	; 1
     c8c:	01 c0       	rjmp	.+2      	; 0xc90 <.L2^B3>

00000c8e <.L1^B3>:
     c8e:	88 0f       	add	r24, r24

00000c90 <.L2^B3>:
     c90:	3a 95       	dec	r19
     c92:	ea f7       	brpl	.-6      	; 0xc8e <.L1^B3>
     c94:	80 95       	com	r24
     c96:	82 23       	and	r24, r18
     c98:	80 83       	st	Z, r24

00000c9a <.Loc.33>:
}
     c9a:	08 95       	ret

00000c9c <indicatorTimed_job>:
void indicatorTimed_job(void)
{
	//1 ON, run and stop automatically
	if (indicator.sm0 == 1)
     c9c:	80 91 e9 05 	lds	r24, 0x05E9	; 0x8005e9 <indicator>

00000ca0 <.Loc.38>:
     ca0:	81 30       	cpi	r24, 0x01	; 1
     ca2:	99 f5       	brne	.+102    	; 0xd0a <.L9>

00000ca4 <.Loc.39>:
	{
		PinTo1(*indicator.Port8bits, indicator.pin);
     ca4:	90 91 f2 05 	lds	r25, 0x05F2	; 0x8005f2 <indicator+0x9>
     ca8:	e0 91 f0 05 	lds	r30, 0x05F0	; 0x8005f0 <indicator+0x7>
     cac:	f0 91 f1 05 	lds	r31, 0x05F1	; 0x8005f1 <indicator+0x8>
     cb0:	80 81       	ld	r24, Z
     cb2:	21 e0       	ldi	r18, 0x01	; 1
     cb4:	01 c0       	rjmp	.+2      	; 0xcb8 <.L2^B4>

00000cb6 <.L1^B4>:
     cb6:	22 0f       	add	r18, r18

00000cb8 <.L2^B4>:
     cb8:	9a 95       	dec	r25
     cba:	ea f7       	brpl	.-6      	; 0xcb6 <.L1^B4>
     cbc:	82 2b       	or	r24, r18
     cbe:	80 83       	st	Z, r24

00000cc0 <.Loc.41>:
		indicator.counter0 = 0;
     cc0:	10 92 eb 05 	sts	0x05EB, r1	; 0x8005eb <indicator+0x2>
     cc4:	10 92 ea 05 	sts	0x05EA, r1	; 0x8005ea <indicator+0x1>

00000cc8 <.Loc.44>:
		indicator.sm0++;
     cc8:	80 91 e9 05 	lds	r24, 0x05E9	; 0x8005e9 <indicator>

00000ccc <.Loc.46>:
     ccc:	8f 5f       	subi	r24, 0xFF	; 255
     cce:	80 93 e9 05 	sts	0x05E9, r24	; 0x8005e9 <indicator>

00000cd2 <.L10>:
		}
	}


	//Cycle, stop by user
	if (indicator.sm0 == 3)
     cd2:	80 91 e9 05 	lds	r24, 0x05E9	; 0x8005e9 <indicator>

00000cd6 <.Loc.49>:
     cd6:	83 30       	cpi	r24, 0x03	; 3
     cd8:	d9 f5       	brne	.+118    	; 0xd50 <.L13>

00000cda <.Loc.50>:
	{
		PinToggle(*indicator.Port8bits, indicator.pin);
     cda:	90 91 f2 05 	lds	r25, 0x05F2	; 0x8005f2 <indicator+0x9>
     cde:	e0 91 f0 05 	lds	r30, 0x05F0	; 0x8005f0 <indicator+0x7>
     ce2:	f0 91 f1 05 	lds	r31, 0x05F1	; 0x8005f1 <indicator+0x8>
     ce6:	80 81       	ld	r24, Z
     ce8:	21 e0       	ldi	r18, 0x01	; 1
     cea:	01 c0       	rjmp	.+2      	; 0xcee <.L2^B5>

00000cec <.L1^B5>:
     cec:	22 0f       	add	r18, r18

00000cee <.L2^B5>:
     cee:	9a 95       	dec	r25
     cf0:	ea f7       	brpl	.-6      	; 0xcec <.L1^B5>
     cf2:	82 27       	eor	r24, r18
     cf4:	80 83       	st	Z, r24

00000cf6 <.Loc.52>:
		indicator.counter0 = 0;
     cf6:	10 92 eb 05 	sts	0x05EB, r1	; 0x8005eb <indicator+0x2>
     cfa:	10 92 ea 05 	sts	0x05EA, r1	; 0x8005ea <indicator+0x1>

00000cfe <.Loc.55>:
		indicator.sm0++;
     cfe:	80 91 e9 05 	lds	r24, 0x05E9	; 0x8005e9 <indicator>

00000d02 <.Loc.57>:
     d02:	8f 5f       	subi	r24, 0xFF	; 255

00000d04 <.L23>:
	{
		if (mainflag.sysTickMs)
		{
			if (++indicator.counter0 >= indicator.KOn_MAX)
			{
				indicator.sm0--;
     d04:	80 93 e9 05 	sts	0x05E9, r24	; 0x8005e9 <indicator>

00000d08 <.L8>:
			}
		}
	}

}
     d08:	08 95       	ret

00000d0a <.L9>:
	else if (indicator.sm0 == 2)
     d0a:	80 91 e9 05 	lds	r24, 0x05E9	; 0x8005e9 <indicator>

00000d0e <.Loc.62>:
     d0e:	82 30       	cpi	r24, 0x02	; 2
     d10:	01 f7       	brne	.-64     	; 0xcd2 <.L10>

00000d12 <.Loc.63>:
		if (mainflag.sysTickMs)
     d12:	80 91 61 07 	lds	r24, 0x0761	; 0x800761 <mainflag>

00000d16 <.Loc.65>:
     d16:	80 ff       	sbrs	r24, 0
     d18:	dc cf       	rjmp	.-72     	; 0xcd2 <.L10>

00000d1a <.Loc.66>:
			indicator.counter0++;
     d1a:	80 91 ea 05 	lds	r24, 0x05EA	; 0x8005ea <indicator+0x1>
     d1e:	90 91 eb 05 	lds	r25, 0x05EB	; 0x8005eb <indicator+0x2>

00000d22 <.Loc.68>:
     d22:	01 96       	adiw	r24, 0x01	; 1
     d24:	90 93 eb 05 	sts	0x05EB, r25	; 0x8005eb <indicator+0x2>
     d28:	80 93 ea 05 	sts	0x05EA, r24	; 0x8005ea <indicator+0x1>

00000d2c <.Loc.69>:
			if (indicator.counter0 >= indicator.KOn_MAX)
     d2c:	20 91 ea 05 	lds	r18, 0x05EA	; 0x8005ea <indicator+0x1>
     d30:	30 91 eb 05 	lds	r19, 0x05EB	; 0x8005eb <indicator+0x2>

00000d34 <.Loc.71>:
     d34:	80 91 ec 05 	lds	r24, 0x05EC	; 0x8005ec <indicator+0x3>
     d38:	90 91 ed 05 	lds	r25, 0x05ED	; 0x8005ed <indicator+0x4>

00000d3c <.Loc.72>:
     d3c:	28 17       	cp	r18, r24
     d3e:	39 07       	cpc	r19, r25
     d40:	40 f2       	brcs	.-112    	; 0xcd2 <.L10>

00000d42 <.Loc.73>:
				indicator.counter0 = 0;
     d42:	10 92 eb 05 	sts	0x05EB, r1	; 0x8005eb <indicator+0x2>
     d46:	10 92 ea 05 	sts	0x05EA, r1	; 0x8005ea <indicator+0x1>

00000d4a <.Loc.75>:
				indicatorTimed_stop();
     d4a:	0e 94 1b 06 	call	0xc36	; 0xc36 <indicatorTimed_stop>

00000d4e <.LVL2>:
     d4e:	c1 cf       	rjmp	.-126    	; 0xcd2 <.L10>

00000d50 <.L13>:
	else if (indicator.sm0 == 4)
     d50:	80 91 e9 05 	lds	r24, 0x05E9	; 0x8005e9 <indicator>

00000d54 <.Loc.78>:
     d54:	84 30       	cpi	r24, 0x04	; 4
     d56:	c1 f6       	brne	.-80     	; 0xd08 <.L8>

00000d58 <.Loc.79>:
		if (mainflag.sysTickMs)
     d58:	80 91 61 07 	lds	r24, 0x0761	; 0x800761 <mainflag>

00000d5c <.Loc.81>:
     d5c:	80 ff       	sbrs	r24, 0
     d5e:	d4 cf       	rjmp	.-88     	; 0xd08 <.L8>

00000d60 <.Loc.82>:
			if (++indicator.counter0 >= indicator.KOn_MAX)
     d60:	80 91 ea 05 	lds	r24, 0x05EA	; 0x8005ea <indicator+0x1>
     d64:	90 91 eb 05 	lds	r25, 0x05EB	; 0x8005eb <indicator+0x2>

00000d68 <.Loc.84>:
     d68:	01 96       	adiw	r24, 0x01	; 1

00000d6a <.Loc.85>:
     d6a:	90 93 eb 05 	sts	0x05EB, r25	; 0x8005eb <indicator+0x2>
     d6e:	80 93 ea 05 	sts	0x05EA, r24	; 0x8005ea <indicator+0x1>

00000d72 <.Loc.86>:
     d72:	20 91 ec 05 	lds	r18, 0x05EC	; 0x8005ec <indicator+0x3>
     d76:	30 91 ed 05 	lds	r19, 0x05ED	; 0x8005ed <indicator+0x4>

00000d7a <.Loc.87>:
     d7a:	82 17       	cp	r24, r18
     d7c:	93 07       	cpc	r25, r19
     d7e:	20 f2       	brcs	.-120    	; 0xd08 <.L8>

00000d80 <.Loc.88>:
				indicator.sm0--;
     d80:	80 91 e9 05 	lds	r24, 0x05E9	; 0x8005e9 <indicator>

00000d84 <.Loc.90>:
     d84:	81 50       	subi	r24, 0x01	; 1
     d86:	be cf       	rjmp	.-132    	; 0xd04 <.L23>

00000d88 <keyRead_pin_key0>:

#ifdef iKEY
    static inline uint8_t keyRead_pin_key0(void)
    {
        return ReadPin(PORTRxKB_KEY0, PINxKB_KEY0);
    }
     d88:	88 27       	eor	r24, r24
     d8a:	81 99       	sbic	0x10, 1	; 16
     d8c:	83 95       	inc	r24
     d8e:	08 95       	ret

00000d90 <keyRead_pin_key1>:
    static inline uint8_t keyRead_pin_key1(void)
    {
        return ReadPin(PORTRxKB_KEY1, PINxKB_KEY1);
     d90:	80 b3       	in	r24, 0x10	; 16

00000d92 <.Loc.6>:
    }
     d92:	81 70       	andi	r24, 0x01	; 1
     d94:	08 95       	ret

00000d96 <keyRead_pin_key2>:
    static inline uint8_t keyRead_pin_key2(void)
    {
        return ReadPin(PORTRxKB_KEY2, PINxKB_KEY2);
    }
     d96:	88 27       	eor	r24, r24
     d98:	b3 99       	sbic	0x16, 3	; 22
     d9a:	83 95       	inc	r24
     d9c:	08 95       	ret

00000d9e <keyRead_pin_key3>:
    static inline uint8_t keyRead_pin_key3(void)
    {
        return ReadPin(PORTRxKB_KEY3, PINxKB_KEY3);
    }
     d9e:	88 27       	eor	r24, r24
     da0:	86 99       	sbic	0x10, 6	; 16
     da2:	83 95       	inc	r24
     da4:	08 95       	ret

00000da6 <keyRead_pin_key4>:
    static inline uint8_t keyRead_pin_key4(void)
    {
        return ReadPin(PORTRxKB_KEY4, PINxKB_KEY4);
    }
     da6:	88 27       	eor	r24, r24
     da8:	c9 99       	sbic	0x19, 1	; 25
     daa:	83 95       	inc	r24
     dac:	08 95       	ret

00000dae <keyRead_pin_key5>:
    static inline uint8_t keyRead_pin_key5(void)
	{
		return ReadPin(PORTRxKB_KEY5, PINxKB_KEY5);
     dae:	86 b3       	in	r24, 0x16	; 22

00000db0 <.Loc.19>:
	}
     db0:	81 70       	andi	r24, 0x01	; 1
     db2:	08 95       	ret

00000db4 <keyRead_pin_key6>:
    static inline uint8_t keyRead_pin_key6(void)
	{
		return ReadPin(PORTRxKB_KEY6, PINxKB_KEY6);
	}
     db4:	88 27       	eor	r24, r24
     db6:	cb 99       	sbic	0x19, 3	; 25
     db8:	83 95       	inc	r24
     dba:	08 95       	ret

00000dbc <ikb_setKeyProp>:

   
#endif // iKEY

void ikb_setKeyProp(uint8_t i, struct _key_prop prop)
{
     dbc:	cf 93       	push	r28
     dbe:	df 93       	push	r29
     dc0:	00 d0       	rcall	.+0      	; 0xdc2 <L0^A>

00000dc2 <L0^A>:
     dc2:	00 d0       	rcall	.+0      	; 0xdc4 <L0^A>

00000dc4 <L0^A>:
     dc4:	00 d0       	rcall	.+0      	; 0xdc6 <L0^A>

00000dc6 <L0^A>:
     dc6:	cd b7       	in	r28, 0x3d	; 61
     dc8:	de b7       	in	r29, 0x3e	; 62
     dca:	29 83       	std	Y+1, r18	; 0x01
     dcc:	3a 83       	std	Y+2, r19	; 0x02
     dce:	4b 83       	std	Y+3, r20	; 0x03
     dd0:	5c 83       	std	Y+4, r21	; 0x04
     dd2:	6d 83       	std	Y+5, r22	; 0x05
     dd4:	7e 83       	std	Y+6, r23	; 0x06

00000dd6 <.Loc.25>:
    key[i].prop = prop;
     dd6:	90 e1       	ldi	r25, 0x10	; 16
     dd8:	89 9f       	mul	r24, r25
     dda:	d0 01       	movw	r26, r0
     ddc:	11 24       	eor	r1, r1
     dde:	ad 5f       	subi	r26, 0xFD	; 253
     de0:	b9 4f       	sbci	r27, 0xF9	; 249
     de2:	86 e0       	ldi	r24, 0x06	; 6

00000de4 <.Loc.27>:
     de4:	fe 01       	movw	r30, r28
     de6:	31 96       	adiw	r30, 0x01	; 1

00000de8 <.L0^B1>:
     de8:	01 90       	ld	r0, Z+
     dea:	0d 92       	st	X+, r0
     dec:	8a 95       	dec	r24
     dee:	e1 f7       	brne	.-8      	; 0xde8 <.L0^B1>

00000df0 <.Loc.28>:
}
     df0:	0f 90       	pop	r0
     df2:	0f 90       	pop	r0
     df4:	0f 90       	pop	r0
     df6:	0f 90       	pop	r0
     df8:	0f 90       	pop	r0
     dfa:	0f 90       	pop	r0
     dfc:	df 91       	pop	r29
     dfe:	cf 91       	pop	r28
     e00:	08 95       	ret

00000e02 <ikb_init>:
void ikb_init(void)
{
     e02:	1f 93       	push	r17
     e04:	cf 93       	push	r28
     e06:	df 93       	push	r29
     e08:	00 d0       	rcall	.+0      	; 0xe0a <L0^A>

00000e0a <L0^A>:
     e0a:	00 d0       	rcall	.+0      	; 0xe0c <L0^A>

00000e0c <L0^A>:
     e0c:	00 d0       	rcall	.+0      	; 0xe0e <L0^A>

00000e0e <L0^A>:
     e0e:	cd b7       	in	r28, 0x3d	; 61
     e10:	de b7       	in	r29, 0x3e	; 62

00000e12 <.Loc.30>:
//        PinTo1(PORTWxKB_KEY6, PINxKB_KEY6);
//        PinTo1(PORTWxKB_KEY7, PINxKB_KEY7);
//        PinTo1(PORTWxKB_KEY8, PINxKB_KEY8);


        ConfigInputPin(CONFIGIOxKB_KEY0, PINxKB_KEY0);
     e12:	89 98       	cbi	0x11, 1	; 17

00000e14 <.Loc.33>:
        ConfigInputPin(CONFIGIOxKB_KEY1, PINxKB_KEY1);
     e14:	88 98       	cbi	0x11, 0	; 17

00000e16 <.Loc.36>:
        ConfigInputPin(CONFIGIOxKB_KEY2, PINxKB_KEY2);
     e16:	bb 98       	cbi	0x17, 3	; 23

00000e18 <.Loc.39>:
        ConfigInputPin(CONFIGIOxKB_KEY3, PINxKB_KEY3);
     e18:	8e 98       	cbi	0x11, 6	; 17

00000e1a <.Loc.42>:
        ConfigInputPin(CONFIGIOxKB_KEY4, PINxKB_KEY4);
     e1a:	d1 98       	cbi	0x1a, 1	; 26

00000e1c <.Loc.45>:
        ConfigInputPin(CONFIGIOxKB_KEY5, PINxKB_KEY5);
     e1c:	b8 98       	cbi	0x17, 0	; 23

00000e1e <.Loc.48>:
		ConfigInputPin(CONFIGIOxKB_KEY6, PINxKB_KEY6);
     e1e:	d3 98       	cbi	0x1a, 3	; 26

00000e20 <.Loc.51>:

        key[0].keyRead = keyRead_pin_key0;
     e20:	84 ec       	ldi	r24, 0xC4	; 196
     e22:	96 e0       	ldi	r25, 0x06	; 6
     e24:	90 93 fb 05 	sts	0x05FB, r25	; 0x8005fb <key+0x1>
     e28:	80 93 fa 05 	sts	0x05FA, r24	; 0x8005fa <key>

00000e2c <.Loc.54>:
        key[1].keyRead = keyRead_pin_key1;
     e2c:	88 ec       	ldi	r24, 0xC8	; 200
     e2e:	96 e0       	ldi	r25, 0x06	; 6
     e30:	90 93 0b 06 	sts	0x060B, r25	; 0x80060b <key+0x11>
     e34:	80 93 0a 06 	sts	0x060A, r24	; 0x80060a <key+0x10>

00000e38 <.Loc.56>:
        key[2].keyRead = keyRead_pin_key2;
     e38:	8b ec       	ldi	r24, 0xCB	; 203
     e3a:	96 e0       	ldi	r25, 0x06	; 6
     e3c:	90 93 1b 06 	sts	0x061B, r25	; 0x80061b <key+0x21>
     e40:	80 93 1a 06 	sts	0x061A, r24	; 0x80061a <key+0x20>

00000e44 <.Loc.58>:
        key[3].keyRead = keyRead_pin_key3;
     e44:	8f ec       	ldi	r24, 0xCF	; 207
     e46:	96 e0       	ldi	r25, 0x06	; 6
     e48:	90 93 2b 06 	sts	0x062B, r25	; 0x80062b <key+0x31>
     e4c:	80 93 2a 06 	sts	0x062A, r24	; 0x80062a <key+0x30>

00000e50 <.Loc.60>:
        key[4].keyRead = keyRead_pin_key4;
     e50:	83 ed       	ldi	r24, 0xD3	; 211
     e52:	96 e0       	ldi	r25, 0x06	; 6
     e54:	90 93 3b 06 	sts	0x063B, r25	; 0x80063b <key+0x41>
     e58:	80 93 3a 06 	sts	0x063A, r24	; 0x80063a <key+0x40>

00000e5c <.Loc.62>:
        key[5].keyRead = keyRead_pin_key5;
     e5c:	87 ed       	ldi	r24, 0xD7	; 215
     e5e:	96 e0       	ldi	r25, 0x06	; 6
     e60:	90 93 4b 06 	sts	0x064B, r25	; 0x80064b <key+0x51>
     e64:	80 93 4a 06 	sts	0x064A, r24	; 0x80064a <key+0x50>

00000e68 <.Loc.64>:
		key[6].keyRead = keyRead_pin_key6;
     e68:	8a ed       	ldi	r24, 0xDA	; 218
     e6a:	96 e0       	ldi	r25, 0x06	; 6
     e6c:	90 93 5b 06 	sts	0x065B, r25	; 0x80065b <key+0x61>
     e70:	80 93 5a 06 	sts	0x065A, r24	; 0x80065a <key+0x60>

00000e74 <.Loc.66>:


    #endif // iKEY

    //++--by default init with onKeyPressed = 1
    struct _key_prop prop = {0};
     e74:	fe 01       	movw	r30, r28
     e76:	31 96       	adiw	r30, 0x01	; 1
     e78:	86 e0       	ldi	r24, 0x06	; 6
     e7a:	df 01       	movw	r26, r30

00000e7c <.L0^B2>:
     e7c:	1d 92       	st	X+, r1
     e7e:	8a 95       	dec	r24
     e80:	e9 f7       	brne	.-6      	; 0xe7c <.L0^B2>

00000e82 <.Loc.68>:
    prop = propEmpty;
    prop.uFlag.f.onKeyPressed = 1;
     e82:	89 81       	ldd	r24, Y+1	; 0x01
     e84:	81 60       	ori	r24, 0x01	; 1
     e86:	89 83       	std	Y+1, r24	; 0x01

00000e88 <.LVL2>:
    for (i=0; i< KB_NUM_KEYS; i++)
     e88:	10 e0       	ldi	r17, 0x00	; 0

00000e8a <.L10>:
        {ikb_setKeyProp(i, prop);}
     e8a:	29 81       	ldd	r18, Y+1	; 0x01
     e8c:	3a 81       	ldd	r19, Y+2	; 0x02
     e8e:	4b 81       	ldd	r20, Y+3	; 0x03
     e90:	5c 81       	ldd	r21, Y+4	; 0x04
     e92:	6d 81       	ldd	r22, Y+5	; 0x05
     e94:	7e 81       	ldd	r23, Y+6	; 0x06
     e96:	81 2f       	mov	r24, r17
     e98:	0e 94 de 06 	call	0xdbc	; 0xdbc <ikb_setKeyProp>

00000e9c <.LVL4>:
    for (i=0; i< KB_NUM_KEYS; i++)
     e9c:	1f 5f       	subi	r17, 0xFF	; 255

00000e9e <.Loc.76>:
     e9e:	17 30       	cpi	r17, 0x07	; 7
     ea0:	a1 f7       	brne	.-24     	; 0xe8a <.L10>

00000ea2 <.Loc.77>:
    //--++
}
     ea2:	0f 90       	pop	r0
     ea4:	0f 90       	pop	r0
     ea6:	0f 90       	pop	r0
     ea8:	0f 90       	pop	r0
     eaa:	0f 90       	pop	r0
     eac:	0f 90       	pop	r0
     eae:	df 91       	pop	r29
     eb0:	cf 91       	pop	r28
     eb2:	1f 91       	pop	r17

00000eb4 <.Loc.78>:
     eb4:	08 95       	ret

00000eb6 <ikb_get_AtTimeExpired_BeforeOrAfter>:
{
    ikey_clear_all_flag();
}
uint8_t ikb_get_AtTimeExpired_BeforeOrAfter(uint8_t k)
{
    return key[k].statusFlag.atTimeExpired_beforeOrAfter;
     eb6:	90 e1       	ldi	r25, 0x10	; 16
     eb8:	89 9f       	mul	r24, r25
     eba:	f0 01       	movw	r30, r0
     ebc:	11 24       	eor	r1, r1
     ebe:	e7 5f       	subi	r30, 0xF7	; 247
     ec0:	f9 4f       	sbci	r31, 0xF9	; 249
     ec2:	80 81       	ld	r24, Z

00000ec4 <.Loc.82>:
}
     ec4:	82 fb       	bst	r24, 2
     ec6:	88 27       	eor	r24, r24
     ec8:	80 f9       	bld	r24, 0
     eca:	08 95       	ret

00000ecc <ikb_key_is_ready2read>:
uint8_t ikb_key_is_ready2read(uint8_t k)
{
    return key[k].statusFlag.readyToRead;
     ecc:	90 e1       	ldi	r25, 0x10	; 16
     ece:	89 9f       	mul	r24, r25
     ed0:	f0 01       	movw	r30, r0
     ed2:	11 24       	eor	r1, r1
     ed4:	e7 5f       	subi	r30, 0xF7	; 247
     ed6:	f9 4f       	sbci	r31, 0xF9	; 249
     ed8:	80 81       	ld	r24, Z

00000eda <.Loc.86>:
}
     eda:	86 95       	lsr	r24
     edc:	81 70       	andi	r24, 0x01	; 1
     ede:	08 95       	ret

00000ee0 <ikb_set_ready2read>:
void ikb_set_ready2read(uint8_t k)
{
    key[k].statusFlag.readyToRead = 1;
     ee0:	90 e1       	ldi	r25, 0x10	; 16
     ee2:	89 9f       	mul	r24, r25
     ee4:	f0 01       	movw	r30, r0
     ee6:	11 24       	eor	r1, r1
     ee8:	e7 5f       	subi	r30, 0xF7	; 247
     eea:	f9 4f       	sbci	r31, 0xF9	; 249
     eec:	80 81       	ld	r24, Z

00000eee <.Loc.90>:
     eee:	82 60       	ori	r24, 0x02	; 2
     ef0:	80 83       	st	Z, r24

00000ef2 <.Loc.91>:
}
     ef2:	08 95       	ret

00000ef4 <ikb_key_was_read>:
void ikb_key_was_read(uint8_t k)
{
    key[k].statusFlag.readyToRead = 0;
     ef4:	90 e1       	ldi	r25, 0x10	; 16
     ef6:	89 9f       	mul	r24, r25
     ef8:	f0 01       	movw	r30, r0
     efa:	11 24       	eor	r1, r1
     efc:	e7 5f       	subi	r30, 0xF7	; 247
     efe:	f9 4f       	sbci	r31, 0xF9	; 249
     f00:	80 81       	ld	r24, Z

00000f02 <.Loc.95>:
     f02:	8d 7f       	andi	r24, 0xFD	; 253
     f04:	80 83       	st	Z, r24

00000f06 <.Loc.96>:
}
     f06:	08 95       	ret

00000f08 <ikb_execfunct>:
void ikb_execfunct(uint8_t k)
{
    key[k].keyDo();
     f08:	90 e1       	ldi	r25, 0x10	; 16
     f0a:	89 9f       	mul	r24, r25
     f0c:	f0 01       	movw	r30, r0
     f0e:	11 24       	eor	r1, r1
     f10:	e6 50       	subi	r30, 0x06	; 6
     f12:	fa 4f       	sbci	r31, 0xFA	; 250
     f14:	02 80       	ldd	r0, Z+2	; 0x02
     f16:	f3 81       	ldd	r31, Z+3	; 0x03
     f18:	e0 2d       	mov	r30, r0

00000f1a <.Loc.100>:
     f1a:	09 94       	ijmp

00000f1c <ikb_getKeyState>:
}
//#define KB_KEY_STATE_PRESSED 1
//#define KB_KEY_STATE_RELEASED 0
int8_t ikb_getKeyState(int8_t k)
{
	return key[k].statusFlag.state;
     f1c:	90 e1       	ldi	r25, 0x10	; 16
     f1e:	89 02       	muls	r24, r25
     f20:	f0 01       	movw	r30, r0
     f22:	11 24       	eor	r1, r1
     f24:	e7 5f       	subi	r30, 0xF7	; 247
     f26:	f9 4f       	sbci	r31, 0xF9	; 249
     f28:	80 81       	ld	r24, Z

00000f2a <.Loc.105>:
}
     f2a:	81 70       	andi	r24, 0x01	; 1
     f2c:	08 95       	ret

00000f2e <ikb_getKeyStartPressed>:

int8_t ikb_getKeyStartPressed(int8_t k)
{
	return key[k].statusFlag.startPress;
     f2e:	90 e1       	ldi	r25, 0x10	; 16
     f30:	89 02       	muls	r24, r25
     f32:	f0 01       	movw	r30, r0
     f34:	11 24       	eor	r1, r1
     f36:	e7 5f       	subi	r30, 0xF7	; 247
     f38:	f9 4f       	sbci	r31, 0xF9	; 249
     f3a:	80 81       	ld	r24, Z

00000f3c <.Loc.109>:
}
     f3c:	85 fb       	bst	r24, 5
     f3e:	88 27       	eor	r24, r24
     f40:	80 f9       	bld	r24, 0
     f42:	08 95       	ret

00000f44 <ikb_clearKeyStartPressed>:
void ikb_clearKeyStartPressed(int8_t k)
{
	key[k].statusFlag.startPress = 0;
     f44:	90 e1       	ldi	r25, 0x10	; 16
     f46:	89 02       	muls	r24, r25
     f48:	f0 01       	movw	r30, r0
     f4a:	11 24       	eor	r1, r1
     f4c:	e7 5f       	subi	r30, 0xF7	; 247
     f4e:	f9 4f       	sbci	r31, 0xF9	; 249
     f50:	80 81       	ld	r24, Z

00000f52 <.Loc.113>:
     f52:	8f 7d       	andi	r24, 0xDF	; 223
     f54:	80 83       	st	Z, r24

00000f56 <.Loc.114>:
}
     f56:	08 95       	ret

00000f58 <ikey_scan>:


#define IKEY_SCAN_SETUP_TIMEuS 5//us

void ikey_scan(void)
{
     f58:	ef 92       	push	r14
     f5a:	ff 92       	push	r15
     f5c:	0f 93       	push	r16
     f5e:	1f 93       	push	r17
     f60:	cf 93       	push	r28
     f62:	df 93       	push	r29

00000f64 <.LVL23>:
     f64:	96 e0       	ldi	r25, 0x06	; 6
     f66:	e9 2e       	mov	r14, r25
     f68:	f1 2c       	mov	r15, r1

00000f6a <.L29>:
	#else
		//round up by default
		__ticks_dc = (uint32_t)(__builtin_ceil(__builtin_fabs(__tmp)));
	#endif

	__builtin_avr_delay_cycles(__ticks_dc);
     f6a:	8a e1       	ldi	r24, 0x1A	; 26

00000f6c <.L1^B1>:
     f6c:	8a 95       	dec	r24
     f6e:	f1 f7       	brne	.-4      	; 0xf6c <.L1^B1>
     f70:	00 c0       	rjmp	.+0      	; 0xf72 <L0^A>

00000f72 <L0^A>:
    int8_t k = KB_NUM_KEYS-1;
    do
    {
        __delay_us(IKEY_SCAN_SETUP_TIMEuS);
        
        if (key[k].sm0 == 0)
     f72:	87 01       	movw	r16, r14
     f74:	02 95       	swap	r16
     f76:	12 95       	swap	r17
     f78:	10 7f       	andi	r17, 0xF0	; 240
     f7a:	10 27       	eor	r17, r16
     f7c:	00 7f       	andi	r16, 0xF0	; 240
     f7e:	10 27       	eor	r17, r16
     f80:	e8 01       	movw	r28, r16
     f82:	c6 50       	subi	r28, 0x06	; 6
     f84:	da 4f       	sbci	r29, 0xFA	; 250
     f86:	8c 81       	ldd	r24, Y+4	; 0x04

00000f88 <.Loc.130>:
     f88:	81 11       	cpse	r24, r1
     f8a:	06 c0       	rjmp	.+12     	; 0xf98 <.L21>

00000f8c <.Loc.131>:
        {
            if (key[k].keyRead() == KB_KEY_PINLEVEL_PRESSED)
     f8c:	e8 81       	ld	r30, Y
     f8e:	f9 81       	ldd	r31, Y+1	; 0x01

00000f90 <.Loc.133>:
     f90:	09 95       	icall

00000f92 <.Loc.134>:
     f92:	81 15       	cp	r24, r1

00000f94 <.L34>:
                }
            }
        }
        else if (key[k].sm0 == 2)
        {
            if (key[k].keyRead() == KB_KEY_PINLEVEL_RELEASED)
     f94:	d9 f4       	brne	.+54     	; 0xfcc <.L23>
     f96:	17 c0       	rjmp	.+46     	; 0xfc6 <.L31>

00000f98 <.L21>:
        else if (key[k].sm0 == 1)
     f98:	8c 81       	ldd	r24, Y+4	; 0x04

00000f9a <.Loc.138>:
     f9a:	81 30       	cpi	r24, 0x01	; 1
     f9c:	11 f5       	brne	.+68     	; 0xfe2 <.L24>

00000f9e <.Loc.139>:
            if (++key[k].counter0 == KB_KEY_SCAN_COUNT_DEBOUNCE)
     f9e:	8d 81       	ldd	r24, Y+5	; 0x05

00000fa0 <.Loc.141>:
     fa0:	8f 5f       	subi	r24, 0xFF	; 255

00000fa2 <.Loc.142>:
     fa2:	8d 83       	std	Y+5, r24	; 0x05
     fa4:	81 30       	cpi	r24, 0x01	; 1
     fa6:	91 f4       	brne	.+36     	; 0xfcc <.L23>

00000fa8 <.Loc.143>:
                key[k].counter0 = 0x00;
     fa8:	1d 82       	std	Y+5, r1	; 0x05

00000faa <.Loc.145>:
                if (key[k].keyRead() != KB_KEY_PINLEVEL_PRESSED)
     faa:	e8 81       	ld	r30, Y
     fac:	f9 81       	ldd	r31, Y+1	; 0x01

00000fae <.Loc.147>:
     fae:	09 95       	icall

00000fb0 <.Loc.148>:
     fb0:	81 15       	cp	r24, r1
     fb2:	19 f0       	breq	.+6      	; 0xfba <.L26>

00000fb4 <.L35>:
            {
                key[k].counter0 = 0x00;

                if (key[k].keyRead() != KB_KEY_PINLEVEL_RELEASED)
                {
                    key[k].sm0--;
     fb4:	8c 81       	ldd	r24, Y+4	; 0x04

00000fb6 <.Loc.151>:
     fb6:	81 50       	subi	r24, 0x01	; 1
     fb8:	08 c0       	rjmp	.+16     	; 0xfca <.L32>

00000fba <.L26>:
                    key[k].statusFlag.state = KB_KEY_STATE_PRESSED;
     fba:	f8 01       	movw	r30, r16
     fbc:	e7 5f       	subi	r30, 0xF7	; 247
     fbe:	f9 4f       	sbci	r31, 0xF9	; 249
     fc0:	80 81       	ld	r24, Z
     fc2:	81 60       	ori	r24, 0x01	; 1
     fc4:	80 83       	st	Z, r24

00000fc6 <.L31>:
                    key[k].sm0++;
     fc6:	8c 81       	ldd	r24, Y+4	; 0x04

00000fc8 <.Loc.156>:
     fc8:	8f 5f       	subi	r24, 0xFF	; 255

00000fca <.L32>:
     fca:	8c 83       	std	Y+4, r24	; 0x04

00000fcc <.L23>:
                    key[k].sm0 = 0x00;
                }
            }
        }
    
    }while (--k >= 0);
     fcc:	81 e0       	ldi	r24, 0x01	; 1
     fce:	e8 1a       	sub	r14, r24
     fd0:	f1 08       	sbc	r15, r1
     fd2:	58 f6       	brcc	.-106    	; 0xf6a <.L29>

00000fd4 <.Loc.159>:
}
     fd4:	df 91       	pop	r29
     fd6:	cf 91       	pop	r28
     fd8:	1f 91       	pop	r17
     fda:	0f 91       	pop	r16
     fdc:	ff 90       	pop	r15
     fde:	ef 90       	pop	r14

00000fe0 <.Loc.160>:
     fe0:	08 95       	ret

00000fe2 <.L24>:
        else if (key[k].sm0 == 2)
     fe2:	8c 81       	ldd	r24, Y+4	; 0x04

00000fe4 <.Loc.163>:
     fe4:	82 30       	cpi	r24, 0x02	; 2
     fe6:	29 f4       	brne	.+10     	; 0xff2 <.L27>

00000fe8 <.Loc.164>:
            if (key[k].keyRead() == KB_KEY_PINLEVEL_RELEASED)
     fe8:	e8 81       	ld	r30, Y
     fea:	f9 81       	ldd	r31, Y+1	; 0x01

00000fec <.Loc.166>:
     fec:	09 95       	icall

00000fee <.Loc.167>:
     fee:	81 30       	cpi	r24, 0x01	; 1
     ff0:	d1 cf       	rjmp	.-94     	; 0xf94 <.L34>

00000ff2 <.L27>:
        else if (key[k].sm0 == 3)
     ff2:	8c 81       	ldd	r24, Y+4	; 0x04

00000ff4 <.Loc.170>:
     ff4:	83 30       	cpi	r24, 0x03	; 3
     ff6:	51 f7       	brne	.-44     	; 0xfcc <.L23>

00000ff8 <.Loc.171>:
            if (++key[k].counter0 == KB_KEY_SCAN_COUNT_DEBOUNCE)
     ff8:	8d 81       	ldd	r24, Y+5	; 0x05

00000ffa <.Loc.173>:
     ffa:	8f 5f       	subi	r24, 0xFF	; 255

00000ffc <.Loc.174>:
     ffc:	8d 83       	std	Y+5, r24	; 0x05
     ffe:	81 30       	cpi	r24, 0x01	; 1
    1000:	29 f7       	brne	.-54     	; 0xfcc <.L23>

00001002 <.Loc.175>:
                key[k].counter0 = 0x00;
    1002:	1d 82       	std	Y+5, r1	; 0x05

00001004 <.Loc.177>:
                if (key[k].keyRead() != KB_KEY_PINLEVEL_RELEASED)
    1004:	e8 81       	ld	r30, Y
    1006:	f9 81       	ldd	r31, Y+1	; 0x01

00001008 <.Loc.179>:
    1008:	09 95       	icall

0000100a <.Loc.180>:
    100a:	81 30       	cpi	r24, 0x01	; 1
    100c:	99 f6       	brne	.-90     	; 0xfb4 <.L35>

0000100e <.Loc.181>:
                    key[k].statusFlag.state = KB_KEY_STATE_RELEASED;
    100e:	f8 01       	movw	r30, r16
    1010:	e7 5f       	subi	r30, 0xF7	; 247
    1012:	f9 4f       	sbci	r31, 0xF9	; 249
    1014:	80 81       	ld	r24, Z
    1016:	8e 7f       	andi	r24, 0xFE	; 254
    1018:	80 83       	st	Z, r24

0000101a <.Loc.183>:
                    key[k].sm0 = 0x00;
    101a:	1c 82       	std	Y+4, r1	; 0x04
    101c:	d7 cf       	rjmp	.-82     	; 0xfcc <.L23>

0000101e <ikb_inReptt>:
    _STAGE_END_PARSING_,
};

int8_t ikb_inReptt(int8_t k)
{
	if (key[k].sm1 == _STAGE_REPTT_)
    101e:	90 e1       	ldi	r25, 0x10	; 16
    1020:	89 02       	muls	r24, r25
    1022:	f0 01       	movw	r30, r0
    1024:	11 24       	eor	r1, r1
    1026:	e6 50       	subi	r30, 0x06	; 6
    1028:	fa 4f       	sbci	r31, 0xFA	; 250
    102a:	96 81       	ldd	r25, Z+6	; 0x06

0000102c <.Loc.188>:
    102c:	81 e0       	ldi	r24, 0x01	; 1

0000102e <.Loc.189>:
    102e:	98 30       	cpi	r25, 0x08	; 8
    1030:	09 f4       	brne	.+2      	; 0x1034 <.L37>
    1032:	80 e0       	ldi	r24, 0x00	; 0

00001034 <.L37>:
		return 0;
	else
		return 1;
}
    1034:	08 95       	ret

00001036 <ikey_parsing>:

void ikey_parsing(void)
{
    1036:	0f 93       	push	r16
    1038:	1f 93       	push	r17
    103a:	cf 93       	push	r28
    103c:	df 93       	push	r29

0000103e <.LVL36>:
    103e:	20 e0       	ldi	r18, 0x00	; 0
    1040:	30 e0       	ldi	r19, 0x00	; 0

00001042 <.Loc.196>:
        if (key[k].sm1 == _STAGE_REPTT_ )
        {
            if ( ++key[k].counter1 >= key[k].prop.repttTh.breakTime)
            {
                key[k].counter1 =0;
                key[k].sm1 = _STAGE_REPTT_1_;
    1042:	49 e0       	ldi	r20, 0x09	; 9

00001044 <.Loc.197>:
        if (key[k].sm1 == _STAGE_REPTT_1_)	//ping-pong between 1<->2
        {
            if (key[k].statusFlag.readyToRead == KBAPP_ALREADYREAD)			//ya leyo?
            {
                key[k].statusFlag.readyToRead = KBAPP_READY2READ;				//Repopulate again
                key[k].sm1 = _STAGE_REPTT_2_;
    1044:	ca e0       	ldi	r28, 0x0A	; 10

00001046 <.Loc.198>:
        if (key[k].sm1 == _STAGE_ONKEYRELEASED_ )
        {
            if (key[k].statusFlag.state == KB_KEY_STATE_RELEASED)	//ya solto?
            {
                key[k].statusFlag.readyToRead = KBAPP_READY2READ;							//Populate Key to app.
                key[k].sm1 = _STAGE_ISKEY_READFROMAPP_;		//esperar x leer
    1046:	53 e0       	ldi	r21, 0x03	; 3

00001048 <.Loc.199>:
        if (key[k].sm1 == _STAGE_ISKEY_RELEASED2_)		//added 2019
        {
            if (key[k].statusFlag.state == KB_KEY_STATE_RELEASED)					
            {
                key[k].statusFlag.readyToRead = KBAPP_ALREADYREAD;
                key[k].sm1 = _STAGE_END_PARSING_;
    1048:	62 e0       	ldi	r22, 0x02	; 2
    104a:	7b e0       	ldi	r23, 0x0B	; 11

0000104c <.L73>:
        if ( key[k].sm1 == _STAGE_START_PARSING_ )
    104c:	c9 01       	movw	r24, r18
    104e:	82 95       	swap	r24
    1050:	92 95       	swap	r25
    1052:	90 7f       	andi	r25, 0xF0	; 240
    1054:	98 27       	eor	r25, r24
    1056:	80 7f       	andi	r24, 0xF0	; 240
    1058:	98 27       	eor	r25, r24
    105a:	fc 01       	movw	r30, r24
    105c:	e6 50       	subi	r30, 0x06	; 6
    105e:	fa 4f       	sbci	r31, 0xFA	; 250
    1060:	a6 81       	ldd	r26, Z+6	; 0x06

00001062 <.Loc.202>:
    1062:	a1 11       	cpse	r26, r1
    1064:	40 c0       	rjmp	.+128    	; 0x10e6 <.L40>

00001066 <.LBB8>:
    if (key[k].prop.numGroup > NO_GROUP_X)	//esta agrupado ?
    1066:	a6 85       	ldd	r26, Z+14	; 0x0e

00001068 <.Loc.207>:
    1068:	a1 15       	cp	r26, r1
    106a:	69 f0       	breq	.+26     	; 0x1086 <.L41>

0000106c <.Loc.208>:
        if (group_x[key[k].prop.numGroup] == GROUP_LOCKED)
    106c:	e6 85       	ldd	r30, Z+14	; 0x0e
    106e:	f0 e0       	ldi	r31, 0x00	; 0

00001070 <.Loc.210>:
    1070:	ed 50       	subi	r30, 0x0D	; 13
    1072:	fa 4f       	sbci	r31, 0xFA	; 250

00001074 <.Loc.211>:
    1074:	e0 81       	ld	r30, Z
    1076:	e1 30       	cpi	r30, 0x01	; 1
    1078:	31 f4       	brne	.+12     	; 0x1086 <.L41>

0000107a <.Loc.212>:
            if ( !key[k].statusFlag.ownerOfGroup)	//Si no es quien gano la propiedad...
    107a:	fc 01       	movw	r30, r24
    107c:	e7 5f       	subi	r30, 0xF7	; 247
    107e:	f9 4f       	sbci	r31, 0xF9	; 249
    1080:	e0 81       	ld	r30, Z

00001082 <.Loc.214>:
    1082:	e3 ff       	sbrs	r30, 3
    1084:	30 c0       	rjmp	.+96     	; 0x10e6 <.L40>

00001086 <.L41>:
                if (key[k].statusFlag.state == KB_KEY_STATE_PRESSED)
    1086:	dc 01       	movw	r26, r24
    1088:	a7 5f       	subi	r26, 0xF7	; 247
    108a:	b9 4f       	sbci	r27, 0xF9	; 249
    108c:	ec 91       	ld	r30, X
    108e:	1e 2f       	mov	r17, r30
    1090:	11 70       	andi	r17, 0x01	; 1

00001092 <.Loc.218>:
    1092:	e0 ff       	sbrs	r30, 0
    1094:	28 c0       	rjmp	.+80     	; 0x10e6 <.L40>

00001096 <.Loc.219>:
                    if (key[k].prop.uFlag.f.onKeyPressed)
    1096:	fc 01       	movw	r30, r24
    1098:	ed 5f       	subi	r30, 0xFD	; 253
    109a:	f9 4f       	sbci	r31, 0xF9	; 249
    109c:	d0 81       	ld	r29, Z

0000109e <.Loc.221>:
    109e:	d0 ff       	sbrs	r29, 0
    10a0:	53 c1       	rjmp	.+678    	; 0x1348 <.L43>

000010a2 <.Loc.222>:
                        key[k].statusFlag.readyToRead = KBAPP_READY2READ;	//Populate Key to app.
    10a2:	dc 91       	ld	r29, X
    10a4:	d2 60       	ori	r29, 0x02	; 2
    10a6:	dc 93       	st	X, r29

000010a8 <.Loc.224>:
                        if (key[k].prop.uFlag.f.reptt)
    10a8:	a0 81       	ld	r26, Z
    10aa:	fc 01       	movw	r30, r24
    10ac:	e6 50       	subi	r30, 0x06	; 6
    10ae:	fa 4f       	sbci	r31, 0xFA	; 250

000010b0 <.Loc.226>:
    10b0:	a1 ff       	sbrs	r26, 1
    10b2:	03 c0       	rjmp	.+6      	; 0x10ba <.L44>

000010b4 <.Loc.227>:
                            key[k].sm1 = _STAGE_REPTT_;
    10b4:	a8 e0       	ldi	r26, 0x08	; 8

000010b6 <.L90>:
                        key[k].sm1 = _STAGE_ONKEYRELEASED_;
    10b6:	a6 83       	std	Z+6, r26	; 0x06
    10b8:	01 c0       	rjmp	.+2      	; 0x10bc <.L45>

000010ba <.L44>:
                            key[k].sm1 = _STAGE_ISKEY_RELEASED_;
    10ba:	16 83       	std	Z+6, r17	; 0x06

000010bc <.L45>:
                    key[k].statusFlag.inProcessing = 1;
    10bc:	dc 01       	movw	r26, r24
    10be:	a7 5f       	subi	r26, 0xF7	; 247
    10c0:	b9 4f       	sbci	r27, 0xF9	; 249
    10c2:	ec 91       	ld	r30, X
    10c4:	e0 61       	ori	r30, 0x10	; 16
    10c6:	ec 93       	st	X, r30

000010c8 <.Loc.234>:
                    if (key[k].prop.numGroup > NO_GROUP_X)
    10c8:	fc 01       	movw	r30, r24
    10ca:	e6 50       	subi	r30, 0x06	; 6
    10cc:	fa 4f       	sbci	r31, 0xFA	; 250
    10ce:	d6 85       	ldd	r29, Z+14	; 0x0e

000010d0 <.Loc.236>:
    10d0:	d1 15       	cp	r29, r1
    10d2:	49 f0       	breq	.+18     	; 0x10e6 <.L40>

000010d4 <.Loc.237>:
                        group_x[ key[k].prop.numGroup ] = GROUP_LOCKED;
    10d4:	e6 85       	ldd	r30, Z+14	; 0x0e
    10d6:	f0 e0       	ldi	r31, 0x00	; 0

000010d8 <.Loc.239>:
    10d8:	ed 50       	subi	r30, 0x0D	; 13
    10da:	fa 4f       	sbci	r31, 0xFA	; 250
    10dc:	d1 e0       	ldi	r29, 0x01	; 1
    10de:	d0 83       	st	Z, r29

000010e0 <.Loc.240>:
                        key[k].statusFlag.ownerOfGroup = 1;
    10e0:	ec 91       	ld	r30, X
    10e2:	e8 60       	ori	r30, 0x08	; 8
    10e4:	ec 93       	st	X, r30

000010e6 <.L40>:
        if ( (key[k].sm1 >= _STAGE_REPTT_ ) && (key[k].sm1 <= _STAGE_REPTT_2_))
    10e6:	fc 01       	movw	r30, r24
    10e8:	e6 50       	subi	r30, 0x06	; 6
    10ea:	fa 4f       	sbci	r31, 0xFA	; 250
    10ec:	a6 81       	ldd	r26, Z+6	; 0x06

000010ee <.Loc.244>:
    10ee:	a8 30       	cpi	r26, 0x08	; 8
    10f0:	68 f0       	brcs	.+26     	; 0x110c <.L49>

000010f2 <.Loc.245>:
    10f2:	a6 81       	ldd	r26, Z+6	; 0x06

000010f4 <.Loc.246>:
    10f4:	ab 30       	cpi	r26, 0x0B	; 11
    10f6:	50 f4       	brcc	.+20     	; 0x110c <.L49>

000010f8 <.Loc.247>:
            if (key[k].statusFlag.state == KB_KEY_STATE_RELEASED)			//ya solto?
    10f8:	dc 01       	movw	r26, r24
    10fa:	a7 5f       	subi	r26, 0xF7	; 247
    10fc:	b9 4f       	sbci	r27, 0xF9	; 249
    10fe:	ac 91       	ld	r26, X

00001100 <.Loc.249>:
    1100:	a0 fd       	sbrc	r26, 0
    1102:	04 c0       	rjmp	.+8      	; 0x110c <.L49>

00001104 <.Loc.250>:
                key[k].counter1 = 0;				//stop timmer
    1104:	10 86       	std	Z+8, r1	; 0x08
    1106:	17 82       	std	Z+7, r1	; 0x07

00001108 <.Loc.252>:
                key[k].sm1 = _STAGE_ISKEY_READFROMAPP_;
    1108:	a3 e0       	ldi	r26, 0x03	; 3
    110a:	a6 83       	std	Z+6, r26	; 0x06

0000110c <.L49>:
        if (key[k].sm1 == _STAGE_REPTT_ )
    110c:	fc 01       	movw	r30, r24
    110e:	e6 50       	subi	r30, 0x06	; 6
    1110:	fa 4f       	sbci	r31, 0xFA	; 250
    1112:	a6 81       	ldd	r26, Z+6	; 0x06

00001114 <.Loc.256>:
    1114:	a8 30       	cpi	r26, 0x08	; 8
    1116:	69 f4       	brne	.+26     	; 0x1132 <.L51>

00001118 <.Loc.257>:
            if ( ++key[k].counter1 >= key[k].prop.repttTh.breakTime)
    1118:	a7 81       	ldd	r26, Z+7	; 0x07
    111a:	b0 85       	ldd	r27, Z+8	; 0x08

0000111c <.Loc.259>:
    111c:	11 96       	adiw	r26, 0x01	; 1

0000111e <.Loc.260>:
    111e:	b0 87       	std	Z+8, r27	; 0x08
    1120:	a7 83       	std	Z+7, r26	; 0x07

00001122 <.Loc.261>:
    1122:	02 85       	ldd	r16, Z+10	; 0x0a
    1124:	13 85       	ldd	r17, Z+11	; 0x0b

00001126 <.Loc.262>:
    1126:	a0 17       	cp	r26, r16
    1128:	b1 07       	cpc	r27, r17
    112a:	18 f0       	brcs	.+6      	; 0x1132 <.L51>

0000112c <.Loc.263>:
                key[k].counter1 =0;
    112c:	10 86       	std	Z+8, r1	; 0x08
    112e:	17 82       	std	Z+7, r1	; 0x07

00001130 <.Loc.265>:
                key[k].sm1 = _STAGE_REPTT_1_;
    1130:	46 83       	std	Z+6, r20	; 0x06

00001132 <.L51>:
        if (key[k].sm1 == _STAGE_REPTT_1_)	//ping-pong between 1<->2
    1132:	dc 01       	movw	r26, r24
    1134:	a6 50       	subi	r26, 0x06	; 6
    1136:	ba 4f       	sbci	r27, 0xFA	; 250
    1138:	16 96       	adiw	r26, 0x06	; 6
    113a:	ec 91       	ld	r30, X
    113c:	16 97       	sbiw	r26, 0x06	; 6

0000113e <.Loc.269>:
    113e:	e9 30       	cpi	r30, 0x09	; 9
    1140:	59 f4       	brne	.+22     	; 0x1158 <.L53>

00001142 <.Loc.270>:
            if (key[k].statusFlag.readyToRead == KBAPP_ALREADYREAD)			//ya leyo?
    1142:	fc 01       	movw	r30, r24
    1144:	e7 5f       	subi	r30, 0xF7	; 247
    1146:	f9 4f       	sbci	r31, 0xF9	; 249
    1148:	d0 81       	ld	r29, Z

0000114a <.Loc.272>:
    114a:	d1 fd       	sbrc	r29, 1
    114c:	05 c0       	rjmp	.+10     	; 0x1158 <.L53>

0000114e <.Loc.273>:
                key[k].statusFlag.readyToRead = KBAPP_READY2READ;				//Repopulate again
    114e:	d0 81       	ld	r29, Z
    1150:	d2 60       	ori	r29, 0x02	; 2
    1152:	d0 83       	st	Z, r29

00001154 <.Loc.275>:
                key[k].sm1 = _STAGE_REPTT_2_;
    1154:	16 96       	adiw	r26, 0x06	; 6
    1156:	cc 93       	st	X, r28

00001158 <.L53>:
        if (key[k].sm1 == _STAGE_REPTT_2_)	//ping-pong 2<->1
    1158:	fc 01       	movw	r30, r24
    115a:	e6 50       	subi	r30, 0x06	; 6
    115c:	fa 4f       	sbci	r31, 0xFA	; 250
    115e:	a6 81       	ldd	r26, Z+6	; 0x06

00001160 <.Loc.279>:
    1160:	aa 30       	cpi	r26, 0x0A	; 10
    1162:	69 f4       	brne	.+26     	; 0x117e <.L55>

00001164 <.Loc.280>:
            if ( ++key[k].counter1 >= key[k].prop.repttTh.period)
    1164:	a7 81       	ldd	r26, Z+7	; 0x07
    1166:	b0 85       	ldd	r27, Z+8	; 0x08

00001168 <.Loc.282>:
    1168:	11 96       	adiw	r26, 0x01	; 1

0000116a <.Loc.283>:
    116a:	b0 87       	std	Z+8, r27	; 0x08
    116c:	a7 83       	std	Z+7, r26	; 0x07

0000116e <.Loc.284>:
    116e:	04 85       	ldd	r16, Z+12	; 0x0c
    1170:	15 85       	ldd	r17, Z+13	; 0x0d

00001172 <.Loc.285>:
    1172:	a0 17       	cp	r26, r16
    1174:	b1 07       	cpc	r27, r17
    1176:	18 f0       	brcs	.+6      	; 0x117e <.L55>

00001178 <.Loc.286>:
                key[k].counter1 = 0;
    1178:	10 86       	std	Z+8, r1	; 0x08
    117a:	17 82       	std	Z+7, r1	; 0x07

0000117c <.Loc.288>:
                key[k].sm1 = _STAGE_REPTT_1_;
    117c:	46 83       	std	Z+6, r20	; 0x06

0000117e <.L55>:
        if (key[k].sm1 == _STAGE_ONKEYRELEASED_ )
    117e:	dc 01       	movw	r26, r24
    1180:	a6 50       	subi	r26, 0x06	; 6
    1182:	ba 4f       	sbci	r27, 0xFA	; 250
    1184:	16 96       	adiw	r26, 0x06	; 6
    1186:	ec 91       	ld	r30, X
    1188:	16 97       	sbiw	r26, 0x06	; 6

0000118a <.Loc.292>:
    118a:	e6 30       	cpi	r30, 0x06	; 6
    118c:	59 f4       	brne	.+22     	; 0x11a4 <.L57>

0000118e <.Loc.293>:
            if (key[k].statusFlag.state == KB_KEY_STATE_RELEASED)	//ya solto?
    118e:	fc 01       	movw	r30, r24
    1190:	e7 5f       	subi	r30, 0xF7	; 247
    1192:	f9 4f       	sbci	r31, 0xF9	; 249
    1194:	d0 81       	ld	r29, Z

00001196 <.Loc.295>:
    1196:	d0 fd       	sbrc	r29, 0
    1198:	05 c0       	rjmp	.+10     	; 0x11a4 <.L57>

0000119a <.Loc.296>:
                key[k].statusFlag.readyToRead = KBAPP_READY2READ;							//Populate Key to app.
    119a:	d0 81       	ld	r29, Z
    119c:	d2 60       	ori	r29, 0x02	; 2
    119e:	d0 83       	st	Z, r29

000011a0 <.Loc.298>:
                key[k].sm1 = _STAGE_ISKEY_READFROMAPP_;		//esperar x leer
    11a0:	16 96       	adiw	r26, 0x06	; 6
    11a2:	5c 93       	st	X, r21

000011a4 <.L57>:
        if (key[k].sm1 == _STAGE_WHILEPRESSING_ )   //added 2019
    11a4:	fc 01       	movw	r30, r24
    11a6:	e6 50       	subi	r30, 0x06	; 6
    11a8:	fa 4f       	sbci	r31, 0xFA	; 250
    11aa:	a6 81       	ldd	r26, Z+6	; 0x06

000011ac <.Loc.302>:
    11ac:	a7 30       	cpi	r26, 0x07	; 7
    11ae:	39 f4       	brne	.+14     	; 0x11be <.L58>

000011b0 <.Loc.303>:
            key[k].statusFlag.readyToRead = KBAPP_READY2READ;	//Populate Key to app.
    11b0:	dc 01       	movw	r26, r24
    11b2:	a7 5f       	subi	r26, 0xF7	; 247
    11b4:	b9 4f       	sbci	r27, 0xF9	; 249
    11b6:	dc 91       	ld	r29, X
    11b8:	d2 60       	ori	r29, 0x02	; 2
    11ba:	dc 93       	st	X, r29

000011bc <.Loc.305>:
            key[k].sm1 = _STAGE_ISKEY_RELEASED2_;
    11bc:	66 83       	std	Z+6, r22	; 0x06

000011be <.L58>:
        if (key[k].sm1 == _STAGE_FIREATIMEEXPIRED_ )
    11be:	fc 01       	movw	r30, r24
    11c0:	e6 50       	subi	r30, 0x06	; 6
    11c2:	fa 4f       	sbci	r31, 0xFA	; 250
    11c4:	a6 81       	ldd	r26, Z+6	; 0x06

000011c6 <.Loc.309>:
    11c6:	a4 30       	cpi	r26, 0x04	; 4
    11c8:	a1 f5       	brne	.+104    	; 0x1232 <.L60>

000011ca <.Loc.310>:
            key[k].counter1++;
    11ca:	a7 81       	ldd	r26, Z+7	; 0x07
    11cc:	b0 85       	ldd	r27, Z+8	; 0x08

000011ce <.Loc.312>:
    11ce:	11 96       	adiw	r26, 0x01	; 1
    11d0:	b0 87       	std	Z+8, r27	; 0x08
    11d2:	a7 83       	std	Z+7, r26	; 0x07

000011d4 <.Loc.313>:
            if (key[k].statusFlag.state == KB_KEY_STATE_RELEASED)	//ya solto?
    11d4:	dc 01       	movw	r26, r24
    11d6:	a7 5f       	subi	r26, 0xF7	; 247
    11d8:	b9 4f       	sbci	r27, 0xF9	; 249
    11da:	dc 91       	ld	r29, X

000011dc <.Loc.315>:
    11dc:	d0 fd       	sbrc	r29, 0
    11de:	0f c0       	rjmp	.+30     	; 0x11fe <.L61>

000011e0 <.Loc.316>:
                if (key[k].counter1 <= (_FIRE_AT_TIME_THRESHOLD_) )	//USANDO UN SOLO CONTADOR,
    11e0:	07 81       	ldd	r16, Z+7	; 0x07
    11e2:	10 85       	ldd	r17, Z+8	; 0x08

000011e4 <.Loc.318>:
    11e4:	03 33       	cpi	r16, 0x33	; 51
    11e6:	11 05       	cpc	r17, r1
    11e8:	50 f4       	brcc	.+20     	; 0x11fe <.L61>

000011ea <.Loc.319>:
                    key[k].counter1	= 0;							//PUES SE USA EN TIEMPOS DIFERENTES
    11ea:	10 86       	std	Z+8, r1	; 0x08
    11ec:	17 82       	std	Z+7, r1	; 0x07

000011ee <.Loc.321>:
                    key[k].statusFlag.readyToRead = KBAPP_READY2READ;
    11ee:	dc 91       	ld	r29, X
    11f0:	d2 60       	ori	r29, 0x02	; 2
    11f2:	dc 93       	st	X, r29

000011f4 <.Loc.323>:
                    key[k].statusFlag.atTimeExpired_beforeOrAfter = KB_BEFORE_THR;
    11f4:	dc 91       	ld	r29, X
    11f6:	db 7f       	andi	r29, 0xFB	; 251
    11f8:	dc 93       	st	X, r29

000011fa <.Loc.325>:
                    key[k].sm1 = _STAGE_ISKEY_READFROMAPP_;		//Go directly to wait for read key from high-level application
    11fa:	a3 e0       	ldi	r26, 0x03	; 3
    11fc:	a6 83       	std	Z+6, r26	; 0x06

000011fe <.L61>:
            if (key[k].counter1 > (_FIRE_AT_TIME_THRESHOLD_) )
    11fe:	fc 01       	movw	r30, r24
    1200:	e6 50       	subi	r30, 0x06	; 6
    1202:	fa 4f       	sbci	r31, 0xFA	; 250
    1204:	a7 81       	ldd	r26, Z+7	; 0x07
    1206:	b0 85       	ldd	r27, Z+8	; 0x08

00001208 <.Loc.329>:
    1208:	d3 97       	sbiw	r26, 0x33	; 51
    120a:	98 f0       	brcs	.+38     	; 0x1232 <.L60>

0000120c <.Loc.330>:
                key[k].counter1 = 0x0000;
    120c:	10 86       	std	Z+8, r1	; 0x08
    120e:	17 82       	std	Z+7, r1	; 0x07

00001210 <.Loc.332>:
                key[k].statusFlag.readyToRead = KBAPP_READY2READ;
    1210:	dc 01       	movw	r26, r24
    1212:	a7 5f       	subi	r26, 0xF7	; 247
    1214:	b9 4f       	sbci	r27, 0xF9	; 249
    1216:	dc 91       	ld	r29, X
    1218:	d2 60       	ori	r29, 0x02	; 2
    121a:	dc 93       	st	X, r29

0000121c <.Loc.334>:
                key[k].statusFlag.atTimeExpired_beforeOrAfter = KB_AFTER_THR;	//queda senializado
    121c:	dc 91       	ld	r29, X
    121e:	d4 60       	ori	r29, 0x04	; 4
    1220:	dc 93       	st	X, r29

00001222 <.Loc.336>:
                if (!key[k].prop.uFlag.f.reptt)							//x No Reptt
    1222:	dc 01       	movw	r26, r24
    1224:	ad 5f       	subi	r26, 0xFD	; 253
    1226:	b9 4f       	sbci	r27, 0xF9	; 249
    1228:	ac 91       	ld	r26, X

0000122a <.Loc.338>:
    122a:	a1 fd       	sbrc	r26, 1
    122c:	ab c0       	rjmp	.+342    	; 0x1384 <.L63>

0000122e <.Loc.339>:
                    key[k].sm1 = _STAGE_ISKEY_RELEASED_;   //wait for key is release
    122e:	a1 e0       	ldi	r26, 0x01	; 1

00001230 <.L92>:
                    key[k].sm1 = _STAGE_REPTT_2_;
    1230:	a6 83       	std	Z+6, r26	; 0x06

00001232 <.L60>:
        if (key[k].sm1 == _STAGE_FIREATIMEEXPIRED_2_)//nueva opcion 2017
    1232:	fc 01       	movw	r30, r24
    1234:	e6 50       	subi	r30, 0x06	; 6
    1236:	fa 4f       	sbci	r31, 0xFA	; 250
    1238:	a6 81       	ldd	r26, Z+6	; 0x06

0000123a <.Loc.344>:
    123a:	a5 30       	cpi	r26, 0x05	; 5
    123c:	89 f5       	brne	.+98     	; 0x12a0 <.L65>

0000123e <.Loc.345>:
            key[k].counter1++;
    123e:	a7 81       	ldd	r26, Z+7	; 0x07
    1240:	b0 85       	ldd	r27, Z+8	; 0x08

00001242 <.Loc.347>:
    1242:	11 96       	adiw	r26, 0x01	; 1
    1244:	b0 87       	std	Z+8, r27	; 0x08
    1246:	a7 83       	std	Z+7, r26	; 0x07

00001248 <.Loc.348>:
            if (key[k].statusFlag.state == KB_KEY_STATE_RELEASED) //ya solto?
    1248:	dc 01       	movw	r26, r24
    124a:	a7 5f       	subi	r26, 0xF7	; 247
    124c:	b9 4f       	sbci	r27, 0xF9	; 249
    124e:	dc 91       	ld	r29, X

00001250 <.Loc.350>:
    1250:	d0 fd       	sbrc	r29, 0
    1252:	0f c0       	rjmp	.+30     	; 0x1272 <.L66>

00001254 <.Loc.351>:
                if (key[k].counter1 <= (_FIRE_AT_TIME_THRESHOLD_)) //primer threshold
    1254:	07 81       	ldd	r16, Z+7	; 0x07
    1256:	10 85       	ldd	r17, Z+8	; 0x08

00001258 <.Loc.353>:
    1258:	03 33       	cpi	r16, 0x33	; 51
    125a:	11 05       	cpc	r17, r1
    125c:	50 f4       	brcc	.+20     	; 0x1272 <.L66>

0000125e <.Loc.354>:
                    key[k].counter1 = 0; //PUES SE USA EN TIEMPOS DIFERENTES
    125e:	10 86       	std	Z+8, r1	; 0x08
    1260:	17 82       	std	Z+7, r1	; 0x07

00001262 <.Loc.356>:
                    key[k].statusFlag.readyToRead = KBAPP_READY2READ;
    1262:	dc 91       	ld	r29, X
    1264:	d2 60       	ori	r29, 0x02	; 2
    1266:	dc 93       	st	X, r29

00001268 <.Loc.358>:
                    key[k].statusFlag.atTimeExpired_beforeOrAfter = KB_BEFORE_THR;
    1268:	dc 91       	ld	r29, X
    126a:	db 7f       	andi	r29, 0xFB	; 251
    126c:	dc 93       	st	X, r29

0000126e <.Loc.360>:
                    key[k].sm1 = _STAGE_ISKEY_READFROMAPP_; //Go directly to wait for read key from high-level application
    126e:	a3 e0       	ldi	r26, 0x03	; 3
    1270:	a6 83       	std	Z+6, r26	; 0x06

00001272 <.L66>:
            if (key[k].counter1 >= (_FIRE_AT_TIME_THRESHOLD2_))
    1272:	dc 01       	movw	r26, r24
    1274:	a6 50       	subi	r26, 0x06	; 6
    1276:	ba 4f       	sbci	r27, 0xFA	; 250
    1278:	17 96       	adiw	r26, 0x07	; 7
    127a:	ed 91       	ld	r30, X+
    127c:	fd 91       	ld	r31, X+
    127e:	19 97       	sbiw	r26, 0x09	; 9

00001280 <.Loc.364>:
    1280:	eb 34       	cpi	r30, 0x4B	; 75
    1282:	f1 05       	cpc	r31, r1
    1284:	68 f0       	brcs	.+26     	; 0x12a0 <.L65>

00001286 <.Loc.365>:
                key[k].counter1 = 0x0000;
    1286:	19 96       	adiw	r26, 0x09	; 9
    1288:	1e 92       	st	-X, r1
    128a:	1e 92       	st	-X, r1

0000128c <.Loc.367>:
                key[k].statusFlag.readyToRead = KBAPP_READY2READ;
    128c:	fc 01       	movw	r30, r24
    128e:	e7 5f       	subi	r30, 0xF7	; 247
    1290:	f9 4f       	sbci	r31, 0xF9	; 249
    1292:	d0 81       	ld	r29, Z
    1294:	d2 60       	ori	r29, 0x02	; 2
    1296:	d0 83       	st	Z, r29

00001298 <.Loc.369>:
                key[k].statusFlag.atTimeExpired_beforeOrAfter = KB_AFTER_THR; //queda senializado
    1298:	d0 81       	ld	r29, Z
    129a:	d4 60       	ori	r29, 0x04	; 4
    129c:	d0 83       	st	Z, r29

0000129e <.Loc.371>:
                key[k].sm1 = _STAGE_ISKEY_RELEASED2_; //wait for key is release
    129e:	6e 93       	st	-X, r22

000012a0 <.L65>:
        if (key[k].sm1 == _STAGE_ISKEY_RELEASED_)		//MODO->FireOnKeyPressed + no Repetitibilidad 	//MODO->solo esperar que suelte
    12a0:	fc 01       	movw	r30, r24
    12a2:	e6 50       	subi	r30, 0x06	; 6
    12a4:	fa 4f       	sbci	r31, 0xFA	; 250
    12a6:	a6 81       	ldd	r26, Z+6	; 0x06

000012a8 <.Loc.375>:
    12a8:	a1 30       	cpi	r26, 0x01	; 1
    12aa:	31 f4       	brne	.+12     	; 0x12b8 <.L68>

000012ac <.Loc.376>:
            if (key[k].statusFlag.state == KB_KEY_STATE_RELEASED)						//ya solto?
    12ac:	dc 01       	movw	r26, r24
    12ae:	a7 5f       	subi	r26, 0xF7	; 247
    12b0:	b9 4f       	sbci	r27, 0xF9	; 249
    12b2:	ac 91       	ld	r26, X

000012b4 <.Loc.378>:
    12b4:	a0 ff       	sbrs	r26, 0

000012b6 <.Loc.379>:
                key[k].sm1 = _STAGE_ISKEY_READFROMAPP_;   //esperar x leer
    12b6:	56 83       	std	Z+6, r21	; 0x06

000012b8 <.L68>:
        if (key[k].sm1 == _STAGE_ISKEY_RELEASED2_)		//added 2019
    12b8:	dc 01       	movw	r26, r24
    12ba:	a6 50       	subi	r26, 0x06	; 6
    12bc:	ba 4f       	sbci	r27, 0xFA	; 250
    12be:	16 96       	adiw	r26, 0x06	; 6
    12c0:	ec 91       	ld	r30, X
    12c2:	16 97       	sbiw	r26, 0x06	; 6

000012c4 <.Loc.383>:
    12c4:	e2 30       	cpi	r30, 0x02	; 2
    12c6:	59 f4       	brne	.+22     	; 0x12de <.L69>

000012c8 <.Loc.384>:
            if (key[k].statusFlag.state == KB_KEY_STATE_RELEASED)					
    12c8:	fc 01       	movw	r30, r24
    12ca:	e7 5f       	subi	r30, 0xF7	; 247
    12cc:	f9 4f       	sbci	r31, 0xF9	; 249
    12ce:	d0 81       	ld	r29, Z

000012d0 <.Loc.386>:
    12d0:	d0 fd       	sbrc	r29, 0
    12d2:	05 c0       	rjmp	.+10     	; 0x12de <.L69>

000012d4 <.Loc.387>:
                key[k].statusFlag.readyToRead = KBAPP_ALREADYREAD;
    12d4:	d0 81       	ld	r29, Z
    12d6:	dd 7f       	andi	r29, 0xFD	; 253
    12d8:	d0 83       	st	Z, r29

000012da <.Loc.389>:
                key[k].sm1 = _STAGE_END_PARSING_;
    12da:	16 96       	adiw	r26, 0x06	; 6
    12dc:	7c 93       	st	X, r23

000012de <.L69>:
            }
        }
        //_________________________________________________________________________________________
        if (key[k].sm1 == _STAGE_ISKEY_READFROMAPP_)
    12de:	fc 01       	movw	r30, r24
    12e0:	e6 50       	subi	r30, 0x06	; 6
    12e2:	fa 4f       	sbci	r31, 0xFA	; 250
    12e4:	a6 81       	ldd	r26, Z+6	; 0x06

000012e6 <.Loc.393>:
    12e6:	a3 30       	cpi	r26, 0x03	; 3
    12e8:	31 f4       	brne	.+12     	; 0x12f6 <.L70>

000012ea <.Loc.394>:
        {
            if (key[k].statusFlag.readyToRead == KBAPP_ALREADYREAD)	//ya leyo? //added 2019: || (terminate_key) la app. mata el proceso...
    12ea:	dc 01       	movw	r26, r24
    12ec:	a7 5f       	subi	r26, 0xF7	; 247
    12ee:	b9 4f       	sbci	r27, 0xF9	; 249
    12f0:	ac 91       	ld	r26, X

000012f2 <.Loc.396>:
    12f2:	a1 ff       	sbrs	r26, 1

000012f4 <.Loc.397>:
            {
                key[k].sm1 = _STAGE_END_PARSING_;
    12f4:	76 83       	std	Z+6, r23	; 0x06

000012f6 <.L70>:
            }
        }
        //_________________________________________________________________________________________
        if (key[k].sm1 == _STAGE_END_PARSING_)
    12f6:	fc 01       	movw	r30, r24
    12f8:	e6 50       	subi	r30, 0x06	; 6
    12fa:	fa 4f       	sbci	r31, 0xFA	; 250
    12fc:	a6 81       	ldd	r26, Z+6	; 0x06

000012fe <.Loc.401>:
    12fe:	ab 30       	cpi	r26, 0x0B	; 11
    1300:	c1 f4       	brne	.+48     	; 0x1332 <.L71>

00001302 <.Loc.402>:
        {
            if (key[k].prop.numGroup > NO_GROUP_X)	//forma grupo?
    1302:	a6 85       	ldd	r26, Z+14	; 0x0e

00001304 <.Loc.404>:
    1304:	a1 15       	cp	r26, r1
    1306:	59 f0       	breq	.+22     	; 0x131e <.L72>

00001308 <.Loc.405>:
            {
                group_x[key[k].prop.numGroup] = GROUP_UNLOCKED;
    1308:	e6 85       	ldd	r30, Z+14	; 0x0e
    130a:	f0 e0       	ldi	r31, 0x00	; 0

0000130c <.Loc.407>:
    130c:	ed 50       	subi	r30, 0x0D	; 13
    130e:	fa 4f       	sbci	r31, 0xFA	; 250
    1310:	10 82       	st	Z, r1

00001312 <.Loc.408>:
                key[k].statusFlag.ownerOfGroup = 0;
    1312:	fc 01       	movw	r30, r24
    1314:	e7 5f       	subi	r30, 0xF7	; 247
    1316:	f9 4f       	sbci	r31, 0xF9	; 249
    1318:	a0 81       	ld	r26, Z
    131a:	a7 7f       	andi	r26, 0xF7	; 247
    131c:	a0 83       	st	Z, r26

0000131e <.L72>:
            }

            key[k].sm1 = _STAGE_START_PARSING_;
    131e:	fc 01       	movw	r30, r24
    1320:	e6 50       	subi	r30, 0x06	; 6
    1322:	fa 4f       	sbci	r31, 0xFA	; 250
    1324:	16 82       	std	Z+6, r1	; 0x06

00001326 <.Loc.412>:

            //Add++
            key[k].statusFlag.inProcessing = 0;
    1326:	fc 01       	movw	r30, r24
    1328:	e7 5f       	subi	r30, 0xF7	; 247
    132a:	f9 4f       	sbci	r31, 0xF9	; 249
    132c:	80 81       	ld	r24, Z
    132e:	8f 7e       	andi	r24, 0xEF	; 239
    1330:	80 83       	st	Z, r24

00001332 <.L71>:
    for (k=0; k < KB_NUM_KEYS; k++)
    1332:	2f 5f       	subi	r18, 0xFF	; 255
    1334:	3f 4f       	sbci	r19, 0xFF	; 255

00001336 <.Loc.416>:
    1336:	27 30       	cpi	r18, 0x07	; 7
    1338:	31 05       	cpc	r19, r1
    133a:	09 f0       	breq	.+2      	; 0x133e <.Loc.417>

0000133c <L0^A>:
    133c:	87 ce       	rjmp	.-754    	; 0x104c <.L73>

0000133e <.Loc.417>:
            //++
        }
    }
}
    133e:	df 91       	pop	r29
    1340:	cf 91       	pop	r28
    1342:	1f 91       	pop	r17
    1344:	0f 91       	pop	r16
    1346:	08 95       	ret

00001348 <.L43>:
                    else if ( key[k].prop.uFlag.f.onKeyReleased)
    1348:	d0 81       	ld	r29, Z

0000134a <.Loc.420>:
    134a:	d2 ff       	sbrs	r29, 2
    134c:	05 c0       	rjmp	.+10     	; 0x1358 <.L46>

0000134e <.Loc.421>:
                        key[k].sm1 = _STAGE_ONKEYRELEASED_;
    134e:	a6 e0       	ldi	r26, 0x06	; 6

00001350 <.L91>:
    1350:	fc 01       	movw	r30, r24
    1352:	e6 50       	subi	r30, 0x06	; 6
    1354:	fa 4f       	sbci	r31, 0xFA	; 250
    1356:	af ce       	rjmp	.-674    	; 0x10b6 <.L90>

00001358 <.L46>:
                    else if ( key[k].prop.uFlag.f.whilePressing)
    1358:	d0 81       	ld	r29, Z

0000135a <.Loc.425>:
    135a:	d3 ff       	sbrs	r29, 3
    135c:	02 c0       	rjmp	.+4      	; 0x1362 <.L47>

0000135e <.Loc.426>:
                        key[k].sm1 = _STAGE_WHILEPRESSING_;
    135e:	a7 e0       	ldi	r26, 0x07	; 7
    1360:	f7 cf       	rjmp	.-18     	; 0x1350 <.L91>

00001362 <.L47>:
                    else if (key[k].prop.uFlag.f.atTimeExpired)
    1362:	d0 81       	ld	r29, Z

00001364 <.Loc.430>:
    1364:	d4 ff       	sbrs	r29, 4
    1366:	02 c0       	rjmp	.+4      	; 0x136c <.L48>

00001368 <.Loc.431>:
                        key[k].sm1 = _STAGE_FIREATIMEEXPIRED_;
    1368:	a4 e0       	ldi	r26, 0x04	; 4
    136a:	f2 cf       	rjmp	.-28     	; 0x1350 <.L91>

0000136c <.L48>:
                    else if (key[k].prop.uFlag.f.atTimeExpired2)
    136c:	e0 81       	ld	r30, Z

0000136e <.Loc.435>:
    136e:	e5 ff       	sbrs	r30, 5
    1370:	a5 ce       	rjmp	.-694    	; 0x10bc <.L45>

00001372 <.Loc.436>:
                        key[k].sm1 = _STAGE_FIREATIMEEXPIRED_2_;
    1372:	d5 e0       	ldi	r29, 0x05	; 5
    1374:	fc 01       	movw	r30, r24
    1376:	e6 50       	subi	r30, 0x06	; 6
    1378:	fa 4f       	sbci	r31, 0xFA	; 250
    137a:	d6 83       	std	Z+6, r29	; 0x06

0000137c <.Loc.438>:
                        key[k].statusFlag.startPress = 1;//clear in app if necessary
    137c:	ec 91       	ld	r30, X
    137e:	e0 62       	ori	r30, 0x20	; 32
    1380:	ec 93       	st	X, r30
    1382:	9c ce       	rjmp	.-712    	; 0x10bc <.L45>

00001384 <.L63>:
                    key[k].sm1 = _STAGE_REPTT_2_;
    1384:	aa e0       	ldi	r26, 0x0A	; 10
    1386:	54 cf       	rjmp	.-344    	; 0x1230 <.L92>

00001388 <ikb_job>:
    ikey_scan();
    1388:	0e 94 ac 07 	call	0xf58	; 0xf58 <ikey_scan>

0000138c <.LVL42>:
    ikey_parsing();
    138c:	0c 94 1b 08 	jmp	0x1036	; 0x1036 <ikey_parsing>

00001390 <ikey_is_all_hw_released>:
int8_t ikey_is_all_hw_released(void)//hardware release
{
    1390:	80 e0       	ldi	r24, 0x00	; 0
    1392:	90 e0       	ldi	r25, 0x00	; 0

00001394 <.L96>:
    uint8_t i;
    for (i=0; i<KB_NUM_KEYS; i++)
    {
        if (key[i].statusFlag.state == KB_KEY_STATE_PRESSED)
    1394:	fc 01       	movw	r30, r24
    1396:	e2 95       	swap	r30
    1398:	f2 95       	swap	r31
    139a:	f0 7f       	andi	r31, 0xF0	; 240
    139c:	fe 27       	eor	r31, r30
    139e:	e0 7f       	andi	r30, 0xF0	; 240
    13a0:	fe 27       	eor	r31, r30
    13a2:	e7 5f       	subi	r30, 0xF7	; 247
    13a4:	f9 4f       	sbci	r31, 0xF9	; 249
    13a6:	20 81       	ld	r18, Z

000013a8 <.Loc.452>:
    13a8:	20 fd       	sbrc	r18, 0
    13aa:	06 c0       	rjmp	.+12     	; 0x13b8 <.L97>

000013ac <.Loc.453>:
    for (i=0; i<KB_NUM_KEYS; i++)
    13ac:	01 96       	adiw	r24, 0x01	; 1

000013ae <.Loc.455>:
    13ae:	87 30       	cpi	r24, 0x07	; 7
    13b0:	91 05       	cpc	r25, r1
    13b2:	81 f7       	brne	.-32     	; 0x1394 <.L96>

000013b4 <.Loc.456>:
        {
            return 0;
        }
    }
    return 1;
    13b4:	81 e0       	ldi	r24, 0x01	; 1

000013b6 <.Loc.457>:
    13b6:	08 95       	ret

000013b8 <.L97>:
            return 0;
    13b8:	80 e0       	ldi	r24, 0x00	; 0

000013ba <.Loc.459>:
}
    13ba:	08 95       	ret

000013bc <ikey_clear_all_flag>:

void ikey_clear_all_flag(void)//clear ReadyToRead
{
    13bc:	80 e0       	ldi	r24, 0x00	; 0
    13be:	90 e0       	ldi	r25, 0x00	; 0

000013c0 <.L100>:
    uint8_t i;
    for (i=0; i<KB_NUM_KEYS; i++)
    {
        //if (key[i].statusFlag.ReadyToRead)
            key[i].statusFlag.readyToRead = 0;
    13c0:	fc 01       	movw	r30, r24
    13c2:	e2 95       	swap	r30
    13c4:	f2 95       	swap	r31
    13c6:	f0 7f       	andi	r31, 0xF0	; 240
    13c8:	fe 27       	eor	r31, r30
    13ca:	e0 7f       	andi	r30, 0xF0	; 240
    13cc:	fe 27       	eor	r31, r30
    13ce:	e7 5f       	subi	r30, 0xF7	; 247
    13d0:	f9 4f       	sbci	r31, 0xF9	; 249
    13d2:	20 81       	ld	r18, Z
    13d4:	2d 7f       	andi	r18, 0xFD	; 253
    13d6:	20 83       	st	Z, r18

000013d8 <.Loc.467>:
    for (i=0; i<KB_NUM_KEYS; i++)
    13d8:	01 96       	adiw	r24, 0x01	; 1

000013da <.Loc.469>:
    13da:	87 30       	cpi	r24, 0x07	; 7
    13dc:	91 05       	cpc	r25, r1
    13de:	81 f7       	brne	.-32     	; 0x13c0 <.L100>

000013e0 <.Loc.470>:
    }
}
    13e0:	08 95       	ret

000013e2 <ikb_flush>:
    ikey_clear_all_flag();
    13e2:	0c 94 de 09 	jmp	0x13bc	; 0x13bc <ikey_clear_all_flag>

000013e6 <ikey_is_all_process_finished>:

int8_t ikey_is_all_process_finished(void)
{
    13e6:	80 e0       	ldi	r24, 0x00	; 0
    13e8:	90 e0       	ldi	r25, 0x00	; 0

000013ea <.L105>:
    uint8_t i;
    for (i=0; i<KB_NUM_KEYS; i++)
    {
        if (key[i].statusFlag.inProcessing == 1)
    13ea:	fc 01       	movw	r30, r24
    13ec:	e2 95       	swap	r30
    13ee:	f2 95       	swap	r31
    13f0:	f0 7f       	andi	r31, 0xF0	; 240
    13f2:	fe 27       	eor	r31, r30
    13f4:	e0 7f       	andi	r30, 0xF0	; 240
    13f6:	fe 27       	eor	r31, r30
    13f8:	e7 5f       	subi	r30, 0xF7	; 247
    13fa:	f9 4f       	sbci	r31, 0xF9	; 249
    13fc:	20 81       	ld	r18, Z

000013fe <.Loc.480>:
    13fe:	24 fd       	sbrc	r18, 4
    1400:	06 c0       	rjmp	.+12     	; 0x140e <.L106>

00001402 <.Loc.481>:
    for (i=0; i<KB_NUM_KEYS; i++)
    1402:	01 96       	adiw	r24, 0x01	; 1

00001404 <.Loc.483>:
    1404:	87 30       	cpi	r24, 0x07	; 7
    1406:	91 05       	cpc	r25, r1
    1408:	81 f7       	brne	.-32     	; 0x13ea <.L105>

0000140a <.Loc.484>:
        {
            return 0;
        }
    }
    return 1;
    140a:	81 e0       	ldi	r24, 0x01	; 1

0000140c <.Loc.485>:
    140c:	08 95       	ret

0000140e <.L106>:
            return 0;
    140e:	80 e0       	ldi	r24, 0x00	; 0

00001410 <.Loc.487>:
}
    1410:	08 95       	ret

00001412 <groupDig_setStrDig>:
	const char *strDig;
}groupDig;

void groupDig_setStrDig(const char *str)
{
	groupDig.strDig = str;
    1412:	80 93 79 06 	sts	0x0679, r24	; 0x800679 <groupDig+0xf>
    1416:	90 93 7a 06 	sts	0x067A, r25	; 0x80067a <groupDig+0x10>

0000141a <.Loc.3>:
}
    141a:	08 95       	ret

0000141c <error_job>:
struct _error e_reset;

unsigned char disp7s_data_array_saved[DISP7S_TOTAL_NUMMAX];

int8_t error_job(void)
{
    141c:	0f 93       	push	r16
    141e:	1f 93       	push	r17
    1420:	cf 93       	push	r28
    1422:	df 93       	push	r29
    1424:	cd b7       	in	r28, 0x3d	; 61
    1426:	de b7       	in	r29, 0x3e	; 62
    1428:	2c 97       	sbiw	r28, 0x0c	; 12
    142a:	0f b6       	in	r0, 0x3f	; 63
    142c:	f8 94       	cli
    142e:	de bf       	out	0x3e, r29	; 62
    1430:	0f be       	out	0x3f, r0	; 63
    1432:	cd bf       	out	0x3d, r28	; 61

00001434 <.Loc.1>:
	int8_t counter;
	unsigned char str[10];//cambiar a char_arr

	//+++++++++++++++++++++++++++++++++++++++++++++++++
	//+++++++++++++++++++++++++++++++++++++++++++++++++
	if (e.f.indicator == 0)
    1434:	80 91 93 06 	lds	r24, 0x0693	; 0x800693 <e+0x3>
    1438:	90 91 95 06 	lds	r25, 0x0695	; 0x800695 <e+0x5>

0000143c <.Loc.5>:
    143c:	80 fd       	sbrc	r24, 0
    143e:	7c c0       	rjmp	.+248    	; 0x1538 <.L2>

00001440 <.LBB2>:
	{
		for (int i=0; i<ERROR_SIZE; i++)
		{
			if (e.sensor[i].code > 0)//existe algun error?
    1440:	19 16       	cp	r1, r25
    1442:	44 f0       	brlt	.+16     	; 0x1454 <.L3>

00001444 <.Loc.10>:
    1444:	80 91 97 06 	lds	r24, 0x0697	; 0x800697 <e+0x7>
    1448:	18 16       	cp	r1, r24
    144a:	24 f0       	brlt	.+8      	; 0x1454 <.L3>

0000144c <.Loc.13>:
    144c:	80 91 99 06 	lds	r24, 0x0699	; 0x800699 <e+0x9>
    1450:	18 16       	cp	r1, r24
    1452:	cc f4       	brge	.+50     	; 0x1486 <.L4>

00001454 <.L3>:
			{
				e.f.indicator = 1;
    1454:	80 91 93 06 	lds	r24, 0x0693	; 0x800693 <e+0x3>
    1458:	81 60       	ori	r24, 0x01	; 1
    145a:	80 93 93 06 	sts	0x0693, r24	; 0x800693 <e+0x3>

0000145e <.Loc.19>:
				//

				indicatorTimed_setKSysTickTime_ms(150/SYSTICK_MS);
    145e:	86 e9       	ldi	r24, 0x96	; 150
    1460:	90 e0       	ldi	r25, 0x00	; 0
    1462:	0e 94 12 06 	call	0xc24	; 0xc24 <indicatorTimed_setKSysTickTime_ms>

00001466 <.LVL4>:
				indicatorTimed_cycle_start();
    1466:	0e 94 2b 06 	call	0xc56	; 0xc56 <indicatorTimed_cycle_start>

0000146a <.LVL5>:
				//
				pid_pwm_set_pin(&mypid0, 0);
    146a:	60 e0       	ldi	r22, 0x00	; 0
    146c:	8e ee       	ldi	r24, 0xEE	; 238
    146e:	96 e0       	ldi	r25, 0x06	; 6
    1470:	0e 94 dd 04 	call	0x9ba	; 0x9ba <pid_pwm_set_pin>

00001474 <.LBB3>:
				//

				for (int x=0; x<DISP7S_TOTAL_NUMMAX; x++)
				{
					disp7s_data_array_saved[x] = disp7s_data_array[x];
    1474:	88 e0       	ldi	r24, 0x08	; 8
    1476:	e6 ee       	ldi	r30, 0xE6	; 230
    1478:	f6 e0       	ldi	r31, 0x06	; 6
    147a:	ae e7       	ldi	r26, 0x7E	; 126
    147c:	b6 e0       	ldi	r27, 0x06	; 6

0000147e <.L0^B1>:
    147e:	01 90       	ld	r0, Z+
    1480:	0d 92       	st	X+, r0
    1482:	8a 95       	dec	r24
    1484:	e1 f7       	brne	.-8      	; 0x147e <.L0^B1>

00001486 <.L4>:
		}
	}
	//+++++++++++++++++++++++++++++++++++++++++
	//+++++++++++++++++++++++++++++++++++++++++

	if (e.sensor[e.idx].sm0 == 0)
    1486:	80 91 90 06 	lds	r24, 0x0690	; 0x800690 <e>

0000148a <.Loc.29>:
    148a:	e8 2f       	mov	r30, r24
    148c:	ee 0f       	add	r30, r30
    148e:	ff 0b       	sbc	r31, r31
    1490:	ec 56       	subi	r30, 0x6C	; 108
    1492:	f9 4f       	sbci	r31, 0xF9	; 249
    1494:	90 81       	ld	r25, Z

00001496 <.Loc.30>:
    1496:	91 30       	cpi	r25, 0x01	; 1
    1498:	08 f0       	brcs	.+2      	; 0x149c <.Loc.31>

0000149a <L0^A>:
    149a:	7b c0       	rjmp	.+246    	; 0x1592 <.L8>

0000149c <.Loc.31>:
	{
		if (e.sensor[e.idx].code > 0)//hay error
    149c:	e8 2f       	mov	r30, r24
    149e:	ee 0f       	add	r30, r30
    14a0:	ff 0b       	sbc	r31, r31
    14a2:	e0 57       	subi	r30, 0x70	; 112
    14a4:	f9 4f       	sbci	r31, 0xF9	; 249

000014a6 <.Loc.33>:
    14a6:	95 81       	ldd	r25, Z+5	; 0x05
    14a8:	19 16       	cp	r1, r25
    14aa:	0c f0       	brlt	.+2      	; 0x14ae <.Loc.34>

000014ac <L0^A>:
    14ac:	96 c0       	rjmp	.+300    	; 0x15da <.L28>

000014ae <.Loc.34>:
		{
			//[Err  text]
			disp7s_clear_all();
    14ae:	0e 94 0f 0e 	call	0x1c1e	; 0x1c1e <disp7s_clear_all>

000014b2 <.LVL8>:
			strncpy(str,DIPS7S_MSG_ERROR,BASKET_DISP_MAX_CHARS_PERBASKET);
    14b2:	44 e0       	ldi	r20, 0x04	; 4
    14b4:	50 e0       	ldi	r21, 0x00	; 0
    14b6:	6d eb       	ldi	r22, 0xBD	; 189
    14b8:	74 e0       	ldi	r23, 0x04	; 4
    14ba:	8e 01       	movw	r16, r28
    14bc:	0f 5f       	subi	r16, 0xFF	; 255
    14be:	1f 4f       	sbci	r17, 0xFF	; 255
    14c0:	c8 01       	movw	r24, r16
    14c2:	0e 94 45 1b 	call	0x368a	; 0x368a <strncpy>

000014c6 <.LVL9>:
			disp7s_update_data_array(str, BASKETLEFT_DISP_CURSOR_START_X, BASKET_DISP_MAX_CHARS_PERBASKET);
    14c6:	44 e0       	ldi	r20, 0x04	; 4
    14c8:	60 e0       	ldi	r22, 0x00	; 0
    14ca:	c8 01       	movw	r24, r16
    14cc:	0e 94 ea 0d 	call	0x1bd4	; 0x1bd4 <disp7s_update_data_array>

000014d0 <.LVL10>:

			if (e.idx == ERROR_IDX_THERMOCOUPLE)
    14d0:	80 91 90 06 	lds	r24, 0x0690	; 0x800690 <e>
    14d4:	0b 87       	std	Y+11, r16	; 0x0b
    14d6:	1c 87       	std	Y+12, r17	; 0x0c

000014d8 <.Loc.39>:
			{
				strncpy(str,DIPS7S_MSG_THERMOCOUPLE_NC,BASKET_DISP_MAX_CHARS_PERBASKET);
    14d8:	44 e0       	ldi	r20, 0x04	; 4
    14da:	50 e0       	ldi	r21, 0x00	; 0
    14dc:	69 eb       	ldi	r22, 0xB9	; 185
    14de:	74 e0       	ldi	r23, 0x04	; 4

000014e0 <.Loc.40>:
			if (e.idx == ERROR_IDX_THERMOCOUPLE)
    14e0:	81 30       	cpi	r24, 0x01	; 1
    14e2:	30 f0       	brcs	.+12     	; 0x14f0 <.L25>

000014e4 <.Loc.41>:
			}
			else if (e.idx == ERROR_IDX_THERMOPILE)
    14e4:	09 f0       	breq	.+2      	; 0x14e8 <.Loc.43>

000014e6 <L0^A>:
    14e6:	4d c0       	rjmp	.+154    	; 0x1582 <.L12>

000014e8 <.Loc.43>:
			{
				strncpy(str,DIPS7S_MSG_THERMOPILE,BASKET_DISP_MAX_CHARS_PERBASKET);
    14e8:	44 e0       	ldi	r20, 0x04	; 4
    14ea:	50 e0       	ldi	r21, 0x00	; 0
    14ec:	65 eb       	ldi	r22, 0xB5	; 181
    14ee:	74 e0       	ldi	r23, 0x04	; 4

000014f0 <.L25>:
			}
			else if (e.idx == ERROR_IDX_HIGHLIMIT)
			{
				strncpy(str,DIPS7S_MSG_HIGHLIMIT,BASKET_DISP_MAX_CHARS_PERBASKET);
    14f0:	c8 01       	movw	r24, r16
    14f2:	0e 94 45 1b 	call	0x368a	; 0x368a <strncpy>

000014f6 <.L11>:
			}
			disp7s_update_data_array(str, BASKETRIGHT_DISP_CURSOR_START_X, BASKET_DISP_MAX_CHARS_PERBASKET);
    14f6:	44 e0       	ldi	r20, 0x04	; 4
    14f8:	64 e0       	ldi	r22, 0x04	; 4
    14fa:	8b 85       	ldd	r24, Y+11	; 0x0b
    14fc:	9c 85       	ldd	r25, Y+12	; 0x0c
    14fe:	0e 94 ea 0d 	call	0x1bd4	; 0x1bd4 <disp7s_update_data_array>

00001502 <.LVL12>:


			e.sensor[e.idx].sm0++;
    1502:	e0 91 90 06 	lds	r30, 0x0690	; 0x800690 <e>

00001506 <.Loc.48>:
    1506:	ee 0f       	add	r30, r30
    1508:	ff 0b       	sbc	r31, r31
    150a:	ec 56       	subi	r30, 0x6C	; 108
    150c:	f9 4f       	sbci	r31, 0xF9	; 249
    150e:	80 81       	ld	r24, Z
    1510:	8f 5f       	subi	r24, 0xFF	; 255
    1512:	80 83       	st	Z, r24

00001514 <.Loc.49>:
			e.timer = 0x00000;
    1514:	10 92 91 06 	sts	0x0691, r1	; 0x800691 <e+0x1>
    1518:	10 92 92 06 	sts	0x0692, r1	; 0x800692 <e+0x2>

0000151c <.L13>:
			}
			//
		}

	}
	return e.f.indicator;
    151c:	80 91 93 06 	lds	r24, 0x0693	; 0x800693 <e+0x3>

00001520 <.Loc.53>:
}
    1520:	81 70       	andi	r24, 0x01	; 1
    1522:	2c 96       	adiw	r28, 0x0c	; 12
    1524:	0f b6       	in	r0, 0x3f	; 63
    1526:	f8 94       	cli
    1528:	de bf       	out	0x3e, r29	; 62
    152a:	0f be       	out	0x3f, r0	; 63
    152c:	cd bf       	out	0x3d, r28	; 61
    152e:	df 91       	pop	r29
    1530:	cf 91       	pop	r28
    1532:	1f 91       	pop	r17
    1534:	0f 91       	pop	r16
    1536:	08 95       	ret

00001538 <.L2>:
			if (e.sensor[i].code == 0)
    1538:	81 e0       	ldi	r24, 0x01	; 1
    153a:	91 11       	cpse	r25, r1
    153c:	80 e0       	ldi	r24, 0x00	; 0

0000153e <.Loc.56>:
    153e:	90 91 97 06 	lds	r25, 0x0697	; 0x800697 <e+0x7>
    1542:	91 11       	cpse	r25, r1
    1544:	01 c0       	rjmp	.+2      	; 0x1548 <.L6>

00001546 <.Loc.60>:
				counter++;
    1546:	8f 5f       	subi	r24, 0xFF	; 255

00001548 <.L6>:
			if (e.sensor[i].code == 0)
    1548:	90 91 99 06 	lds	r25, 0x0699	; 0x800699 <e+0x9>
    154c:	91 11       	cpse	r25, r1
    154e:	9b cf       	rjmp	.-202    	; 0x1486 <.L4>

00001550 <.LBE4>:
		if (counter == ERROR_SIZE)
    1550:	82 30       	cpi	r24, 0x02	; 2
    1552:	09 f0       	breq	.+2      	; 0x1556 <.Loc.71>

00001554 <L0^A>:
    1554:	98 cf       	rjmp	.-208    	; 0x1486 <.L4>

00001556 <.Loc.71>:
			indicatorTimed_stop();
    1556:	0e 94 1b 06 	call	0xc36	; 0xc36 <indicatorTimed_stop>

0000155a <.LVL17>:
			e.f.indicator = 0;
    155a:	80 91 93 06 	lds	r24, 0x0693	; 0x800693 <e+0x3>
    155e:	8e 7f       	andi	r24, 0xFE	; 254
    1560:	80 93 93 06 	sts	0x0693, r24	; 0x800693 <e+0x3>

00001564 <.LBB5>:
				disp7s_data_array[x] = disp7s_data_array_saved[x];
    1564:	88 e0       	ldi	r24, 0x08	; 8
    1566:	ee e7       	ldi	r30, 0x7E	; 126
    1568:	f6 e0       	ldi	r31, 0x06	; 6
    156a:	a6 ee       	ldi	r26, 0xE6	; 230
    156c:	b6 e0       	ldi	r27, 0x06	; 6

0000156e <.L0^B2>:
    156e:	01 90       	ld	r0, Z+
    1570:	0d 92       	st	X+, r0
    1572:	8a 95       	dec	r24
    1574:	e1 f7       	brne	.-8      	; 0x156e <.L0^B2>

00001576 <.LBE5>:
			cli();
    1576:	f8 94       	cli

00001578 <.Loc.80>:
			WDTCR=0x18;
    1578:	88 e1       	ldi	r24, 0x18	; 24
    157a:	81 bd       	out	0x21, r24	; 33

0000157c <.Loc.82>:
			WDTCR=0x08;
    157c:	88 e0       	ldi	r24, 0x08	; 8
    157e:	81 bd       	out	0x21, r24	; 33

00001580 <.L7>:
			while(1);
    1580:	ff cf       	rjmp	.-2      	; 0x1580 <.L7>

00001582 <.L12>:
			else if (e.idx == ERROR_IDX_HIGHLIMIT)
    1582:	82 30       	cpi	r24, 0x02	; 2
    1584:	09 f0       	breq	.+2      	; 0x1588 <.Loc.88>

00001586 <L0^A>:
    1586:	b7 cf       	rjmp	.-146    	; 0x14f6 <.L11>

00001588 <.Loc.88>:
				strncpy(str,DIPS7S_MSG_HIGHLIMIT,BASKET_DISP_MAX_CHARS_PERBASKET);
    1588:	44 e0       	ldi	r20, 0x04	; 4
    158a:	50 e0       	ldi	r21, 0x00	; 0
    158c:	61 eb       	ldi	r22, 0xB1	; 177
    158e:	74 e0       	ldi	r23, 0x04	; 4
    1590:	af cf       	rjmp	.-162    	; 0x14f0 <.L25>

00001592 <.L8>:
	else if (e.sensor[e.idx].sm0 == 1)
    1592:	21 f6       	brne	.-120    	; 0x151c <.L13>

00001594 <.Loc.91>:
		if (e.sensor[e.idx].code == 0)//ya no hay error
    1594:	a8 2f       	mov	r26, r24
    1596:	aa 0f       	add	r26, r26
    1598:	bb 0b       	sbc	r27, r27
    159a:	a0 57       	subi	r26, 0x70	; 112
    159c:	b9 4f       	sbci	r27, 0xF9	; 249

0000159e <.Loc.93>:
    159e:	15 96       	adiw	r26, 0x05	; 5
    15a0:	9c 91       	ld	r25, X
    15a2:	91 11       	cpse	r25, r1
    15a4:	02 c0       	rjmp	.+4      	; 0x15aa <.L16>

000015a6 <.Loc.94>:
			e.sensor[e.idx].sm0 = 0x00;
    15a6:	10 82       	st	Z, r1
    15a8:	b9 cf       	rjmp	.-142    	; 0x151c <.L13>

000015aa <.L16>:
			if (mainflag.sysTickMs)
    15aa:	90 91 61 07 	lds	r25, 0x0761	; 0x800761 <mainflag>

000015ae <.Loc.98>:
    15ae:	90 ff       	sbrs	r25, 0
    15b0:	b5 cf       	rjmp	.-150    	; 0x151c <.L13>

000015b2 <.Loc.100>:
				if (++e.timer >= (1000/SYSTICK_MS))
    15b2:	20 91 91 06 	lds	r18, 0x0691	; 0x800691 <e+0x1>
    15b6:	30 91 92 06 	lds	r19, 0x0692	; 0x800692 <e+0x2>
    15ba:	2f 5f       	subi	r18, 0xFF	; 255
    15bc:	3f 4f       	sbci	r19, 0xFF	; 255

000015be <.Loc.101>:
    15be:	28 3e       	cpi	r18, 0xE8	; 232
    15c0:	93 e0       	ldi	r25, 0x03	; 3
    15c2:	39 07       	cpc	r19, r25
    15c4:	28 f4       	brcc	.+10     	; 0x15d0 <.L17>
    15c6:	20 93 91 06 	sts	0x0691, r18	; 0x800691 <e+0x1>
    15ca:	30 93 92 06 	sts	0x0692, r19	; 0x800692 <e+0x2>
    15ce:	a6 cf       	rjmp	.-180    	; 0x151c <.L13>

000015d0 <.L17>:
					e.timer = 0x0;
    15d0:	10 92 91 06 	sts	0x0691, r1	; 0x800691 <e+0x1>
    15d4:	10 92 92 06 	sts	0x0692, r1	; 0x800692 <e+0x2>

000015d8 <.Loc.104>:
					e.sensor[e.idx].sm0 = 0;	//dejar habilitado para la siguiente pasada el mismo
    15d8:	10 82       	st	Z, r1

000015da <.L28>:
					if (++e.idx >= ERROR_SIZE)//avanza a ver el siguiente error
    15da:	8f 5f       	subi	r24, 0xFF	; 255

000015dc <.Loc.108>:
    15dc:	83 30       	cpi	r24, 0x03	; 3
    15de:	1c f4       	brge	.+6      	; 0x15e6 <.L18>
    15e0:	80 93 90 06 	sts	0x0690, r24	; 0x800690 <e>
    15e4:	9b cf       	rjmp	.-202    	; 0x151c <.L13>

000015e6 <.L18>:
						{e.idx = 0x00;}
    15e6:	10 92 90 06 	sts	0x0690, r1	; 0x800690 <e>
    15ea:	98 cf       	rjmp	.-208    	; 0x151c <.L13>

000015ec <blink_set>:

struct _blink *blink;

void blink_set(struct _blink *b)
{
	blink = b;//set address
    15ec:	80 93 9a 06 	sts	0x069A, r24	; 0x80069a <blink>
    15f0:	90 93 9b 06 	sts	0x069B, r25	; 0x80069b <blink+0x1>

000015f4 <.Loc.3>:
}
    15f4:	08 95       	ret

000015f6 <blink_reset>:

void blink_reset(int8_t BLINK_TOGGLE_STATE)
{
	blink->timerBlink = 0x00;
    15f6:	e0 91 9a 06 	lds	r30, 0x069A	; 0x80069a <blink>
    15fa:	f0 91 9b 06 	lds	r31, 0x069B	; 0x80069b <blink+0x1>

000015fe <.Loc.7>:
    15fe:	10 82       	st	Z, r1
    1600:	11 82       	std	Z+1, r1	; 0x01

00001602 <.Loc.10>:
	blink->bf.update = 1;//BLINK_UPDATE;
	//blink->bf.toggle = !BLINK_TOGGLE_BLANK;//mejor q sea 0
	blink->bf.toggle = BLINK_TOGGLE_STATE;
    1602:	81 70       	andi	r24, 0x01	; 1

00001604 <.Loc.11>:
    1604:	82 60       	ori	r24, 0x02	; 2
    1606:	94 81       	ldd	r25, Z+4	; 0x04
    1608:	9c 7f       	andi	r25, 0xFC	; 252
    160a:	89 2b       	or	r24, r25
    160c:	84 83       	std	Z+4, r24	; 0x04

0000160e <.Loc.12>:
}
    160e:	08 95       	ret

00001610 <blink_timing>:

void blink_timing(void)
{
	if (++blink->timerBlink >= blink->timerBlink_K)
    1610:	e0 91 9a 06 	lds	r30, 0x069A	; 0x80069a <blink>
    1614:	f0 91 9b 06 	lds	r31, 0x069B	; 0x80069b <blink+0x1>

00001618 <.Loc.16>:
    1618:	80 81       	ld	r24, Z
    161a:	91 81       	ldd	r25, Z+1	; 0x01
    161c:	01 96       	adiw	r24, 0x01	; 1

0000161e <.Loc.17>:
    161e:	80 83       	st	Z, r24
    1620:	91 83       	std	Z+1, r25	; 0x01
    1622:	22 81       	ldd	r18, Z+2	; 0x02
    1624:	33 81       	ldd	r19, Z+3	; 0x03
    1626:	82 17       	cp	r24, r18
    1628:	93 07       	cpc	r25, r19
    162a:	50 f0       	brcs	.+20     	; 0x1640 <.L3>

0000162c <.Loc.18>:
	{
		blink->timerBlink = 0x00;
    162c:	10 82       	st	Z, r1
    162e:	11 82       	std	Z+1, r1	; 0x01

00001630 <.Loc.20>:
		//
		blink->bf.toggle = !blink->bf.toggle;
    1630:	94 81       	ldd	r25, Z+4	; 0x04
    1632:	89 2f       	mov	r24, r25
    1634:	80 95       	com	r24
    1636:	81 70       	andi	r24, 0x01	; 1
    1638:	82 60       	ori	r24, 0x02	; 2
    163a:	9c 7f       	andi	r25, 0xFC	; 252
    163c:	89 2b       	or	r24, r25
    163e:	84 83       	std	Z+4, r24	; 0x04

00001640 <.L3>:
		blink->bf.update = 1;//BLINK_UPDATE;
	}
}
    1640:	08 95       	ret

00001642 <ADC_set_channel>:
*/

void ADC_set_channel(uint8_t channel)
{
	//ADMUX = (ADMUX & 0xF0) | (channel & 0x0F);
	ADMUX = (ADMUX & 0xE0) | (channel & 0x1F);
    1642:	97 b1       	in	r25, 0x07	; 7
    1644:	8f 71       	andi	r24, 0x1F	; 31

00001646 <.Loc.3>:
    1646:	90 7e       	andi	r25, 0xE0	; 224
    1648:	89 2b       	or	r24, r25

0000164a <.Loc.4>:
    164a:	87 b9       	out	0x07, r24	; 7

0000164c <.Loc.5>:
}
    164c:	08 95       	ret

0000164e <ADC_set_reference>:
The ADC has a separate analog supply voltage pin, AV CC . AV CC must not differ more than ±0.3V from
V CC . See section ADC Noise Canceler on how to connect this pin.
*/
void ADC_set_reference(uint8_t ref)
{
	ADMUX = (ADMUX & 0x3F) | ((ref & 0x03) << 6);
    164e:	97 b1       	in	r25, 0x07	; 7

00001650 <.Loc.9>:
    1650:	82 95       	swap	r24

00001652 <.Loc.10>:
    1652:	88 0f       	add	r24, r24
    1654:	88 0f       	add	r24, r24
    1656:	80 7c       	andi	r24, 0xC0	; 192
    1658:	9f 73       	andi	r25, 0x3F	; 63
    165a:	89 2b       	or	r24, r25

0000165c <.Loc.11>:
    165c:	87 b9       	out	0x07, r24	; 7

0000165e <.Loc.12>:
}
    165e:	08 95       	ret

00001660 <ADC_set_prescaler>:
200kHz to get maximum resolution. If a lower resolution than 10 bits is needed, the input clock frequency
to the ADC can be higher than 200kHz to get a higher sample rate.
*/
void ADC_set_prescaler(uint8_t prescaler)
{
	ADCSRA = (ADCSRA & 0xF8) | prescaler;
    1660:	96 b1       	in	r25, 0x06	; 6
    1662:	98 7f       	andi	r25, 0xF8	; 248
    1664:	89 2b       	or	r24, r25

00001666 <.Loc.16>:
    1666:	86 b9       	out	0x06, r24	; 6

00001668 <.Loc.17>:
}
    1668:	08 95       	ret

0000166a <ADC_enable>:

void ADC_enable(void)
{
	BitTo1(ADCSRA, ADEN);
    166a:	37 9a       	sbi	0x06, 7	; 6

0000166c <.Loc.21>:
}
    166c:	08 95       	ret

0000166e <ADC_disable>:

void ADC_disable(void)
{
	BitTo0(ADCSRA, ADEN);
    166e:	37 98       	cbi	0x06, 7	; 6

00001670 <.Loc.26>:
}
    1670:	08 95       	ret

00001672 <ADC_setBit_startConversion_On>:
void ADC_setBit_startConversion_On(void)
{
	BitTo1(ADCSRA, ADSC);
    1672:	36 9a       	sbi	0x06, 6	; 6

00001674 <.Loc.31>:
}
    1674:	08 95       	ret

00001676 <ADC_setBit_startConversion_Off>:
void ADC_setBit_startConversion_Off(void)
{
	BitTo0(ADCSRA, ADSC);
    1676:	36 98       	cbi	0x06, 6	; 6

00001678 <.Loc.36>:
}
    1678:	08 95       	ret

0000167a <ADC_set_adjust>:

void ADC_set_adjust(uint8_t adj)
{
	if (adj == ADC_ADJUST_RIGHT)
    167a:	81 11       	cpse	r24, r1
    167c:	02 c0       	rjmp	.+4      	; 0x1682 <.L9>

0000167e <.Loc.41>:
	{
		BitTo0(ADMUX, ADLAR);
    167e:	3d 98       	cbi	0x07, 5	; 7

00001680 <.Loc.43>:
    1680:	08 95       	ret

00001682 <.L9>:
	}
	else
	{
		BitTo1(ADMUX, ADLAR);
    1682:	3d 9a       	sbi	0x07, 5	; 7

00001684 <.Loc.46>:
	}
}
    1684:	08 95       	ret

00001686 <ADC_get_resultH>:
uint8_t ADC_get_resultH(void)
{
	return ADCH;
    1686:	85 b1       	in	r24, 0x05	; 5

00001688 <.Loc.51>:
}
    1688:	08 95       	ret

0000168a <ADC_get_resultL>:

uint8_t ADC_get_resultL(void)
{
	return ADCL;
    168a:	84 b1       	in	r24, 0x04	; 4

0000168c <.Loc.55>:
}
    168c:	08 95       	ret

0000168e <ADC_setAutoTrigger_enabled>:
void ADC_setAutoTrigger_enabled(void)
{
	BitTo1(ADCSRA, ADATE);
    168e:	35 9a       	sbi	0x06, 5	; 6

00001690 <.Loc.59>:
}
    1690:	08 95       	ret

00001692 <ADC_setAutoTrigger_disabled>:
void ADC_setAutoTrigger_disabled(void)
{
	BitTo0(ADCSRA, ADATE);
    1692:	35 98       	cbi	0x06, 5	; 6

00001694 <.Loc.64>:
}
    1694:	08 95       	ret

00001696 <ADC_setAutoTrigger_source>:
void ADC_setAutoTrigger_source(uint8_t trigger_source)
{
	#if defined (__AVR_ATmega32__)  || defined (__AVR_ATmega32A__)
		SFIOR = (SFIOR & 0x0F) | (trigger_source << 5);
    1696:	90 b7       	in	r25, 0x30	; 48

00001698 <.Loc.69>:
    1698:	82 95       	swap	r24

0000169a <.Loc.70>:
    169a:	88 0f       	add	r24, r24
    169c:	80 7e       	andi	r24, 0xE0	; 224
    169e:	9f 70       	andi	r25, 0x0F	; 15
    16a0:	89 2b       	or	r24, r25

000016a2 <.Loc.71>:
    16a2:	80 bf       	out	0x30, r24	; 48

000016a4 <.Loc.72>:
	#else //(__AVR_ATmega328P__)
		ADCSRB =  (ADCSRB & 0xF8) | trigger_source;
	#endif

}
    16a4:	08 95       	ret

000016a6 <ADC_init>:
void ADC_init(int8_t trigger_source, int8_t reference, int8_t preescaler)
{
    16a6:	cf 93       	push	r28
    16a8:	df 93       	push	r29
    16aa:	00 d0       	rcall	.+0      	; 0x16ac <L0^A>

000016ac <L0^A>:
    16ac:	cd b7       	in	r28, 0x3d	; 61
    16ae:	de b7       	in	r29, 0x3e	; 62
    16b0:	89 83       	std	Y+1, r24	; 0x01
    16b2:	86 2f       	mov	r24, r22

000016b4 <.Loc.75>:
    16b4:	4a 83       	std	Y+2, r20	; 0x02

000016b6 <.Loc.76>:
	//ADC_set_reference(ADC_REF_AREF);//Aref tied +VDD
	//ADC_set_reference(ADC_REF_AVCC);//
	//ADC_set_reference(ADC_REF_INTERNAL_2_56V);//

	ADC_set_reference(reference);
    16b6:	0e 94 27 0b 	call	0x164e	; 0x164e <ADC_set_reference>

000016ba <.LVL11>:

	//ADC_set_prescaler(ADC_PRESCALER_128);
	ADC_set_prescaler(preescaler);
    16ba:	8a 81       	ldd	r24, Y+2	; 0x02
    16bc:	0e 94 30 0b 	call	0x1660	; 0x1660 <ADC_set_prescaler>

000016c0 <.LVL12>:

	//

	if (trigger_source == ADC_AUTOTRIGGER_SOURCE_DISABLED)
    16c0:	89 81       	ldd	r24, Y+1	; 0x01
    16c2:	8f 3f       	cpi	r24, 0xFF	; 255
    16c4:	41 f4       	brne	.+16     	; 0x16d6 <.L17>

000016c6 <.Loc.80>:
	{
		ADC_setAutoTrigger_disabled();//BitTo0(ADCSRA, ADATE);
    16c6:	0e 94 49 0b 	call	0x1692	; 0x1692 <ADC_setAutoTrigger_disabled>

000016ca <.L18>:

	}
	//
	//ADC_set_adjust(ADC_ADJUST_RIGHT);//by default
	ADC_enable();
}
    16ca:	0f 90       	pop	r0
    16cc:	0f 90       	pop	r0
    16ce:	df 91       	pop	r29
    16d0:	cf 91       	pop	r28

000016d2 <.Loc.83>:
	ADC_enable();
    16d2:	0c 94 35 0b 	jmp	0x166a	; 0x166a <ADC_enable>

000016d6 <.L17>:
		ADC_setAutoTrigger_enabled();//BitTo1(ADCSRA, ADATE);
    16d6:	0e 94 47 0b 	call	0x168e	; 0x168e <ADC_setAutoTrigger_enabled>

000016da <.LVL15>:
		ADC_setAutoTrigger_source(trigger_source);
    16da:	89 81       	ldd	r24, Y+1	; 0x01
    16dc:	0e 94 4b 0b 	call	0x1696	; 0x1696 <ADC_setAutoTrigger_source>

000016e0 <.LVL16>:
    16e0:	f4 cf       	rjmp	.-24     	; 0x16ca <.L18>

000016e2 <ADC_start_conv>:
{
	#if defined (__AVR_ATmega328P__)
		BitTo0(MCUCR, PRADC);//Writing a logic one to this bit shuts down the ADC
	#endif

	ADC_set_channel(channel);
    16e2:	0e 94 21 0b 	call	0x1642	; 0x1642 <ADC_set_channel>

000016e6 <.LVL18>:

/* MEJOR ES CAMBIAR A ADIF
 * Poll (wait) for the Interrupt Flag (ADIF) bit in the ADCSRA register to be set, indicating that the
conversion is completed.
 */
	ADC_setBit_startConversion_On();//BitTo1(ADCSRA, ADSC);
    16e6:	0c 94 39 0b 	jmp	0x1672	; 0x1672 <ADC_setBit_startConversion_On>

000016ea <ADC_start_and_wait_conv>:
}

void ADC_start_and_wait_conv(uint8_t channel)
{
	ADC_start_conv(channel);
    16ea:	0e 94 71 0b 	call	0x16e2	; 0x16e2 <ADC_start_conv>

000016ee <.L21>:
//	while (ADCSRA & (1<<ADSC))
//		{;}

	//wait for conversion to finish
	while(!(ADCSRA & (1 << ADIF)))
    16ee:	34 9b       	sbis	0x06, 4	; 6
    16f0:	fe cf       	rjmp	.-4      	; 0x16ee <.L21>

000016f2 <.Loc.94>:
		{;}
	ADCSRA |= (1 << ADIF); //reset as required
    16f2:	34 9a       	sbi	0x06, 4	; 6

000016f4 <.Loc.96>:

}
    16f4:	08 95       	ret

000016f6 <ADC_read>:
//uint16_t ADC_get_new_fullresult_block(uint8_t channel)
uint16_t ADC_read(uint8_t channel)
{
	uint8_t resultL;

	if (!(ADCSRA & (1<<ADATE)))
    16f6:	35 99       	sbic	0x06, 5	; 6
    16f8:	11 c0       	rjmp	.+34     	; 0x171c <.L25>

000016fa <.Loc.101>:
	{
		ADC_start_and_wait_conv(channel);//blocking
    16fa:	0e 94 75 0b 	call	0x16ea	; 0x16ea <ADC_start_and_wait_conv>

000016fe <.L26>:
	return ADCL;
    16fe:	24 b1       	in	r18, 0x04	; 4

00001700 <.LBE8>:
	}

	//Leer primero la parte baja ADCL para bloquear su parte alta y leer con consistencia
	resultL = ADC_get_resultL();

	if (ADMUX & (1<<ADLAR))//left?
    1700:	3d 9b       	sbis	0x07, 5	; 7
    1702:	11 c0       	rjmp	.+34     	; 0x1726 <.L28>

00001704 <.LBB10>:
	return ADCH;
    1704:	85 b1       	in	r24, 0x05	; 5

00001706 <.LBE10>:
	{
		return (((uint16_t)ADC_get_resultH())<<2) + (resultL>>6);
    1706:	34 e0       	ldi	r19, 0x04	; 4
    1708:	83 9f       	mul	r24, r19
    170a:	c0 01       	movw	r24, r0
    170c:	11 24       	eor	r1, r1

0000170e <.Loc.115>:
    170e:	22 95       	swap	r18

00001710 <.Loc.116>:
    1710:	26 95       	lsr	r18
    1712:	26 95       	lsr	r18
    1714:	23 70       	andi	r18, 0x03	; 3

00001716 <.L32>:

	}
	else //right by default
	{
		return (((uint16_t)ADC_get_resultH())<<8) + resultL;
    1716:	82 0f       	add	r24, r18
    1718:	91 1d       	adc	r25, r1

0000171a <.Loc.118>:
	}
}
    171a:	08 95       	ret

0000171c <.L25>:
		BitTo1(ADCSRA ,ADIF); //Clear flag for new conversion
    171c:	34 9a       	sbi	0x06, 4	; 6

0000171e <.L27>:
		while (!(ADCSRA & (1<<ADIF)))
    171e:	34 9b       	sbis	0x06, 4	; 6
    1720:	fe cf       	rjmp	.-4      	; 0x171e <.L27>

00001722 <.Loc.125>:
		BitTo1(ADCSRA ,ADIF);
    1722:	34 9a       	sbi	0x06, 4	; 6
    1724:	ec cf       	rjmp	.-40     	; 0x16fe <.L26>

00001726 <.L28>:
	return ADCH;
    1726:	85 b1       	in	r24, 0x05	; 5

00001728 <.LBE12>:
		return (((uint16_t)ADC_get_resultH())<<8) + resultL;
    1728:	98 2f       	mov	r25, r24
    172a:	80 e0       	ldi	r24, 0x00	; 0
    172c:	f4 cf       	rjmp	.-24     	; 0x1716 <.L32>

0000172e <T_rtd>:
// output: T_rtd() = corresponding temperature of RTD
// Calculates temperature of RTD as a function of resistance via
// a piecewise linear approximation method.

float T_rtd (float r)
{
    172e:	cf 92       	push	r12
    1730:	df 92       	push	r13
    1732:	ef 92       	push	r14
    1734:	ff 92       	push	r15
    1736:	cf 93       	push	r28
    1738:	df 93       	push	r29
    173a:	00 d0       	rcall	.+0      	; 0x173c <L0^A>

0000173c <L0^A>:
    173c:	00 d0       	rcall	.+0      	; 0x173e <L0^A>

0000173e <L0^A>:
    173e:	00 d0       	rcall	.+0      	; 0x1740 <L0^A>

00001740 <L0^A>:
    1740:	cd b7       	in	r28, 0x3d	; 61
    1742:	de b7       	in	r29, 0x3e	; 62
    1744:	69 83       	std	Y+1, r22	; 0x01
    1746:	7a 83       	std	Y+2, r23	; 0x02
    1748:	8b 83       	std	Y+3, r24	; 0x03
    174a:	9c 83       	std	Y+4, r25	; 0x04

0000174c <.Loc.2>:
  float t;
  int i;
  i=(r-RMIN)/RSEG;       // determine which coefficients to use
    174c:	20 e0       	ldi	r18, 0x00	; 0
    174e:	30 e0       	ldi	r19, 0x00	; 0
    1750:	48 ec       	ldi	r20, 0xC8	; 200
    1752:	52 e4       	ldi	r21, 0x42	; 66
    1754:	0e 94 f5 18 	call	0x31ea	; 0x31ea <__subsf3>

00001758 <.LVL2>:
    1758:	2f ea       	ldi	r18, 0xAF	; 175
    175a:	30 ed       	ldi	r19, 0xD0	; 208
    175c:	4f ea       	ldi	r20, 0xAF	; 175
    175e:	5e e3       	ldi	r21, 0x3E	; 62
    1760:	0e 94 67 19 	call	0x32ce	; 0x32ce <__divsf3>

00001764 <.LVL3>:
    1764:	0e 94 d9 19 	call	0x33b2	; 0x33b2 <__fixsfsi>

00001768 <.LVL4>:
    1768:	6d 83       	std	Y+5, r22	; 0x05
    176a:	7e 83       	std	Y+6, r23	; 0x06

0000176c <.Loc.9>:
  if (i<0)               // if input is under-range..
    i=0;                 // ..then use lowest coefficients
  else if (i>NSEG-1)     // if input is over-range..
    176c:	6f 3f       	cpi	r22, 0xFF	; 255
    176e:	71 05       	cpc	r23, r1
    1770:	0c f4       	brge	.+2      	; 0x1774 <L0^A+0x2>

00001772 <L0^A>:
    1772:	61 c0       	rjmp	.+194    	; 0x1836 <.L2>
    1774:	8e ef       	ldi	r24, 0xFE	; 254
    1776:	8d 83       	std	Y+5, r24	; 0x05
    1778:	1e 82       	std	Y+6, r1	; 0x06

0000177a <.L3>:
    i=NSEG-1;            // ..then use highest coefficients

  //t = pgm_read_float(C_rtd[i]) + (r-(RMIN+RSEG*i))*(pgm_read_float(C_rtd[i+1])-pgm_read_float(C_rtd[i]))/RSEG;
  t = C_rtd[i]+(r-(RMIN+RSEG*i))*(C_rtd[i+1]-C_rtd[i])/RSEG;
    177a:	ed 81       	ldd	r30, Y+5	; 0x05
    177c:	fe 81       	ldd	r31, Y+6	; 0x06
    177e:	ee 0f       	add	r30, r30
    1780:	ff 1f       	adc	r31, r31
    1782:	ee 0f       	add	r30, r30
    1784:	ff 1f       	adc	r31, r31
    1786:	e7 55       	subi	r30, 0x57	; 87
    1788:	ff 4f       	sbci	r31, 0xFF	; 255
    178a:	c0 80       	ld	r12, Z
    178c:	d1 80       	ldd	r13, Z+1	; 0x01
    178e:	e2 80       	ldd	r14, Z+2	; 0x02
    1790:	f3 80       	ldd	r15, Z+3	; 0x03

00001792 <.LVL6>:
    1792:	2d 81       	ldd	r18, Y+5	; 0x05
    1794:	3e 81       	ldd	r19, Y+6	; 0x06
    1796:	b9 01       	movw	r22, r18
    1798:	33 0f       	add	r19, r19
    179a:	88 0b       	sbc	r24, r24
    179c:	98 2f       	mov	r25, r24
    179e:	0e 94 11 1a 	call	0x3422	; 0x3422 <__floatsisf>

000017a2 <.LVL7>:
    17a2:	2f ea       	ldi	r18, 0xAF	; 175
    17a4:	30 ed       	ldi	r19, 0xD0	; 208
    17a6:	4f ea       	ldi	r20, 0xAF	; 175
    17a8:	5e e3       	ldi	r21, 0x3E	; 62
    17aa:	0e 94 c6 1a 	call	0x358c	; 0x358c <__mulsf3>

000017ae <.LVL8>:
    17ae:	20 e0       	ldi	r18, 0x00	; 0
    17b0:	30 e0       	ldi	r19, 0x00	; 0
    17b2:	48 ec       	ldi	r20, 0xC8	; 200
    17b4:	52 e4       	ldi	r21, 0x42	; 66
    17b6:	0e 94 f6 18 	call	0x31ec	; 0x31ec <__addsf3>

000017ba <.LVL9>:
    17ba:	9b 01       	movw	r18, r22
    17bc:	ac 01       	movw	r20, r24

000017be <.Loc.15>:
    17be:	69 81       	ldd	r22, Y+1	; 0x01
    17c0:	7a 81       	ldd	r23, Y+2	; 0x02
    17c2:	8b 81       	ldd	r24, Y+3	; 0x03
    17c4:	9c 81       	ldd	r25, Y+4	; 0x04
    17c6:	0e 94 f5 18 	call	0x31ea	; 0x31ea <__subsf3>

000017ca <.LVL10>:
    17ca:	69 83       	std	Y+1, r22	; 0x01

000017cc <.Loc.16>:
    17cc:	7a 83       	std	Y+2, r23	; 0x02
    17ce:	8b 83       	std	Y+3, r24	; 0x03
    17d0:	9c 83       	std	Y+4, r25	; 0x04

000017d2 <.Loc.17>:
    17d2:	8d 81       	ldd	r24, Y+5	; 0x05
    17d4:	9e 81       	ldd	r25, Y+6	; 0x06
    17d6:	88 0f       	add	r24, r24
    17d8:	99 1f       	adc	r25, r25
    17da:	88 0f       	add	r24, r24
    17dc:	99 1f       	adc	r25, r25
    17de:	83 55       	subi	r24, 0x53	; 83
    17e0:	9f 4f       	sbci	r25, 0xFF	; 255
    17e2:	8d 83       	std	Y+5, r24	; 0x05

000017e4 <.Loc.18>:
    17e4:	9e 83       	std	Y+6, r25	; 0x06

000017e6 <.Loc.19>:
    17e6:	96 01       	movw	r18, r12
    17e8:	a7 01       	movw	r20, r14
    17ea:	fc 01       	movw	r30, r24
    17ec:	60 81       	ld	r22, Z
    17ee:	71 81       	ldd	r23, Z+1	; 0x01
    17f0:	82 81       	ldd	r24, Z+2	; 0x02
    17f2:	93 81       	ldd	r25, Z+3	; 0x03
    17f4:	0e 94 f5 18 	call	0x31ea	; 0x31ea <__subsf3>

000017f8 <.LVL13>:
    17f8:	9b 01       	movw	r18, r22
    17fa:	ac 01       	movw	r20, r24

000017fc <.Loc.20>:
    17fc:	69 81       	ldd	r22, Y+1	; 0x01
    17fe:	7a 81       	ldd	r23, Y+2	; 0x02
    1800:	8b 81       	ldd	r24, Y+3	; 0x03
    1802:	9c 81       	ldd	r25, Y+4	; 0x04
    1804:	0e 94 c6 1a 	call	0x358c	; 0x358c <__mulsf3>

00001808 <.LVL14>:
    1808:	2f ea       	ldi	r18, 0xAF	; 175
    180a:	30 ed       	ldi	r19, 0xD0	; 208
    180c:	4f ea       	ldi	r20, 0xAF	; 175
    180e:	5e e3       	ldi	r21, 0x3E	; 62
    1810:	0e 94 67 19 	call	0x32ce	; 0x32ce <__divsf3>

00001814 <.LVL15>:
    1814:	96 01       	movw	r18, r12
    1816:	a7 01       	movw	r20, r14
    1818:	0e 94 f6 18 	call	0x31ec	; 0x31ec <__addsf3>

0000181c <.LVL16>:

  return (t);
}
    181c:	0f 90       	pop	r0
    181e:	0f 90       	pop	r0
    1820:	0f 90       	pop	r0
    1822:	0f 90       	pop	r0
    1824:	0f 90       	pop	r0
    1826:	0f 90       	pop	r0
    1828:	df 91       	pop	r29
    182a:	cf 91       	pop	r28
    182c:	ff 90       	pop	r15
    182e:	ef 90       	pop	r14
    1830:	df 90       	pop	r13
    1832:	cf 90       	pop	r12
    1834:	08 95       	ret

00001836 <.L2>:
  if (i<0)               // if input is under-range..
    1836:	ed 81       	ldd	r30, Y+5	; 0x05
    1838:	fe 81       	ldd	r31, Y+6	; 0x06
    183a:	f7 ff       	sbrs	r31, 7
    183c:	9e cf       	rjmp	.-196    	; 0x177a <.L3>
    183e:	1d 82       	std	Y+5, r1	; 0x05
    1840:	1e 82       	std	Y+6, r1	; 0x06
    1842:	9b cf       	rjmp	.-202    	; 0x177a <.L3>

00001844 <MAX6675_formatText3dig>:
Format with 4 digits 999 sin grados ni C
*****************************************************/


void MAX6675_formatText3dig(int16_t temperatura, unsigned char *str_out)
{
    1844:	0f 93       	push	r16
    1846:	1f 93       	push	r17
    1848:	cf 93       	push	r28
    184a:	df 93       	push	r29
    184c:	8c 01       	movw	r16, r24
    184e:	eb 01       	movw	r28, r22

00001850 <.Loc.27>:
	//1. clear the basket display
	disp7s_blank_displays(str_out, 0, BASKET_DISP_MAX_CHARS_PERBASKET);
    1850:	44 e0       	ldi	r20, 0x04	; 4
    1852:	60 e0       	ldi	r22, 0x00	; 0

00001854 <.Loc.28>:
    1854:	ce 01       	movw	r24, r28

00001856 <.Loc.29>:
    1856:	0e 94 d6 0d 	call	0x1bac	; 0x1bac <disp7s_blank_displays>

0000185a <.LVL21>:

	if (temperatura == MAX6675_THERMOCOUPLED_OPEN)
    185a:	0f 3f       	cpi	r16, 0xFF	; 255
    185c:	10 07       	cpc	r17, r16
    185e:	61 f4       	brne	.+24     	; 0x1878 <.L5>

00001860 <.Loc.32>:
	{
		str_out[0] = D7S_DATA_n | (1<< D7S_DP);
    1860:	87 e1       	ldi	r24, 0x17	; 23
    1862:	88 83       	st	Y, r24

00001864 <.Loc.34>:
		str_out[1] = D7S_DATA_c;
    1864:	89 e1       	ldi	r24, 0x19	; 25
    1866:	89 83       	std	Y+1, r24	; 0x01

00001868 <.L6>:
		//	str_out[idx++] = DISP7_NUMERIC_ARR[bcd[i]];
		//}
		str_out[BASKET_DISP_MAX_CHARS_PERBASKET-1] = D7S_DATA_GRADE_CENTIGRADE;
	}
	//fix right basket: upsidedown displays
	disp7s_fix_upsidedown_display(&str_out[2]);
    1868:	ce 01       	movw	r24, r28
    186a:	02 96       	adiw	r24, 0x02	; 2

0000186c <.Loc.37>:
}
    186c:	df 91       	pop	r29
    186e:	cf 91       	pop	r28

00001870 <.Loc.38>:
    1870:	1f 91       	pop	r17
    1872:	0f 91       	pop	r16

00001874 <.Loc.39>:
	disp7s_fix_upsidedown_display(&str_out[2]);
    1874:	0c 94 c1 0d 	jmp	0x1b82	; 0x1b82 <disp7s_fix_upsidedown_display>

00001878 <.L5>:
	else if (temperatura>999)
    1878:	08 3e       	cpi	r16, 0xE8	; 232
    187a:	83 e0       	ldi	r24, 0x03	; 3
    187c:	18 07       	cpc	r17, r24
    187e:	3c f0       	brlt	.+14     	; 0x188e <.L7>

00001880 <.Loc.42>:
		str_out[0] = D7S_DATA_o;
    1880:	8b e1       	ldi	r24, 0x1B	; 27
    1882:	88 83       	st	Y, r24

00001884 <.Loc.44>:
		str_out[1] = D7S_DATA_u;
    1884:	8b e0       	ldi	r24, 0x0B	; 11
    1886:	89 83       	std	Y+1, r24	; 0x01

00001888 <.Loc.46>:
		str_out[2] = D7S_DATA_t;
    1888:	89 e3       	ldi	r24, 0x39	; 57
    188a:	8a 83       	std	Y+2, r24	; 0x02
    188c:	ed cf       	rjmp	.-38     	; 0x1868 <.L6>

0000188e <.L7>:
		integer_to_arraybcd_msb_lsb_paddingleft_blank(temperatura, str_out, BASKET_DISP_MAX_CHARS_PERBASKET-1 );
    188e:	43 e0       	ldi	r20, 0x03	; 3
    1890:	be 01       	movw	r22, r28
    1892:	c8 01       	movw	r24, r16
    1894:	0e 94 15 0e 	call	0x1c2a	; 0x1c2a <integer_to_arraybcd_msb_lsb_paddingleft_blank>

00001898 <.LVL25>:
		str_out[BASKET_DISP_MAX_CHARS_PERBASKET-1] = D7S_DATA_GRADE_CENTIGRADE;
    1898:	80 ef       	ldi	r24, 0xF0	; 240
    189a:	8b 83       	std	Y+3, r24	; 0x03
    189c:	e5 cf       	rjmp	.-54     	; 0x1868 <.L6>

0000189e <smoothAlg_nonblock_job>:
	}
	return 0;
}

int8_t smoothAlg_nonblock_job(int16_t *temperature)
{
    189e:	cf 93       	push	r28
    18a0:	df 93       	push	r29
    18a2:	cd b7       	in	r28, 0x3d	; 61
    18a4:	de b7       	in	r29, 0x3e	; 62
    18a6:	2a 97       	sbiw	r28, 0x0a	; 10
    18a8:	0f b6       	in	r0, 0x3f	; 63
    18aa:	f8 94       	cli
    18ac:	de bf       	out	0x3e, r29	; 62
    18ae:	0f be       	out	0x3f, r0	; 63
    18b0:	cd bf       	out	0x3d, r28	; 61
    18b2:	89 87       	std	Y+9, r24	; 0x09
    18b4:	9a 87       	std	Y+10, r25	; 0x0a

000018b6 <.Loc.53>:
	float smoothAnswer;

	if (smoothAlg_nonblock(&smoothAlg_temp, smoothVector, TEMPERATURE_SMOOTHALG_MAXSIZE, &smoothAnswer))
    18b6:	9e 01       	movw	r18, r28
    18b8:	2f 5f       	subi	r18, 0xFF	; 255
    18ba:	3f 4f       	sbci	r19, 0xFF	; 255
    18bc:	44 e1       	ldi	r20, 0x14	; 20
    18be:	50 e0       	ldi	r21, 0x00	; 0
    18c0:	64 eb       	ldi	r22, 0xB4	; 180
    18c2:	76 e0       	ldi	r23, 0x06	; 6
    18c4:	8f e9       	ldi	r24, 0x9F	; 159
    18c6:	96 e0       	ldi	r25, 0x06	; 6

000018c8 <.Loc.56>:
    18c8:	0e 94 09 02 	call	0x412	; 0x412 <smoothAlg_nonblock>

000018cc <.LVL28>:
    18cc:	81 15       	cp	r24, r1
    18ce:	81 f1       	breq	.+96     	; 0x1930 <.L8>

000018d0 <.Loc.58>:
	{
		if (smoothAnswer > 0.0f)
    18d0:	89 81       	ldd	r24, Y+1	; 0x01
    18d2:	9a 81       	ldd	r25, Y+2	; 0x02
    18d4:	ab 81       	ldd	r26, Y+3	; 0x03
    18d6:	bc 81       	ldd	r27, Y+4	; 0x04
    18d8:	8d 83       	std	Y+5, r24	; 0x05
    18da:	9e 83       	std	Y+6, r25	; 0x06
    18dc:	af 83       	std	Y+7, r26	; 0x07
    18de:	b8 87       	std	Y+8, r27	; 0x08

000018e0 <.Loc.60>:
    18e0:	40 e0       	ldi	r20, 0x00	; 0
    18e2:	50 e0       	ldi	r21, 0x00	; 0
    18e4:	9a 01       	movw	r18, r20
    18e6:	bc 01       	movw	r22, r24
    18e8:	cd 01       	movw	r24, r26
    18ea:	0e 94 c1 1a 	call	0x3582	; 0x3582 <__gesf2>

000018ee <.LVL29>:
    18ee:	18 16       	cp	r1, r24
    18f0:	44 f5       	brge	.+80     	; 0x1942 <.L17>

000018f2 <.LBB2>:
		{

			float Rtd = (smoothAnswer*0.097852f)+ INA326_R_OPPOSITE;
    18f2:	21 ea       	ldi	r18, 0xA1	; 161
    18f4:	36 e6       	ldi	r19, 0x66	; 102
    18f6:	48 ec       	ldi	r20, 0xC8	; 200
    18f8:	5d e3       	ldi	r21, 0x3D	; 61
    18fa:	6d 81       	ldd	r22, Y+5	; 0x05
    18fc:	7e 81       	ldd	r23, Y+6	; 0x06
    18fe:	8f 81       	ldd	r24, Y+7	; 0x07
    1900:	98 85       	ldd	r25, Y+8	; 0x08
    1902:	0e 94 c6 1a 	call	0x358c	; 0x358c <__mulsf3>

00001906 <.LVL30>:
    1906:	20 e0       	ldi	r18, 0x00	; 0
    1908:	30 e0       	ldi	r19, 0x00	; 0
    190a:	48 ec       	ldi	r20, 0xC8	; 200
    190c:	52 e4       	ldi	r21, 0x42	; 66
    190e:	0e 94 f6 18 	call	0x31ec	; 0x31ec <__addsf3>

00001912 <.LVL31>:
			//float Rtd = (smoothAnswer*0.097948f)+ INA326_R_OPPOSITE;
			Rtd *= 1.009f;//factor de correccion
    1912:	29 ee       	ldi	r18, 0xE9	; 233
    1914:	36 e2       	ldi	r19, 0x26	; 38
    1916:	41 e8       	ldi	r20, 0x81	; 129
    1918:	5f e3       	ldi	r21, 0x3F	; 63
    191a:	0e 94 c6 1a 	call	0x358c	; 0x358c <__mulsf3>

0000191e <.LVL32>:
			//Rtd *= 1.00f;//factor de correccion
			//Rtd *= 1.0f;//factor de correccion

			*temperature = (int)T_rtd(Rtd);
    191e:	0e 94 97 0b 	call	0x172e	; 0x172e <T_rtd>

00001922 <.LVL33>:
    1922:	0e 94 d9 19 	call	0x33b2	; 0x33b2 <__fixsfsi>

00001926 <.LVL34>:
    1926:	a9 85       	ldd	r26, Y+9	; 0x09
    1928:	ba 85       	ldd	r27, Y+10	; 0x0a
    192a:	6d 93       	st	X+, r22
    192c:	7d 93       	st	X+, r23

0000192e <.L12>:
		}
		else
		{
			*temperature = 0;
		}
		return 1;
    192e:	81 e0       	ldi	r24, 0x01	; 1

00001930 <.L8>:
	}
	return 0;
}
    1930:	2a 96       	adiw	r28, 0x0a	; 10
    1932:	0f b6       	in	r0, 0x3f	; 63
    1934:	f8 94       	cli
    1936:	de bf       	out	0x3e, r29	; 62
    1938:	0f be       	out	0x3f, r0	; 63
    193a:	cd bf       	out	0x3d, r28	; 61
    193c:	df 91       	pop	r29
    193e:	cf 91       	pop	r28
    1940:	08 95       	ret

00001942 <.L17>:
			*temperature = 0;
    1942:	e9 85       	ldd	r30, Y+9	; 0x09
    1944:	fa 85       	ldd	r31, Y+10	; 0x0a
    1946:	10 82       	st	Z, r1
    1948:	11 82       	std	Z+1, r1	; 0x01
    194a:	f1 cf       	rjmp	.-30     	; 0x192e <.L12>

0000194c <temperature_job>:

int temperature_filtered_smoothed;
int8_t temperature_job(void)
{
    194c:	cf 93       	push	r28

0000194e <.LVL36>:
	int8_t codret = 0;
	static int8_t sm0;
	if (sm0 == 0)
    194e:	80 91 9c 06 	lds	r24, 0x069C	; 0x80069c <sm0.0>
    1952:	81 11       	cpse	r24, r1
    1954:	21 c0       	rjmp	.+66     	; 0x1998 <.L19>

00001956 <.LBB5>:
	uint8_t adclow = ADCL;
    1956:	44 b1       	in	r20, 0x04	; 4

00001958 <.LVL37>:
	uint16_t adc16 = (((uint16_t)ADCH)<<8) + adclow;
    1958:	25 b1       	in	r18, 0x05	; 5

0000195a <.LVL38>:
	smoothVector[job_captureTemperature.counter0] = adc16;
    195a:	80 91 23 07 	lds	r24, 0x0723	; 0x800723 <job_captureTemperature+0x1>
    195e:	90 91 24 07 	lds	r25, 0x0724	; 0x800724 <job_captureTemperature+0x2>

00001962 <.Loc.87>:
    1962:	fc 01       	movw	r30, r24
    1964:	ee 0f       	add	r30, r30
    1966:	ff 1f       	adc	r31, r31
    1968:	ec 54       	subi	r30, 0x4C	; 76
    196a:	f9 4f       	sbci	r31, 0xF9	; 249
    196c:	40 83       	st	Z, r20
    196e:	21 83       	std	Z+1, r18	; 0x01

00001970 <.Loc.88>:
	if (++job_captureTemperature.counter0 >= TEMPERATURE_SMOOTHALG_MAXSIZE)
    1970:	01 96       	adiw	r24, 0x01	; 1

00001972 <.Loc.90>:
    1972:	84 31       	cpi	r24, 0x14	; 20
    1974:	91 05       	cpc	r25, r1
    1976:	40 f4       	brcc	.+16     	; 0x1988 <.L20>
    1978:	80 93 23 07 	sts	0x0723, r24	; 0x800723 <job_captureTemperature+0x1>
    197c:	90 93 24 07 	sts	0x0724, r25	; 0x800724 <job_captureTemperature+0x2>

00001980 <.L22>:
	int8_t codret = 0;
    1980:	c0 e0       	ldi	r28, 0x00	; 0

00001982 <.L18>:
			sm0 = 0x00;
			codret = 1;	//fin del proceso
		}
	}
	return codret;
}
    1982:	8c 2f       	mov	r24, r28
    1984:	cf 91       	pop	r28
    1986:	08 95       	ret

00001988 <.L20>:
		job_captureTemperature.counter0 = 0x00;
    1988:	10 92 23 07 	sts	0x0723, r1	; 0x800723 <job_captureTemperature+0x1>
    198c:	10 92 24 07 	sts	0x0724, r1	; 0x800724 <job_captureTemperature+0x2>

00001990 <.Loc.96>:
			sm0++;
    1990:	81 e0       	ldi	r24, 0x01	; 1
    1992:	80 93 9c 06 	sts	0x069C, r24	; 0x80069c <sm0.0>
    1996:	f4 cf       	rjmp	.-24     	; 0x1980 <.L22>

00001998 <.L19>:
		if (smoothAlg_nonblock_job( &temperature_filtered_smoothed ))
    1998:	8d e9       	ldi	r24, 0x9D	; 157
    199a:	96 e0       	ldi	r25, 0x06	; 6
    199c:	0e 94 4f 0c 	call	0x189e	; 0x189e <smoothAlg_nonblock_job>

000019a0 <.LVL43>:
    19a0:	c8 2f       	mov	r28, r24

000019a2 <.Loc.102>:
    19a2:	81 15       	cp	r24, r1
    19a4:	69 f3       	breq	.-38     	; 0x1980 <.L22>

000019a6 <.Loc.103>:
			if (pgrmode.bf.unitTemperature == FAHRENHEIT)
    19a6:	80 91 a6 07 	lds	r24, 0x07A6	; 0x8007a6 <pgrmode>

000019aa <.Loc.105>:
    19aa:	80 fd       	sbrc	r24, 0
    19ac:	1c c0       	rjmp	.+56     	; 0x19e6 <.L24>

000019ae <.Loc.106>:
				temperature_filtered_smoothed = (temperature_filtered_smoothed*1.8f) + 32;//TCtemperature = (TCtemperature*(9.0f/5)) + 32;
    19ae:	60 91 9d 06 	lds	r22, 0x069D	; 0x80069d <temperature_filtered_smoothed>
    19b2:	70 91 9e 06 	lds	r23, 0x069E	; 0x80069e <temperature_filtered_smoothed+0x1>
    19b6:	87 2f       	mov	r24, r23
    19b8:	88 0f       	add	r24, r24
    19ba:	88 0b       	sbc	r24, r24
    19bc:	98 2f       	mov	r25, r24
    19be:	0e 94 11 1a 	call	0x3422	; 0x3422 <__floatsisf>

000019c2 <.LVL44>:
    19c2:	26 e6       	ldi	r18, 0x66	; 102
    19c4:	36 e6       	ldi	r19, 0x66	; 102
    19c6:	46 ee       	ldi	r20, 0xE6	; 230
    19c8:	5f e3       	ldi	r21, 0x3F	; 63
    19ca:	0e 94 c6 1a 	call	0x358c	; 0x358c <__mulsf3>

000019ce <.LVL45>:
    19ce:	20 e0       	ldi	r18, 0x00	; 0
    19d0:	30 e0       	ldi	r19, 0x00	; 0
    19d2:	40 e0       	ldi	r20, 0x00	; 0
    19d4:	52 e4       	ldi	r21, 0x42	; 66
    19d6:	0e 94 f6 18 	call	0x31ec	; 0x31ec <__addsf3>

000019da <.LVL46>:
    19da:	0e 94 d9 19 	call	0x33b2	; 0x33b2 <__fixsfsi>

000019de <.LVL47>:
    19de:	60 93 9d 06 	sts	0x069D, r22	; 0x80069d <temperature_filtered_smoothed>
    19e2:	70 93 9e 06 	sts	0x069E, r23	; 0x80069e <temperature_filtered_smoothed+0x1>

000019e6 <.L24>:
			sm0 = 0x00;
    19e6:	10 92 9c 06 	sts	0x069C, r1	; 0x80069c <sm0.0>

000019ea <.Loc.112>:
	return codret;
    19ea:	cb cf       	rjmp	.-106    	; 0x1982 <.L18>

000019ec <InitSPI_MASTER>:
	{
		//ConfigOutputPin(CONFIGIOxSPI_MOSI, PINxKB_SPI_MOSI);
		//ConfigOutputPin(CONFIGIOxSPI_SCK, PINxKB_SPI_SCK);
		//ConfigOutputPin(CONFIGIOxSPI_CS, PINxKB_SPI_CS);

		DDRB |= (1<<7) | (1<< 4) | (1<< 5);
    19ec:	87 b3       	in	r24, 0x17	; 23

000019ee <.Loc.2>:
    19ee:	80 6b       	ori	r24, 0xB0	; 176
    19f0:	87 bb       	out	0x17, r24	; 23

000019f2 <.Loc.3>:

        //SPCR = (1<<SPE) | (MSB_LSB_FIRST<< DORD) | (1<<MSTR) | (0<<CPOL) | (1<<CPHA) | (SPR1SPR0_SCK_FOSC_128);
        SPCR = (0<<SPE) | (MSB_LSB_FIRST<< DORD) | (1<<MSTR) | (0<<CPOL) | (1<<CPHA) | (SPR1SPR0_SCK_FOSC_128);
    19f2:	87 e1       	ldi	r24, 0x17	; 23
    19f4:	8d b9       	out	0x0d, r24	; 13

000019f6 <.Loc.5>:

       // SPSR = DOUBLE_SPI_SPEED_BIT << SPI2X;

	}//End fx()
    19f6:	08 95       	ret

000019f8 <SPI_MSTR_ExchangeData>:

    uint8_t SPI_MSTR_ExchangeData(uint8_t DATASPI)
    {
        SPDR = DATASPI;
    19f8:	8f b9       	out	0x0f, r24	; 15

000019fa <.L3>:

        //Esperar por data transmitida
        while ( !(SPSR & (1<<SPIF) ) )   //1º Read Status register
    19fa:	77 9b       	sbis	0x0e, 7	; 14
    19fc:	fe cf       	rjmp	.-4      	; 0x19fa <.L3>

000019fe <.Loc.12>:
        {;}

        return  SPDR;               //2º leer SPDR -> Clear flag
    19fe:	8f b1       	in	r24, 0x0f	; 15

00001a00 <.Loc.14>:
    }
    1a00:	08 95       	ret

00001a02 <MAX6675_getFloatTmprCelsius>:
    1023.75-> ((2^12) -1)
    x -> temp_read

****************************************************************/
float MAX6675_getFloatTmprCelsius(void)
{
    1a02:	0f 93       	push	r16
    1a04:	1f 93       	push	r17

00001a06 <.LVL0>:
    uint8_t spi_h;
    uint8_t spi_l;
    uint16_t temp_read  = 0x0000;
    //
    PinTo0(PORTWxSPI_CS,PINxKB_SPI_CS);
    1a06:	97 98       	cbi	0x12, 7	; 18

00001a08 <.LBB10>:
    1a08:	25 e0       	ldi	r18, 0x05	; 5

00001a0a <.L1^B1>:
    1a0a:	2a 95       	dec	r18
    1a0c:	f1 f7       	brne	.-4      	; 0x1a0a <.L1^B1>
	...

00001a10 <.LBE10>:
    _delay_us(1);//Tcss = 100ns

    	spi_h = SPI_MSTR_ExchangeData(DUMMY_BYTE_BY_EXCHANGE);
    1a10:	80 e0       	ldi	r24, 0x00	; 0
    1a12:	0e 94 fc 0c 	call	0x19f8	; 0x19f8 <SPI_MSTR_ExchangeData>

00001a16 <.LVL3>:
    1a16:	08 2f       	mov	r16, r24

00001a18 <.LVL4>:
        spi_l = SPI_MSTR_ExchangeData(DUMMY_BYTE_BY_EXCHANGE);
    1a18:	80 e0       	ldi	r24, 0x00	; 0
    1a1a:	0e 94 fc 0c 	call	0x19f8	; 0x19f8 <SPI_MSTR_ExchangeData>

00001a1e <.LBB12>:
    1a1e:	3a e1       	ldi	r19, 0x1A	; 26

00001a20 <.L1^B2>:
    1a20:	3a 95       	dec	r19
    1a22:	f1 f7       	brne	.-4      	; 0x1a20 <.L1^B2>
    1a24:	00 c0       	rjmp	.+0      	; 0x1a26 <L0^A>

00001a26 <L0^A>:

	_delay_us(5);//Ttr = 100ns >5us asegura q sea por completo los ul
    PinTo1(PORTWxSPI_CS,PINxKB_SPI_CS);
    1a26:	97 9a       	sbi	0x12, 7	; 18

00001a28 <.Loc.31>:

    //
    if (spi_l & 0x04)
    1a28:	82 fd       	sbrc	r24, 2
    1a2a:	23 c0       	rjmp	.+70     	; 0x1a72 <.L3>

00001a2c <.Loc.34>:
    {
        return -1;//disconnected
    }
    else
    {
        temp_read = (spi_h<<8) | (spi_l);
    1a2c:	28 2f       	mov	r18, r24
    1a2e:	30 2f       	mov	r19, r16
    1a30:	b9 01       	movw	r22, r18

00001a32 <.Loc.36>:
        temp_read = temp_read>>3;
    1a32:	83 e0       	ldi	r24, 0x03	; 3

00001a34 <.L1^B3>:
    1a34:	76 95       	lsr	r23
    1a36:	67 95       	ror	r22
    1a38:	8a 95       	dec	r24
    1a3a:	e1 f7       	brne	.-8      	; 0x1a34 <.L1^B3>

00001a3c <.Loc.39>:

        //return ( (temp_read * 1023.75)/ (4095) );
        //return ( (temp_read * MAX6675_TMPR_MAX)/ ((1<<12) -1) );
        return ( (temp_read * MAX6675_TMPR_MAX)/ (4095) );
    1a3c:	80 e0       	ldi	r24, 0x00	; 0
    1a3e:	90 e0       	ldi	r25, 0x00	; 0
    1a40:	0e 94 0f 1a 	call	0x341e	; 0x341e <__floatunsisf>

00001a44 <.LVL9>:
    1a44:	20 e0       	ldi	r18, 0x00	; 0
    1a46:	30 ef       	ldi	r19, 0xF0	; 240
    1a48:	4f e7       	ldi	r20, 0x7F	; 127
    1a4a:	54 e4       	ldi	r21, 0x44	; 68
    1a4c:	0e 94 c6 1a 	call	0x358c	; 0x358c <__mulsf3>

00001a50 <.LVL10>:
    1a50:	20 e0       	ldi	r18, 0x00	; 0
    1a52:	30 ef       	ldi	r19, 0xF0	; 240
    1a54:	4f e7       	ldi	r20, 0x7F	; 127
    1a56:	55 e4       	ldi	r21, 0x45	; 69
    1a58:	0e 94 67 19 	call	0x32ce	; 0x32ce <__divsf3>

00001a5c <.LVL11>:
    1a5c:	56 2f       	mov	r21, r22
    1a5e:	47 2f       	mov	r20, r23
    1a60:	38 2f       	mov	r19, r24
    1a62:	29 2f       	mov	r18, r25

00001a64 <.L1>:
    }
}
    1a64:	65 2f       	mov	r22, r21
    1a66:	74 2f       	mov	r23, r20
    1a68:	83 2f       	mov	r24, r19
    1a6a:	92 2f       	mov	r25, r18
    1a6c:	1f 91       	pop	r17
    1a6e:	0f 91       	pop	r16

00001a70 <.Loc.43>:
    1a70:	08 95       	ret

00001a72 <.L3>:
        return -1;//disconnected
    1a72:	40 e0       	ldi	r20, 0x00	; 0
    1a74:	50 e0       	ldi	r21, 0x00	; 0
    1a76:	2f eb       	ldi	r18, 0xBF	; 191
    1a78:	30 e8       	ldi	r19, 0x80	; 128
    1a7a:	f4 cf       	rjmp	.-24     	; 0x1a64 <.L1>

00001a7c <MAX6675_get12bitsTemp>:
 * or
 * 12 bits (not signed by hardware)
 ***********************************************************/
#include "../main.h"
int16_t MAX6675_get12bitsTemp(void)
{
    1a7c:	0f 93       	push	r16
    1a7e:	1f 93       	push	r17
    1a80:	cf 93       	push	r28
    1a82:	df 93       	push	r29
    1a84:	0f 92       	push	r0
    1a86:	cd b7       	in	r28, 0x3d	; 61
    1a88:	de b7       	in	r29, 0x3e	; 62

00001a8a <.LVL15>:
    uint8_t spi_h;
    uint8_t spi_l;
    uint16_t temp_read  = 0x0000;
    //
    PinTo0(PORTWxSPI_CS,PINxKB_SPI_CS);
    1a8a:	97 98       	cbi	0x12, 7	; 18

00001a8c <.LBB14>:
    1a8c:	85 e0       	ldi	r24, 0x05	; 5

00001a8e <.L1^B4>:
    1a8e:	8a 95       	dec	r24
    1a90:	f1 f7       	brne	.-4      	; 0x1a8e <.L1^B4>
	...

00001a94 <.LBE14>:
    _delay_us(1);//Tcss = 100ns

    uint8_t dummy;
    	if ( ReadPin(PORTRxBUZZER,PINxBUZZER) == 1)
    1a94:	88 27       	eor	r24, r24
    1a96:	b5 99       	sbic	0x16, 5	; 22
    1a98:	83 95       	inc	r24
    1a9a:	81 95       	neg	r24
    1a9c:	89 83       	std	Y+1, r24	; 0x01

00001a9e <.LVL18>:
    	}
    	else
    	{
    		dummy = 0x00;
    	}
BitTo1(SPCR,SPE);
    1a9e:	6e 9a       	sbi	0x0d, 6	; 13

00001aa0 <.Loc.66>:

    	spi_h = SPI_MSTR_ExchangeData(dummy);
    1aa0:	89 81       	ldd	r24, Y+1	; 0x01

00001aa2 <.Loc.69>:
    1aa2:	0e 94 fc 0c 	call	0x19f8	; 0x19f8 <SPI_MSTR_ExchangeData>

00001aa6 <.LVL20>:
    1aa6:	08 2f       	mov	r16, r24

00001aa8 <.LVL21>:
		spi_l = SPI_MSTR_ExchangeData(dummy);
    1aa8:	89 81       	ldd	r24, Y+1	; 0x01
    1aaa:	0e 94 fc 0c 	call	0x19f8	; 0x19f8 <SPI_MSTR_ExchangeData>

00001aae <.LBB16>:
    1aae:	9a e1       	ldi	r25, 0x1A	; 26

00001ab0 <.L1^B5>:
    1ab0:	9a 95       	dec	r25
    1ab2:	f1 f7       	brne	.-4      	; 0x1ab0 <.L1^B5>
    1ab4:	00 c0       	rjmp	.+0      	; 0x1ab6 <L0^A>

00001ab6 <L0^A>:
    	//spi_h = SPI_MSTR_ExchangeData(DUMMY_BYTE_BY_EXCHANGE);
        //spi_l = SPI_MSTR_ExchangeData(DUMMY_BYTE_BY_EXCHANGE);


        _delay_us(5);//Ttr = 100ns >5us asegura q sea por completo los ul
BitTo0(SPCR,SPE);
    1ab6:	6e 98       	cbi	0x0d, 6	; 13

00001ab8 <.Loc.83>:
        PinTo1(PORTWxSPI_CS,PINxKB_SPI_CS);
    1ab8:	97 9a       	sbi	0x12, 7	; 18

00001aba <.Loc.86>:
    //
    if (spi_l & 0x04)
    1aba:	82 fd       	sbrc	r24, 2
    1abc:	0c c0       	rjmp	.+24     	; 0x1ad6 <.L6>

00001abe <.Loc.89>:
    {
        return MAX6675_THERMOCOUPLED_OPEN;//disconnected
    }
    else
    {
        temp_read = (spi_h<<8) | (spi_l);
    1abe:	90 2f       	mov	r25, r16

00001ac0 <.Loc.91>:
        temp_read = temp_read>>3;
    1ac0:	23 e0       	ldi	r18, 0x03	; 3

00001ac2 <.L1^B6>:
    1ac2:	96 95       	lsr	r25
    1ac4:	87 95       	ror	r24
    1ac6:	2a 95       	dec	r18
    1ac8:	e1 f7       	brne	.-8      	; 0x1ac2 <.L1^B6>

00001aca <.L5>:
        return temp_read;
    }
}
    1aca:	0f 90       	pop	r0
    1acc:	df 91       	pop	r29
    1ace:	cf 91       	pop	r28
    1ad0:	1f 91       	pop	r17
    1ad2:	0f 91       	pop	r16

00001ad4 <.Loc.95>:
    1ad4:	08 95       	ret

00001ad6 <.L6>:
    1ad6:	8f ef       	ldi	r24, 0xFF	; 255

00001ad8 <.Loc.97>:
    1ad8:	9f ef       	ldi	r25, 0xFF	; 255
    1ada:	f7 cf       	rjmp	.-18     	; 0x1aca <.L5>

00001adc <disp7s_setup>:
static unsigned char * disp7s_data;
static struct _disp7s_mux * disp7s_mux;

void disp7s_setup(uint8_t disp7s_nummax, volatile uint8_t * port,  unsigned char * _disp7s_data_array, struct _disp7s_mux * __disp7s_mux)
{
	disp7s_num_total = disp7s_nummax;
    1adc:	80 93 e5 06 	sts	0x06E5, r24	; 0x8006e5 <disp7s_num_total>

00001ae0 <.Loc.3>:
	PORTWxDISPLAY7S_DATA = port;
    1ae0:	60 93 e3 06 	sts	0x06E3, r22	; 0x8006e3 <PORTWxDISPLAY7S_DATA>
    1ae4:	70 93 e4 06 	sts	0x06E4, r23	; 0x8006e4 <PORTWxDISPLAY7S_DATA+0x1>

00001ae8 <.Loc.5>:
	disp7s_data = _disp7s_data_array;
    1ae8:	40 93 e1 06 	sts	0x06E1, r20	; 0x8006e1 <disp7s_data>
    1aec:	50 93 e2 06 	sts	0x06E2, r21	; 0x8006e2 <disp7s_data+0x1>

00001af0 <.Loc.7>:
	disp7s_mux = __disp7s_mux;
    1af0:	20 93 df 06 	sts	0x06DF, r18	; 0x8006df <disp7s_mux>
    1af4:	30 93 e0 06 	sts	0x06E0, r19	; 0x8006e0 <disp7s_mux+0x1>

00001af8 <.Loc.9>:
}
    1af8:	08 95       	ret

00001afa <disp7s_job>:
void disp7s_job(void)
{
    static int8_t q;//q=transistor #

    //+-off current Q before to present new digit
    int8_t pq = q-1;
    1afa:	80 91 de 06 	lds	r24, 0x06DE	; 0x8006de <q.0>

00001afe <.Loc.14>:
    if (pq<0)
    1afe:	81 50       	subi	r24, 0x01	; 1
    1b00:	1a f4       	brpl	.+6      	; 0x1b08 <.L3>

00001b02 <.Loc.15>:
    {
        pq = disp7s_num_total-1;
    1b02:	80 91 e5 06 	lds	r24, 0x06E5	; 0x8006e5 <disp7s_num_total>
    1b06:	81 50       	subi	r24, 0x01	; 1

00001b08 <.L3>:
    }
    disp7s_mux[pq].Qonoff[0]();//off
    1b08:	24 e0       	ldi	r18, 0x04	; 4
    1b0a:	82 02       	muls	r24, r18
    1b0c:	c0 01       	movw	r24, r0
    1b0e:	11 24       	eor	r1, r1

00001b10 <.Loc.19>:
    1b10:	e0 91 df 06 	lds	r30, 0x06DF	; 0x8006df <disp7s_mux>
    1b14:	f0 91 e0 06 	lds	r31, 0x06E0	; 0x8006e0 <disp7s_mux+0x1>
    1b18:	e8 0f       	add	r30, r24
    1b1a:	f9 1f       	adc	r31, r25

00001b1c <.Loc.20>:
    1b1c:	01 90       	ld	r0, Z+
    1b1e:	f0 81       	ld	r31, Z
    1b20:	e0 2d       	mov	r30, r0
    1b22:	09 95       	icall

00001b24 <.Loc.21>:
    //-+

    //__delay_us(100);
    *PORTWxDISPLAY7S_DATA = disp7s_data[q];
    1b24:	80 91 de 06 	lds	r24, 0x06DE	; 0x8006de <q.0>

00001b28 <.Loc.23>:
    1b28:	a0 91 e3 06 	lds	r26, 0x06E3	; 0x8006e3 <PORTWxDISPLAY7S_DATA>
    1b2c:	b0 91 e4 06 	lds	r27, 0x06E4	; 0x8006e4 <PORTWxDISPLAY7S_DATA+0x1>

00001b30 <.Loc.24>:
    1b30:	e0 91 e1 06 	lds	r30, 0x06E1	; 0x8006e1 <disp7s_data>
    1b34:	f0 91 e2 06 	lds	r31, 0x06E2	; 0x8006e2 <disp7s_data+0x1>
    1b38:	e8 0f       	add	r30, r24
    1b3a:	f1 1d       	adc	r31, r1
    1b3c:	87 fd       	sbrc	r24, 7
    1b3e:	fa 95       	dec	r31
    1b40:	90 81       	ld	r25, Z

00001b42 <.Loc.25>:
    1b42:	9c 93       	st	X, r25

00001b44 <.Loc.26>:
    //disp7s_mux_Q(q);
    disp7s_mux[q].Qonoff[1]();//on
    1b44:	24 e0       	ldi	r18, 0x04	; 4
    1b46:	82 02       	muls	r24, r18
    1b48:	c0 01       	movw	r24, r0
    1b4a:	11 24       	eor	r1, r1
    1b4c:	e0 91 df 06 	lds	r30, 0x06DF	; 0x8006df <disp7s_mux>
    1b50:	f0 91 e0 06 	lds	r31, 0x06E0	; 0x8006e0 <disp7s_mux+0x1>
    1b54:	e8 0f       	add	r30, r24
    1b56:	f9 1f       	adc	r31, r25

00001b58 <.Loc.28>:
    1b58:	02 80       	ldd	r0, Z+2	; 0x02
    1b5a:	f3 81       	ldd	r31, Z+3	; 0x03
    1b5c:	e0 2d       	mov	r30, r0
    1b5e:	09 95       	icall

00001b60 <.Loc.29>:

    //
    if (++q == disp7s_num_total)
    1b60:	80 91 de 06 	lds	r24, 0x06DE	; 0x8006de <q.0>
    1b64:	8f 5f       	subi	r24, 0xFF	; 255

00001b66 <.Loc.31>:
    1b66:	80 93 de 06 	sts	0x06DE, r24	; 0x8006de <q.0>

00001b6a <.Loc.32>:
    1b6a:	20 91 e5 06 	lds	r18, 0x06E5	; 0x8006e5 <disp7s_num_total>
    1b6e:	30 e0       	ldi	r19, 0x00	; 0

00001b70 <.Loc.33>:
    1b70:	08 2e       	mov	r0, r24
    1b72:	00 1c       	adc	r0, r0
    1b74:	00 08       	sbc	r0, r0
    1b76:	82 17       	cp	r24, r18
    1b78:	03 06       	cpc	r0, r19
    1b7a:	11 f4       	brne	.+4      	; 0x1b80 <.L2>

00001b7c <.Loc.34>:
        {q=0x0;}
    1b7c:	10 92 de 06 	sts	0x06DE, r1	; 0x8006de <q.0>

00001b80 <.L2>:
}
    1b80:	08 95       	ret

00001b82 <disp7s_fix_upsidedown_display>:
//	AND_BITWISE(disp7s_data_array[6],~(1<< D7S_DP));
//}

//parsear a toda el array es lo mejor
void disp7s_fix_upsidedown_display(unsigned char *data)
{
    1b82:	fc 01       	movw	r30, r24

00001b84 <.Loc.2>:
	*data = (((*data & 0x10)>>2) | ((*data & 0x04)<<2) | (*data & 0xEB));
    1b84:	20 81       	ld	r18, Z

00001b86 <.Loc.4>:
    1b86:	24 fb       	bst	r18, 4
    1b88:	99 27       	eor	r25, r25
    1b8a:	92 f9       	bld	r25, 2

00001b8c <.Loc.5>:
    1b8c:	22 fb       	bst	r18, 2
    1b8e:	88 27       	eor	r24, r24
    1b90:	84 f9       	bld	r24, 4

00001b92 <.Loc.6>:
    1b92:	98 2b       	or	r25, r24

00001b94 <.Loc.7>:
    1b94:	2b 7e       	andi	r18, 0xEB	; 235
    1b96:	92 2b       	or	r25, r18

00001b98 <.Loc.8>:
    1b98:	90 83       	st	Z, r25

00001b9a <.Loc.9>:
}
    1b9a:	08 95       	ret

00001b9c <disp7s_fix_all_upsidedown_display>:
//[0][1][2][3]    [4][5][6][7]
//[2] -> upsidedown
//[6] -> upsidedown
void disp7s_fix_all_upsidedown_display(void)
{
	disp7s_fix_upsidedown_display(&disp7s_data_array[2]);
    1b9c:	88 ee       	ldi	r24, 0xE8	; 232
    1b9e:	96 e0       	ldi	r25, 0x06	; 6
    1ba0:	0e 94 c1 0d 	call	0x1b82	; 0x1b82 <disp7s_fix_upsidedown_display>

00001ba4 <.LVL2>:
	disp7s_fix_upsidedown_display(&disp7s_data_array[6]);
    1ba4:	8c ee       	ldi	r24, 0xEC	; 236
    1ba6:	96 e0       	ldi	r25, 0x06	; 6
    1ba8:	0c 94 c1 0d 	jmp	0x1b82	; 0x1b82 <disp7s_fix_upsidedown_display>

00001bac <disp7s_blank_displays>:
}
void disp7s_blank_displays(unsigned char *data, int8_t initial_position, int8_t num_digits)
{
	//int8_t idx = initial_position;
	for (int i=0; i<num_digits; i++)
    1bac:	20 e0       	ldi	r18, 0x00	; 0
    1bae:	30 e0       	ldi	r19, 0x00	; 0

00001bb0 <.L4>:
    1bb0:	04 2e       	mov	r0, r20
    1bb2:	00 1c       	adc	r0, r0
    1bb4:	00 08       	sbc	r0, r0
    1bb6:	24 17       	cp	r18, r20
    1bb8:	30 05       	cpc	r19, r0
    1bba:	0c f0       	brlt	.+2      	; 0x1bbe <.L5>

00001bbc <.Loc.18>:
	{
		data[initial_position++] = D7S_DATA_BLANK;
	}
}
    1bbc:	08 95       	ret

00001bbe <.L5>:
    1bbe:	56 2f       	mov	r21, r22
    1bc0:	52 0f       	add	r21, r18

00001bc2 <.Loc.19>:
		data[initial_position++] = D7S_DATA_BLANK;
    1bc2:	fc 01       	movw	r30, r24
    1bc4:	e5 0f       	add	r30, r21
    1bc6:	f1 1d       	adc	r31, r1
    1bc8:	57 fd       	sbrc	r21, 7
    1bca:	fa 95       	dec	r31
    1bcc:	10 82       	st	Z, r1

00001bce <.Loc.21>:
	for (int i=0; i<num_digits; i++)
    1bce:	2f 5f       	subi	r18, 0xFF	; 255
    1bd0:	3f 4f       	sbci	r19, 0xFF	; 255

00001bd2 <.Loc.22>:
    1bd2:	ee cf       	rjmp	.-36     	; 0x1bb0 <.L4>

00001bd4 <disp7s_update_data_array>:


void disp7s_update_data_array(const unsigned char *data, int8_t initial_position, int8_t num_digits)
{
	for (int i = 0; i< num_digits; i++ )
    1bd4:	dc 01       	movw	r26, r24

00001bd6 <.Loc.27>:
    1bd6:	80 e0       	ldi	r24, 0x00	; 0

00001bd8 <.Loc.28>:
    1bd8:	90 e0       	ldi	r25, 0x00	; 0

00001bda <.L7>:
    1bda:	04 2e       	mov	r0, r20
    1bdc:	00 1c       	adc	r0, r0
    1bde:	00 08       	sbc	r0, r0
    1be0:	84 17       	cp	r24, r20
    1be2:	90 05       	cpc	r25, r0
    1be4:	0c f0       	brlt	.+2      	; 0x1be8 <.L8>

00001be6 <.Loc.30>:
	{
		disp7s_data_array[initial_position++] = data[i];
	}
}
    1be6:	08 95       	ret

00001be8 <.L8>:
    1be8:	e6 2f       	mov	r30, r22
    1bea:	e8 0f       	add	r30, r24

00001bec <.Loc.31>:
		disp7s_data_array[initial_position++] = data[i];
    1bec:	2d 91       	ld	r18, X+

00001bee <.Loc.33>:
    1bee:	fe 2f       	mov	r31, r30
    1bf0:	ff 0f       	add	r31, r31
    1bf2:	ff 0b       	sbc	r31, r31

00001bf4 <.Loc.34>:
    1bf4:	ea 51       	subi	r30, 0x1A	; 26
    1bf6:	f9 4f       	sbci	r31, 0xF9	; 249
    1bf8:	20 83       	st	Z, r18

00001bfa <.Loc.35>:
	for (int i = 0; i< num_digits; i++ )
    1bfa:	01 96       	adiw	r24, 0x01	; 1

00001bfc <.Loc.36>:
    1bfc:	ee cf       	rjmp	.-36     	; 0x1bda <.L7>

00001bfe <disp7s_save_data_array>:

void disp7s_save_data_array(unsigned char *data_array_buffer, int8_t num_digits)
{
	for (int i = 0; i<num_digits ; i++ )
    1bfe:	a6 ee       	ldi	r26, 0xE6	; 230
    1c00:	b6 e0       	ldi	r27, 0x06	; 6
    1c02:	fc 01       	movw	r30, r24

00001c04 <.Loc.41>:
    1c04:	80 e0       	ldi	r24, 0x00	; 0

00001c06 <.Loc.42>:
    1c06:	90 e0       	ldi	r25, 0x00	; 0

00001c08 <.L10>:
    1c08:	06 2e       	mov	r0, r22
    1c0a:	00 1c       	adc	r0, r0
    1c0c:	00 08       	sbc	r0, r0
    1c0e:	86 17       	cp	r24, r22
    1c10:	90 05       	cpc	r25, r0
    1c12:	0c f0       	brlt	.+2      	; 0x1c16 <.L11>

00001c14 <.Loc.44>:
	{
		data_array_buffer[i] = disp7s_data_array[i];
	}
}
    1c14:	08 95       	ret

00001c16 <.L11>:
		data_array_buffer[i] = disp7s_data_array[i];
    1c16:	2d 91       	ld	r18, X+

00001c18 <.Loc.47>:
    1c18:	21 93       	st	Z+, r18

00001c1a <.Loc.48>:
	for (int i = 0; i<num_digits ; i++ )
    1c1a:	01 96       	adiw	r24, 0x01	; 1

00001c1c <.Loc.49>:
    1c1c:	f5 cf       	rjmp	.-22     	; 0x1c08 <.L10>

00001c1e <disp7s_clear_all>:


void disp7s_clear_all(void)
{
	disp7s_blank_displays(disp7s_data_array,0,DISP7S_TOTAL_NUMMAX);
    1c1e:	48 e0       	ldi	r20, 0x08	; 8
    1c20:	60 e0       	ldi	r22, 0x00	; 0
    1c22:	86 ee       	ldi	r24, 0xE6	; 230
    1c24:	96 e0       	ldi	r25, 0x06	; 6
    1c26:	0c 94 d6 0d 	jmp	0x1bac	; 0x1bac <disp7s_blank_displays>

00001c2a <integer_to_arraybcd_msb_lsb_paddingleft_blank>:
}

void integer_to_arraybcd_msb_lsb_paddingleft_blank(int value, unsigned char *arraybcd, int8_t num_digits)
{
    1c2a:	0f 93       	push	r16
    1c2c:	1f 93       	push	r17
    1c2e:	cf 93       	push	r28
    1c30:	df 93       	push	r29
    1c32:	cd b7       	in	r28, 0x3d	; 61
    1c34:	de b7       	in	r29, 0x3e	; 62
    1c36:	2d 97       	sbiw	r28, 0x0d	; 13
    1c38:	0f b6       	in	r0, 0x3f	; 63
    1c3a:	f8 94       	cli
    1c3c:	de bf       	out	0x3e, r29	; 62
    1c3e:	0f be       	out	0x3f, r0	; 63
    1c40:	cd bf       	out	0x3d, r28	; 61
    1c42:	8c 87       	std	Y+12, r24	; 0x0c
    1c44:	9d 87       	std	Y+13, r25	; 0x0d
    1c46:	8b 01       	movw	r16, r22
    1c48:	4b 87       	std	Y+11, r20	; 0x0b

00001c4a <.Loc.54>:
	unsigned char bcd[10];

	//blank all buffer
	disp7s_blank_displays(arraybcd,0,num_digits);
    1c4a:	60 e0       	ldi	r22, 0x00	; 0

00001c4c <.Loc.56>:
    1c4c:	c8 01       	movw	r24, r16

00001c4e <.Loc.57>:
    1c4e:	0e 94 d6 0d 	call	0x1bac	; 0x1bac <disp7s_blank_displays>

00001c52 <.LVL21>:

	int length = integer_to_arraybcd_msb_lsb(value, bcd);
    1c52:	be 01       	movw	r22, r28
    1c54:	6f 5f       	subi	r22, 0xFF	; 255
    1c56:	7f 4f       	sbci	r23, 0xFF	; 255
    1c58:	8c 85       	ldd	r24, Y+12	; 0x0c
    1c5a:	9d 85       	ldd	r25, Y+13	; 0x0d
    1c5c:	0e 94 49 00 	call	0x92	; 0x92 <integer_to_arraybcd_msb_lsb>

00001c60 <.LBB8>:
	int idx= num_digits - length;
	for (int i = 0; i<length; i++ )
    1c60:	be 01       	movw	r22, r28
    1c62:	6f 5f       	subi	r22, 0xFF	; 255
    1c64:	7f 4f       	sbci	r23, 0xFF	; 255

00001c66 <.Loc.64>:
	int idx= num_digits - length;
    1c66:	2b 85       	ldd	r18, Y+11	; 0x0b
    1c68:	42 2f       	mov	r20, r18
    1c6a:	22 0f       	add	r18, r18
    1c6c:	55 0b       	sbc	r21, r21

00001c6e <.Loc.65>:
    1c6e:	48 1b       	sub	r20, r24
    1c70:	59 0b       	sbc	r21, r25
    1c72:	d8 01       	movw	r26, r16
    1c74:	a4 0f       	add	r26, r20
    1c76:	b5 1f       	adc	r27, r21

00001c78 <.Loc.66>:
	for (int i = 0; i<length; i++ )
    1c78:	40 e0       	ldi	r20, 0x00	; 0
    1c7a:	50 e0       	ldi	r21, 0x00	; 0

00001c7c <.L14>:
    1c7c:	48 17       	cp	r20, r24
    1c7e:	59 07       	cpc	r21, r25
    1c80:	5c f0       	brlt	.+22     	; 0x1c98 <.L15>

00001c82 <.Loc.68>:
	{
		arraybcd[idx++] = DISP7_NUMERIC_ARR[bcd[i]];
	}
}
    1c82:	2d 96       	adiw	r28, 0x0d	; 13
    1c84:	0f b6       	in	r0, 0x3f	; 63
    1c86:	f8 94       	cli
    1c88:	de bf       	out	0x3e, r29	; 62
    1c8a:	0f be       	out	0x3f, r0	; 63
    1c8c:	cd bf       	out	0x3d, r28	; 61
    1c8e:	df 91       	pop	r29
    1c90:	cf 91       	pop	r28
    1c92:	1f 91       	pop	r17
    1c94:	0f 91       	pop	r16

00001c96 <.Loc.69>:
    1c96:	08 95       	ret

00001c98 <.L15>:
		arraybcd[idx++] = DISP7_NUMERIC_ARR[bcd[i]];
    1c98:	fb 01       	movw	r30, r22
    1c9a:	21 91       	ld	r18, Z+
    1c9c:	bf 01       	movw	r22, r30

00001c9e <.Loc.72>:
    1c9e:	30 e0       	ldi	r19, 0x00	; 0

00001ca0 <.Loc.73>:
    1ca0:	2b 52       	subi	r18, 0x2B	; 43
    1ca2:	3b 4f       	sbci	r19, 0xFB	; 251

00001ca4 <.Loc.74>:
    1ca4:	f9 01       	movw	r30, r18
    1ca6:	20 81       	ld	r18, Z
    1ca8:	2d 93       	st	X+, r18

00001caa <.Loc.75>:
	for (int i = 0; i<length; i++ )
    1caa:	4f 5f       	subi	r20, 0xFF	; 255
    1cac:	5f 4f       	sbci	r21, 0xFF	; 255

00001cae <.Loc.76>:
    1cae:	e6 cf       	rjmp	.-52     	; 0x1c7c <.L14>

00001cb0 <integer_to_arraybcd_msb_lsb_paddingleft_zeroes>:
void integer_to_arraybcd_msb_lsb_paddingleft_zeroes(int value, unsigned char *arraybcd, int8_t num_digits)
{
    1cb0:	ff 92       	push	r15
    1cb2:	0f 93       	push	r16
    1cb4:	1f 93       	push	r17
    1cb6:	cf 93       	push	r28
    1cb8:	df 93       	push	r29
    1cba:	cd b7       	in	r28, 0x3d	; 61
    1cbc:	de b7       	in	r29, 0x3e	; 62
    1cbe:	2a 97       	sbiw	r28, 0x0a	; 10
    1cc0:	0f b6       	in	r0, 0x3f	; 63
    1cc2:	f8 94       	cli
    1cc4:	de bf       	out	0x3e, r29	; 62
    1cc6:	0f be       	out	0x3f, r0	; 63
    1cc8:	cd bf       	out	0x3d, r28	; 61
    1cca:	8b 01       	movw	r16, r22
    1ccc:	f4 2e       	mov	r15, r20

00001cce <.LBB11>:
	unsigned char bcd[10];

	//blank all buffer
	//disp7s_blank_displays(arraybcd,0,num_digits);
	for (int8_t i=0; i<num_digits; i++)
    1cce:	fb 01       	movw	r30, r22

00001cd0 <.Loc.83>:
	{
		arraybcd[i] = D7S_DATA_0;
    1cd0:	3b ee       	ldi	r19, 0xEB	; 235

00001cd2 <.L17>:
	for (int8_t i=0; i<num_digits; i++)
    1cd2:	2e 2f       	mov	r18, r30
    1cd4:	20 1b       	sub	r18, r16
    1cd6:	2f 15       	cp	r18, r15
    1cd8:	fc f0       	brlt	.+62     	; 0x1d18 <.L18>

00001cda <.Loc.85>:
	}


	int length = integer_to_arraybcd_msb_lsb(value, bcd);
    1cda:	be 01       	movw	r22, r28
    1cdc:	6f 5f       	subi	r22, 0xFF	; 255
    1cde:	7f 4f       	sbci	r23, 0xFF	; 255
    1ce0:	0e 94 49 00 	call	0x92	; 0x92 <integer_to_arraybcd_msb_lsb>

00001ce4 <.LBB12>:
	int idx= num_digits - length;
	for (int i = 0; i<length; i++ )
    1ce4:	de 01       	movw	r26, r28
    1ce6:	11 96       	adiw	r26, 0x01	; 1

00001ce8 <.Loc.91>:
	int idx= num_digits - length;
    1ce8:	4f 2d       	mov	r20, r15
    1cea:	ff 0c       	add	r15, r15
    1cec:	55 0b       	sbc	r21, r21

00001cee <.Loc.92>:
    1cee:	48 1b       	sub	r20, r24
    1cf0:	59 0b       	sbc	r21, r25
    1cf2:	04 0f       	add	r16, r20
    1cf4:	15 1f       	adc	r17, r21

00001cf6 <.Loc.93>:
	for (int i = 0; i<length; i++ )
    1cf6:	40 e0       	ldi	r20, 0x00	; 0
    1cf8:	50 e0       	ldi	r21, 0x00	; 0

00001cfa <.L19>:
    1cfa:	48 17       	cp	r20, r24
    1cfc:	59 07       	cpc	r21, r25
    1cfe:	74 f0       	brlt	.+28     	; 0x1d1c <.L20>

00001d00 <.Loc.95>:
	{
		arraybcd[idx++] = DISP7_NUMERIC_ARR[bcd[i]];
	}
}
    1d00:	2a 96       	adiw	r28, 0x0a	; 10
    1d02:	0f b6       	in	r0, 0x3f	; 63
    1d04:	f8 94       	cli
    1d06:	de bf       	out	0x3e, r29	; 62
    1d08:	0f be       	out	0x3f, r0	; 63
    1d0a:	cd bf       	out	0x3d, r28	; 61
    1d0c:	df 91       	pop	r29
    1d0e:	cf 91       	pop	r28
    1d10:	1f 91       	pop	r17
    1d12:	0f 91       	pop	r16
    1d14:	ff 90       	pop	r15

00001d16 <.Loc.96>:
    1d16:	08 95       	ret

00001d18 <.L18>:
		arraybcd[i] = D7S_DATA_0;
    1d18:	31 93       	st	Z+, r19

00001d1a <.Loc.99>:
	for (int8_t i=0; i<num_digits; i++)
    1d1a:	db cf       	rjmp	.-74     	; 0x1cd2 <.L17>

00001d1c <.L20>:
		arraybcd[idx++] = DISP7_NUMERIC_ARR[bcd[i]];
    1d1c:	2d 91       	ld	r18, X+

00001d1e <.Loc.103>:
    1d1e:	30 e0       	ldi	r19, 0x00	; 0

00001d20 <.Loc.104>:
    1d20:	2b 52       	subi	r18, 0x2B	; 43
    1d22:	3b 4f       	sbci	r19, 0xFB	; 251

00001d24 <.Loc.105>:
    1d24:	f9 01       	movw	r30, r18
    1d26:	20 81       	ld	r18, Z
    1d28:	f8 01       	movw	r30, r16
    1d2a:	21 93       	st	Z+, r18
    1d2c:	8f 01       	movw	r16, r30

00001d2e <.Loc.106>:
	for (int i = 0; i<length; i++ )
    1d2e:	4f 5f       	subi	r20, 0xFF	; 255
    1d30:	5f 4f       	sbci	r21, 0xFF	; 255

00001d32 <.Loc.107>:
    1d32:	e3 cf       	rjmp	.-58     	; 0x1cfa <.L19>

00001d34 <disp7s_decimalpoint_on>:

void disp7s_decimalpoint_on(unsigned char *dig)
{
    1d34:	fc 01       	movw	r30, r24

00001d36 <.Loc.110>:

	OR_BITWISE(*dig, (1<< D7S_DP) );
    1d36:	90 81       	ld	r25, Z
    1d38:	94 60       	ori	r25, 0x04	; 4
    1d3a:	90 83       	st	Z, r25

00001d3c <.Loc.112>:
}
    1d3c:	08 95       	ret

00001d3e <disp7s_decimalpoint_off>:
void disp7s_decimalpoint_off(unsigned char *dig)
{
    1d3e:	fc 01       	movw	r30, r24

00001d40 <.Loc.116>:

	AND_BITWISE(*dig, ~(1<< D7S_DP) );
    1d40:	90 81       	ld	r25, Z
    1d42:	9b 7f       	andi	r25, 0xFB	; 251
    1d44:	90 83       	st	Z, r25

00001d46 <.Loc.118>:
}
    1d46:	08 95       	ret

00001d48 <disp7s_mux0_off>:
#include "Display7S/display7s.h"


static inline void disp7s_mux0_off(void)
{
    PinTo0(PORTWxDISPLAY7S_Q0, PINxDISPLAY7S_Q0);
    1d48:	95 98       	cbi	0x12, 5	; 18

00001d4a <.Loc.3>:
}
    1d4a:	08 95       	ret

00001d4c <disp7s_mux0_on>:
static inline void disp7s_mux0_on(void)
{
    PinTo1(PORTWxDISPLAY7S_Q0, PINxDISPLAY7S_Q0);
    1d4c:	95 9a       	sbi	0x12, 5	; 18

00001d4e <.Loc.8>:
}
    1d4e:	08 95       	ret

00001d50 <disp7s_mux1_off>:
//
static inline void disp7s_mux1_off(void)
{
    PinTo0(PORTWxDISPLAY7S_Q1, PINxDISPLAY7S_Q1);
    1d50:	92 98       	cbi	0x12, 2	; 18

00001d52 <.Loc.13>:
}
    1d52:	08 95       	ret

00001d54 <disp7s_mux1_on>:
static inline void disp7s_mux1_on(void)
{
    PinTo1(PORTWxDISPLAY7S_Q1, PINxDISPLAY7S_Q1);
    1d54:	92 9a       	sbi	0x12, 2	; 18

00001d56 <.Loc.18>:
}
    1d56:	08 95       	ret

00001d58 <disp7s_mux2_off>:
//
static inline void disp7s_mux2_off(void)
{
    PinTo0(PORTWxDISPLAY7S_Q2, PINxDISPLAY7S_Q2);
    1d58:	93 98       	cbi	0x12, 3	; 18

00001d5a <.Loc.23>:
}
    1d5a:	08 95       	ret

00001d5c <disp7s_mux2_on>:
static inline void disp7s_mux2_on(void)
{
    PinTo1(PORTWxDISPLAY7S_Q2, PINxDISPLAY7S_Q2);
    1d5c:	93 9a       	sbi	0x12, 3	; 18

00001d5e <.Loc.28>:
}
    1d5e:	08 95       	ret

00001d60 <disp7s_mux3_off>:
//
static inline void disp7s_mux3_off(void)
{
    PinTo0(PORTWxDISPLAY7S_Q3, PINxDISPLAY7S_Q3);
    1d60:	94 98       	cbi	0x12, 4	; 18

00001d62 <.Loc.33>:
}
    1d62:	08 95       	ret

00001d64 <disp7s_mux3_on>:
static inline void disp7s_mux3_on(void)
{
    PinTo1(PORTWxDISPLAY7S_Q3, PINxDISPLAY7S_Q3);
    1d64:	94 9a       	sbi	0x12, 4	; 18

00001d66 <.Loc.38>:
}
    1d66:	08 95       	ret

00001d68 <disp7s_mux4_off>:
//
static inline void disp7s_mux4_off(void)
{
    PinTo0(PORTWxDISPLAY7S_Q4, PINxDISPLAY7S_Q4);
    1d68:	df 98       	cbi	0x1b, 7	; 27

00001d6a <.Loc.43>:
}
    1d6a:	08 95       	ret

00001d6c <disp7s_mux4_on>:
static inline void disp7s_mux4_on(void)
{
    PinTo1(PORTWxDISPLAY7S_Q4, PINxDISPLAY7S_Q4);
    1d6c:	df 9a       	sbi	0x1b, 7	; 27

00001d6e <.Loc.48>:
}
    1d6e:	08 95       	ret

00001d70 <disp7s_mux5_off>:
//
static inline void disp7s_mux5_off(void)
{
    PinTo0(PORTWxDISPLAY7S_Q5, PINxDISPLAY7S_Q5);
    1d70:	de 98       	cbi	0x1b, 6	; 27

00001d72 <.Loc.53>:
}
    1d72:	08 95       	ret

00001d74 <disp7s_mux5_on>:
static inline void disp7s_mux5_on(void)
{
    PinTo1(PORTWxDISPLAY7S_Q5, PINxDISPLAY7S_Q5);
    1d74:	de 9a       	sbi	0x1b, 6	; 27

00001d76 <.Loc.58>:
}
    1d76:	08 95       	ret

00001d78 <disp7s_mux6_off>:
//
static inline void disp7s_mux6_off(void)
{
    PinTo0(PORTWxDISPLAY7S_Q6, PINxDISPLAY7S_Q6);
    1d78:	dd 98       	cbi	0x1b, 5	; 27

00001d7a <.Loc.63>:
}
    1d7a:	08 95       	ret

00001d7c <disp7s_mux6_on>:
static inline void disp7s_mux6_on(void)
{
    PinTo1(PORTWxDISPLAY7S_Q6, PINxDISPLAY7S_Q6);
    1d7c:	dd 9a       	sbi	0x1b, 5	; 27

00001d7e <.Loc.68>:
}
    1d7e:	08 95       	ret

00001d80 <disp7s_mux7_off>:
//
static inline void disp7s_mux7_off(void)
{
    PinTo0(PORTWxDISPLAY7S_Q7, PINxDISPLAY7S_Q7);
    1d80:	dc 98       	cbi	0x1b, 4	; 27

00001d82 <.Loc.73>:
}
    1d82:	08 95       	ret

00001d84 <disp7s_mux7_on>:
static inline void disp7s_mux7_on(void)
{
    PinTo1(PORTWxDISPLAY7S_Q7, PINxDISPLAY7S_Q7);
    1d84:	dc 9a       	sbi	0x1b, 4	; 27

00001d86 <.Loc.78>:
}
    1d86:	08 95       	ret

00001d88 <disp7s_init>:
};

unsigned char disp7s_data_array[DISP7S_TOTAL_NUMMAX];

void disp7s_init(void)
{
    1d88:	cf 93       	push	r28
    1d8a:	df 93       	push	r29

00001d8c <.Loc.81>:
	int8_t i;

	//set all pointers and constansts
	disp7s_setup(DISP7S_TOTAL_NUMMAX, &PORTWxDISPLAY7S_DATA,  disp7s_data_array, disp7s_mux);
    1d8c:	20 e6       	ldi	r18, 0x60	; 96
    1d8e:	30 e0       	ldi	r19, 0x00	; 0
    1d90:	46 ee       	ldi	r20, 0xE6	; 230
    1d92:	56 e0       	ldi	r21, 0x06	; 6
    1d94:	65 e3       	ldi	r22, 0x35	; 53
    1d96:	70 e0       	ldi	r23, 0x00	; 0
    1d98:	88 e0       	ldi	r24, 0x08	; 8
    1d9a:	0e 94 6e 0d 	call	0x1adc	; 0x1adc <disp7s_setup>

00001d9e <.LVL0>:

	//config transistors
	for (i=0; i< DISP7S_TOTAL_NUMMAX; i++)
    1d9e:	c0 e6       	ldi	r28, 0x60	; 96
    1da0:	d0 e0       	ldi	r29, 0x00	; 0

00001da2 <.L18>:
    {
        disp7s_mux[i].Qonoff[0]();//off
    1da2:	e8 81       	ld	r30, Y
    1da4:	f9 81       	ldd	r31, Y+1	; 0x01
    1da6:	09 95       	icall

00001da8 <.Loc.86>:
	for (i=0; i< DISP7S_TOTAL_NUMMAX; i++)
    1da8:	24 96       	adiw	r28, 0x04	; 4

00001daa <.Loc.88>:
    1daa:	80 e0       	ldi	r24, 0x00	; 0
    1dac:	c0 38       	cpi	r28, 0x80	; 128
    1dae:	d8 07       	cpc	r29, r24
    1db0:	c1 f7       	brne	.-16     	; 0x1da2 <.L18>

00001db2 <.Loc.89>:
    }

    ConfigOutputPin(CONFIGIOxDISPLAY7S_Q0, PINxDISPLAY7S_Q0);
    1db2:	8d 9a       	sbi	0x11, 5	; 17

00001db4 <.Loc.91>:
    ConfigOutputPin(CONFIGIOxDISPLAY7S_Q1, PINxDISPLAY7S_Q1);
    1db4:	8a 9a       	sbi	0x11, 2	; 17

00001db6 <.Loc.94>:
    ConfigOutputPin(CONFIGIOxDISPLAY7S_Q2, PINxDISPLAY7S_Q2);
    1db6:	8b 9a       	sbi	0x11, 3	; 17

00001db8 <.Loc.97>:
    ConfigOutputPin(CONFIGIOxDISPLAY7S_Q3, PINxDISPLAY7S_Q3);
    1db8:	8c 9a       	sbi	0x11, 4	; 17

00001dba <.Loc.100>:
    ConfigOutputPin(CONFIGIOxDISPLAY7S_Q4, PINxDISPLAY7S_Q4);
    1dba:	d7 9a       	sbi	0x1a, 7	; 26

00001dbc <.Loc.103>:
    ConfigOutputPin(CONFIGIOxDISPLAY7S_Q5, PINxDISPLAY7S_Q5);
    1dbc:	d6 9a       	sbi	0x1a, 6	; 26

00001dbe <.Loc.106>:
    ConfigOutputPin(CONFIGIOxDISPLAY7S_Q6, PINxDISPLAY7S_Q6);
    1dbe:	d5 9a       	sbi	0x1a, 5	; 26

00001dc0 <.Loc.109>:
    ConfigOutputPin(CONFIGIOxDISPLAY7S_Q7, PINxDISPLAY7S_Q7);
    1dc0:	d4 9a       	sbi	0x1a, 4	; 26

00001dc2 <.Loc.112>:

    //config output port
    ConfigOutputPort(CONFIGIOxDISPLAY7S_DATA,OUTPUT_PORT8BIT);
    1dc2:	84 b3       	in	r24, 0x14	; 20
    1dc4:	8f ef       	ldi	r24, 0xFF	; 255
    1dc6:	84 bb       	out	0x14, r24	; 20

00001dc8 <.Loc.115>:
}
    1dc8:	df 91       	pop	r29
    1dca:	cf 91       	pop	r28

00001dcc <.Loc.117>:
    1dcc:	08 95       	ret

00001dce <mypid0_set>:
/* cada PWM_ACCESS_TIME_MS se lleva el timing del periodo del PWM */
#define PWM_ACCESS_TIME_MS 100 //ms

void mypid0_set(void)
{
	mypid0.pwm.timing.kmax_ticks_ms = PWM_ACCESS_TIME_MS/SYSTICK_MS;//100 ms
    1dce:	24 e6       	ldi	r18, 0x64	; 100
    1dd0:	20 93 15 07 	sts	0x0715, r18	; 0x800715 <mypid0+0x27>
    1dd4:	10 92 16 07 	sts	0x0716, r1	; 0x800716 <mypid0+0x28>

00001dd8 <.Loc.3>:

	/* tengo que convertir a unidades de tiempo */
	mypid0.algo.scaler_time_ms = 1000.0f/PWM_ACCESS_TIME_MS;	// 1seg/PWM_ACCESS_TIME_MS
    1dd8:	8a e0       	ldi	r24, 0x0A	; 10
    1dda:	80 93 fe 06 	sts	0x06FE, r24	; 0x8006fe <mypid0+0x10>
    1dde:	10 92 ff 06 	sts	0x06FF, r1	; 0x8006ff <mypid0+0x11>

00001de2 <.Loc.5>:


	/* aqui es donde realmente se fija el valor */
	/* todo depende practicamente del valor asignado asignado a KP*/
	mypid0.algo.pid_out_max_ms = 10 * mypid0.algo.scaler_time_ms; //10s
    1de2:	20 93 fa 06 	sts	0x06FA, r18	; 0x8006fa <mypid0+0xc>
    1de6:	10 92 fb 06 	sts	0x06FB, r1	; 0x8006fb <mypid0+0xd>

00001dea <.Loc.7>:
	mypid0.algo.pid_out_min_ms = 0 * mypid0.algo.scaler_time_ms;	//0s
    1dea:	10 92 fc 06 	sts	0x06FC, r1	; 0x8006fc <mypid0+0xe>
    1dee:	10 92 fd 06 	sts	0x06FD, r1	; 0x8006fd <mypid0+0xf>

00001df2 <.Loc.10>:

	/* El sistema presenta esos delays */
	mypid0.pwm.timing.k_systemdelay_ton_ms = 500.0f / PWM_ACCESS_TIME_MS;
    1df2:	25 e0       	ldi	r18, 0x05	; 5
    1df4:	20 93 17 07 	sts	0x0717, r18	; 0x800717 <mypid0+0x29>
    1df8:	10 92 18 07 	sts	0x0718, r1	; 0x800718 <mypid0+0x2a>

00001dfc <.Loc.11>:
	mypid0.pwm.timing.k_systemdelay_toff_ms = 5000.0f/ PWM_ACCESS_TIME_MS;
    1dfc:	22 e3       	ldi	r18, 0x32	; 50
    1dfe:	20 93 19 07 	sts	0x0719, r18	; 0x800719 <mypid0+0x2b>
    1e02:	10 92 1a 07 	sts	0x071A, r1	; 0x80071a <mypid0+0x2c>

00001e06 <.Loc.13>:
	 *
	 * +50 es el error SP-PV, a partir de esa diferencia queremos el controlador
	 * empieza a regular entre 10..0 de manera proporcional
	 *  */
	//mypid0.algo.kp = 10.0f / 25;// 5/6/2024 la kte se dobla
	mypid0.algo.kp = 10.0f / 12;// 5/6/2024 la kte se dobla
    1e06:	45 e5       	ldi	r20, 0x55	; 85
    1e08:	55 e5       	ldi	r21, 0x55	; 85
    1e0a:	65 e5       	ldi	r22, 0x55	; 85
    1e0c:	7f e3       	ldi	r23, 0x3F	; 63
    1e0e:	40 93 00 07 	sts	0x0700, r20	; 0x800700 <mypid0+0x12>
    1e12:	50 93 01 07 	sts	0x0701, r21	; 0x800701 <mypid0+0x13>
    1e16:	60 93 02 07 	sts	0x0702, r22	; 0x800702 <mypid0+0x14>
    1e1a:	70 93 03 07 	sts	0x0703, r23	; 0x800703 <mypid0+0x15>

00001e1e <.Loc.15>:

	//pid.algo.kp = 1.0f/5;

	mypid0.algo.ki = 1.0f/10;
    1e1e:	4d ec       	ldi	r20, 0xCD	; 205
    1e20:	5c ec       	ldi	r21, 0xCC	; 204
    1e22:	6c ec       	ldi	r22, 0xCC	; 204
    1e24:	7d e3       	ldi	r23, 0x3D	; 61
    1e26:	40 93 04 07 	sts	0x0704, r20	; 0x800704 <mypid0+0x16>
    1e2a:	50 93 05 07 	sts	0x0705, r21	; 0x800705 <mypid0+0x17>
    1e2e:	60 93 06 07 	sts	0x0706, r22	; 0x800706 <mypid0+0x18>
    1e32:	70 93 07 07 	sts	0x0707, r23	; 0x800707 <mypid0+0x19>

00001e36 <.Loc.17>:
	mypid0.algo.kd = 0;
    1e36:	10 92 08 07 	sts	0x0708, r1	; 0x800708 <mypid0+0x1a>
    1e3a:	10 92 09 07 	sts	0x0709, r1	; 0x800709 <mypid0+0x1b>
    1e3e:	10 92 0a 07 	sts	0x070A, r1	; 0x80070a <mypid0+0x1c>
    1e42:	10 92 0b 07 	sts	0x070B, r1	; 0x80070b <mypid0+0x1d>

00001e46 <.Loc.19>:
	mypid0.algo.kei_windup_min = 0;
    1e46:	10 92 f8 06 	sts	0x06F8, r1	; 0x8006f8 <mypid0+0xa>
    1e4a:	10 92 f9 06 	sts	0x06F9, r1	; 0x8006f9 <mypid0+0xb>

00001e4e <.Loc.21>:
	mypid0.algo.kei_windup_max = 10;
    1e4e:	80 93 f6 06 	sts	0x06F6, r24	; 0x8006f6 <mypid0+0x8>
    1e52:	10 92 f7 06 	sts	0x06F7, r1	; 0x8006f7 <mypid0+0x9>

00001e56 <.Loc.23>:

	mypid0.pwm.io.port = &PORTWxSOL_GAS_QUEMADOR;
    1e56:	88 e3       	ldi	r24, 0x38	; 56
    1e58:	80 93 1b 07 	sts	0x071B, r24	; 0x80071b <mypid0+0x2d>
    1e5c:	10 92 1c 07 	sts	0x071C, r1	; 0x80071c <mypid0+0x2e>

00001e60 <.Loc.25>:
	mypid0.pwm.io.pin = PINxSOL_GAS_QUEMADOR;
    1e60:	82 e0       	ldi	r24, 0x02	; 2
    1e62:	80 93 1d 07 	sts	0x071D, r24	; 0x80071d <mypid0+0x2f>

00001e66 <.Loc.27>:
	//
	//mypid0.algo.sp = 300;
}
    1e66:	08 95       	ret

00001e68 <mypid0_adjust_kei_windup>:
{
	/* 1. error es target-specific */
	//int16_t pv = TCtemperature;
	//int16_t pv = 110;
	//int16_t error =  mypid0.algo.sp - pv;
	int16_t error =  tmprture_coccion.TC - TCtemperature;
    1e68:	80 91 a0 07 	lds	r24, 0x07A0	; 0x8007a0 <tmprture_coccion>
    1e6c:	90 91 a1 07 	lds	r25, 0x07A1	; 0x8007a1 <tmprture_coccion+0x1>
    1e70:	20 91 dc 06 	lds	r18, 0x06DC	; 0x8006dc <TCtemperature>
    1e74:	30 91 dd 06 	lds	r19, 0x06DD	; 0x8006dd <TCtemperature+0x1>
    1e78:	82 1b       	sub	r24, r18
    1e7a:	93 0b       	sbc	r25, r19

00001e7c <.LVL0>:

	/* adjust windup for integral error */
	if (error > 5)
    1e7c:	21 e0       	ldi	r18, 0x01	; 1
    1e7e:	86 30       	cpi	r24, 0x06	; 6
    1e80:	91 05       	cpc	r25, r1
    1e82:	0c f0       	brlt	.+2      	; 0x1e86 <.L3>
    1e84:	2a e0       	ldi	r18, 0x0A	; 10

00001e86 <.L3>:
	{
		mypid0.algo.kei_windup_max = 10;
    1e86:	20 93 f6 06 	sts	0x06F6, r18	; 0x8006f6 <mypid0+0x8>
    1e8a:	10 92 f7 06 	sts	0x06F7, r1	; 0x8006f7 <mypid0+0x9>

00001e8e <.Loc.34>:
	else
	{
		mypid0.algo.kei_windup_max = 1;
	}
	return error;
}
    1e8e:	08 95       	ret

00001e90 <kbmode_default>:

void kbmode_default(struct _kb_basket *kb)
{
    1e90:	0f 93       	push	r16
    1e92:	1f 93       	push	r17
    1e94:	cf 93       	push	r28
    1e96:	df 93       	push	r29
    1e98:	00 d0       	rcall	.+0      	; 0x1e9a <L0^A>

00001e9a <L0^A>:
    1e9a:	00 d0       	rcall	.+0      	; 0x1e9c <L0^A>

00001e9c <L0^A>:
    1e9c:	00 d0       	rcall	.+0      	; 0x1e9e <L0^A>

00001e9e <L0^A>:
    1e9e:	cd b7       	in	r28, 0x3d	; 61
    1ea0:	de b7       	in	r29, 0x3e	; 62
    1ea2:	8c 01       	movw	r16, r24

00001ea4 <.Loc.38>:
	struct _key_prop key_prop = { 0 };
	//
	key_prop = propEmpty;
    1ea4:	86 e0       	ldi	r24, 0x06	; 6

00001ea6 <.Loc.41>:
    1ea6:	ee e8       	ldi	r30, 0x8E	; 142
    1ea8:	f0 e0       	ldi	r31, 0x00	; 0
    1eaa:	de 01       	movw	r26, r28
    1eac:	11 96       	adiw	r26, 0x01	; 1

00001eae <.L0^B1>:
    1eae:	01 90       	ld	r0, Z+
    1eb0:	0d 92       	st	X+, r0
    1eb2:	8a 95       	dec	r24
    1eb4:	e1 f7       	brne	.-8      	; 0x1eae <.L0^B1>

00001eb6 <.Loc.42>:
	//
	key_prop.uFlag.f.onKeyPressed = 1;
    1eb6:	29 81       	ldd	r18, Y+1	; 0x01
    1eb8:	21 60       	ori	r18, 0x01	; 1
    1eba:	29 83       	std	Y+1, r18	; 0x01

00001ebc <.Loc.44>:
	ikb_setKeyProp(kb->sleep,key_prop);
    1ebc:	3a 81       	ldd	r19, Y+2	; 0x02
    1ebe:	4b 81       	ldd	r20, Y+3	; 0x03
    1ec0:	5c 81       	ldd	r21, Y+4	; 0x04
    1ec2:	6d 81       	ldd	r22, Y+5	; 0x05
    1ec4:	7e 81       	ldd	r23, Y+6	; 0x06
    1ec6:	f8 01       	movw	r30, r16
    1ec8:	81 81       	ldd	r24, Z+1	; 0x01
    1eca:	0e 94 de 06 	call	0xdbc	; 0xdbc <ikb_setKeyProp>

00001ece <.LVL3>:
	ikb_setKeyProp(kb->startStop ,key_prop);
    1ece:	29 81       	ldd	r18, Y+1	; 0x01
    1ed0:	3a 81       	ldd	r19, Y+2	; 0x02
    1ed2:	4b 81       	ldd	r20, Y+3	; 0x03
    1ed4:	5c 81       	ldd	r21, Y+4	; 0x04
    1ed6:	6d 81       	ldd	r22, Y+5	; 0x05
    1ed8:	7e 81       	ldd	r23, Y+6	; 0x06
    1eda:	f8 01       	movw	r30, r16
    1edc:	80 81       	ld	r24, Z
    1ede:	0e 94 de 06 	call	0xdbc	; 0xdbc <ikb_setKeyProp>

00001ee2 <.LVL4>:
	//
	key_prop.uFlag.f.onKeyPressed = 0;
    1ee2:	29 81       	ldd	r18, Y+1	; 0x01
    1ee4:	2e 7d       	andi	r18, 0xDE	; 222
    1ee6:	20 62       	ori	r18, 0x20	; 32
    1ee8:	29 83       	std	Y+1, r18	; 0x01

00001eea <.Loc.49>:
	key_prop.uFlag.f.atTimeExpired2 = 1;
	ikb_setKeyProp(kb->program ,key_prop);//programacion
    1eea:	3a 81       	ldd	r19, Y+2	; 0x02
    1eec:	4b 81       	ldd	r20, Y+3	; 0x03
    1eee:	5c 81       	ldd	r21, Y+4	; 0x04
    1ef0:	6d 81       	ldd	r22, Y+5	; 0x05
    1ef2:	7e 81       	ldd	r23, Y+6	; 0x06
    1ef4:	f8 01       	movw	r30, r16
    1ef6:	84 81       	ldd	r24, Z+4	; 0x04
    1ef8:	0e 94 de 06 	call	0xdbc	; 0xdbc <ikb_setKeyProp>

00001efc <.LVL5>:
	//
	key_prop.uFlag.f.atTimeExpired2 = 0;
	//
	key_prop.uFlag.f.onKeyPressed = 1;
    1efc:	29 81       	ldd	r18, Y+1	; 0x01
    1efe:	2c 7d       	andi	r18, 0xDC	; 220
    1f00:	23 60       	ori	r18, 0x03	; 3
    1f02:	29 83       	std	Y+1, r18	; 0x01

00001f04 <.Loc.57>:
	key_prop.uFlag.f.reptt = 1;
	key_prop.numGroup = 0;
	key_prop.repttTh.breakTime = (uint16_t) 200.0 / KB_PERIODIC_ACCESS;
    1f04:	8a e0       	ldi	r24, 0x0A	; 10
    1f06:	38 2f       	mov	r19, r24
    1f08:	8a 83       	std	Y+2, r24	; 0x02
    1f0a:	1b 82       	std	Y+3, r1	; 0x03

00001f0c <.Loc.58>:
	key_prop.repttTh.period = (uint16_t) 50.0 / KB_PERIODIC_ACCESS;
    1f0c:	82 e0       	ldi	r24, 0x02	; 2
    1f0e:	58 2f       	mov	r21, r24
    1f10:	8c 83       	std	Y+4, r24	; 0x04
    1f12:	1d 82       	std	Y+5, r1	; 0x05

00001f14 <.Loc.59>:
	key_prop.numGroup = 0;
    1f14:	1e 82       	std	Y+6, r1	; 0x06

00001f16 <.Loc.60>:
	ikb_setKeyProp(kb->down ,key_prop);
    1f16:	40 e0       	ldi	r20, 0x00	; 0
    1f18:	60 e0       	ldi	r22, 0x00	; 0
    1f1a:	70 e0       	ldi	r23, 0x00	; 0
    1f1c:	f8 01       	movw	r30, r16
    1f1e:	82 81       	ldd	r24, Z+2	; 0x02
    1f20:	0e 94 de 06 	call	0xdbc	; 0xdbc <ikb_setKeyProp>

00001f24 <.LVL6>:
	ikb_setKeyProp(kb->up ,key_prop);
    1f24:	29 81       	ldd	r18, Y+1	; 0x01
    1f26:	3a 81       	ldd	r19, Y+2	; 0x02
    1f28:	4b 81       	ldd	r20, Y+3	; 0x03
    1f2a:	5c 81       	ldd	r21, Y+4	; 0x04
    1f2c:	6d 81       	ldd	r22, Y+5	; 0x05
    1f2e:	7e 81       	ldd	r23, Y+6	; 0x06
    1f30:	f8 01       	movw	r30, r16
    1f32:	83 81       	ldd	r24, Z+3	; 0x03

00001f34 <.Loc.62>:
}
    1f34:	0f 90       	pop	r0
    1f36:	0f 90       	pop	r0
    1f38:	0f 90       	pop	r0
    1f3a:	0f 90       	pop	r0
    1f3c:	0f 90       	pop	r0
    1f3e:	0f 90       	pop	r0
    1f40:	df 91       	pop	r29
    1f42:	cf 91       	pop	r28
    1f44:	1f 91       	pop	r17
    1f46:	0f 91       	pop	r16

00001f48 <.Loc.63>:
	ikb_setKeyProp(kb->up ,key_prop);
    1f48:	0c 94 de 06 	jmp	0xdbc	; 0xdbc <ikb_setKeyProp>

00001f4c <kbmode_2basket_set_default>:
void kbmode_2basket_set_default(void)
{
	for (int i=0; i<BASKET_MAXSIZE; i++)
	{
		kbmode_default(&fryer.basket[i].kb);
    1f4c:	8a e2       	ldi	r24, 0x2A	; 42
    1f4e:	97 e0       	ldi	r25, 0x07	; 7
    1f50:	0e 94 48 0f 	call	0x1e90	; 0x1e90 <kbmode_default>

00001f54 <.LVL10>:
    1f54:	84 e4       	ldi	r24, 0x44	; 68
    1f56:	97 e0       	ldi	r25, 0x07	; 7
    1f58:	0c 94 48 0f 	jmp	0x1e90	; 0x1e90 <kbmode_default>

00001f5c <fryer_init>:
	}
}
void fryer_init(void)
{
	fryer = fryer_reset;
    1f5c:	89 e3       	ldi	r24, 0x39	; 57
    1f5e:	e3 ee       	ldi	r30, 0xE3	; 227
    1f60:	f4 e0       	ldi	r31, 0x04	; 4
    1f62:	a6 e2       	ldi	r26, 0x26	; 38
    1f64:	b7 e0       	ldi	r27, 0x07	; 7

00001f66 <.L0^B2>:
    1f66:	01 90       	ld	r0, Z+
    1f68:	0d 92       	st	X+, r0
    1f6a:	8a 95       	dec	r24
    1f6c:	e1 f7       	brne	.-8      	; 0x1f66 <.L0^B2>

00001f6e <.Loc.76>:
	//++--
	/* se usara la etiqueta KB_LYOUT_PROGRAM y no el [i]kb.program, xq es comun para ambos */
	fryer.basket[BASKET_LEFT].kb.startStop = KB_LYOUT_LEFT_STARTSTOP;
	//fryer.basket[BASKET_LEFT].kb.sleep = KB_LYOUT_LEFT_SLEEP;
	fryer.basket[BASKET_LEFT].kb.down = KB_LYOUT_LEFT_DOWN;
    1f6e:	81 e0       	ldi	r24, 0x01	; 1
    1f70:	80 93 2c 07 	sts	0x072C, r24	; 0x80072c <fryer+0x6>

00001f74 <.Loc.79>:
	fryer.basket[BASKET_LEFT].kb.up = KB_LYOUT_LEFT_UP;
    1f74:	82 e0       	ldi	r24, 0x02	; 2
    1f76:	80 93 2d 07 	sts	0x072D, r24	; 0x80072d <fryer+0x7>

00001f7a <.Loc.81>:
	fryer.basket[BASKET_LEFT].kb.program = KB_LYOUT_PROGRAM;//comun a ambos
    1f7a:	93 e0       	ldi	r25, 0x03	; 3
    1f7c:	90 93 2e 07 	sts	0x072E, r25	; 0x80072e <fryer+0x8>

00001f80 <.Loc.83>:

	fryer.basket[BASKET_LEFT].display.cursor.x = BASKETLEFT_DISP_CURSOR_START_X;//0x00;
	fryer.basket[BASKET_LEFT].display.cursor.y = 0x00;

	//
	fryer.basket[BASKET_RIGHT].kb.startStop = KB_LYOUT_RIGHT_STARTSTOP;
    1f80:	86 e0       	ldi	r24, 0x06	; 6
    1f82:	80 93 44 07 	sts	0x0744, r24	; 0x800744 <fryer+0x1e>

00001f86 <.Loc.87>:
	//fryer.basket[BASKET_RIGHT].kb.sleep = KB_LYOUT_RIGHT_SLEEP;
	fryer.basket[BASKET_RIGHT].kb.down = KB_LYOUT_RIGHT_DOWN;
    1f86:	84 e0       	ldi	r24, 0x04	; 4
    1f88:	80 93 46 07 	sts	0x0746, r24	; 0x800746 <fryer+0x20>

00001f8c <.Loc.89>:
	fryer.basket[BASKET_RIGHT].kb.up = KB_LYOUT_RIGHT_UP;
    1f8c:	25 e0       	ldi	r18, 0x05	; 5
    1f8e:	20 93 47 07 	sts	0x0747, r18	; 0x800747 <fryer+0x21>

00001f92 <.Loc.91>:
	fryer.basket[BASKET_RIGHT].kb.program = KB_LYOUT_PROGRAM;//comun a ambos
    1f92:	90 93 48 07 	sts	0x0748, r25	; 0x800748 <fryer+0x22>

00001f96 <.Loc.93>:

	fryer.basket[BASKET_RIGHT].display.cursor.x = BASKETRIGHT_DISP_CURSOR_START_X;//0x0B;
    1f96:	80 93 40 07 	sts	0x0740, r24	; 0x800740 <fryer+0x1a>

00001f9a <.Loc.95>:
	fryer.basket[BASKET_RIGHT].display.cursor.y = 0x00;
	//--++
}
    1f9a:	08 95       	ret

00001f9c <ADC_config2temperature>:
void ADC_config2temperature(void)
{
	//
	ADC_setAutoTrigger_disabled();
    1f9c:	0e 94 49 0b 	call	0x1692	; 0x1692 <ADC_setAutoTrigger_disabled>

00001fa0 <.LVL12>:
	ADC_disable();
    1fa0:	0e 94 37 0b 	call	0x166e	; 0x166e <ADC_disable>

00001fa4 <.LVL13>:
	//
	ADC_set_channel(ADC_CH_2);
    1fa4:	82 e0       	ldi	r24, 0x02	; 2
    1fa6:	0e 94 21 0b 	call	0x1642	; 0x1642 <ADC_set_channel>

00001faa <.LVL14>:
	ADC_enable();
    1faa:	0e 94 35 0b 	call	0x166a	; 0x166a <ADC_enable>

00001fae <.LVL15>:
	ADC_set_prescaler(ADC_PRESCALER_128);
    1fae:	87 e0       	ldi	r24, 0x07	; 7
    1fb0:	0e 94 30 0b 	call	0x1660	; 0x1660 <ADC_set_prescaler>

00001fb4 <.LVL16>:
	ADC_set_reference(ADC_REF_AVCC);
    1fb4:	81 e0       	ldi	r24, 0x01	; 1
    1fb6:	0e 94 27 0b 	call	0x164e	; 0x164e <ADC_set_reference>

00001fba <.LVL17>:
	ADC_setAutoTrigger_enabled();
    1fba:	0e 94 47 0b 	call	0x168e	; 0x168e <ADC_setAutoTrigger_enabled>

00001fbe <.LVL18>:
	ADC_setAutoTrigger_source(ADC_AUTOTRIGGER_SOURCE_FREE_RUNNING);
    1fbe:	80 e0       	ldi	r24, 0x00	; 0
    1fc0:	0e 94 4b 0b 	call	0x1696	; 0x1696 <ADC_setAutoTrigger_source>

00001fc4 <.LVL19>:
	ADC_setBit_startConversion_On();
    1fc4:	0c 94 39 0b 	jmp	0x1672	; 0x1672 <ADC_setBit_startConversion_On>

00001fc8 <ADC_config2termopile>:

}
void ADC_config2termopile(void)
{
	//
	ADC_setAutoTrigger_disabled();
    1fc8:	0e 94 49 0b 	call	0x1692	; 0x1692 <ADC_setAutoTrigger_disabled>

00001fcc <.LVL21>:
	ADC_disable();
    1fcc:	0e 94 37 0b 	call	0x166e	; 0x166e <ADC_disable>

00001fd0 <.LVL22>:
	//
	ADC_set_channel(ADC_CH_0);
    1fd0:	80 e0       	ldi	r24, 0x00	; 0
    1fd2:	0e 94 21 0b 	call	0x1642	; 0x1642 <ADC_set_channel>

00001fd6 <.LVL23>:
	ADC_enable();
    1fd6:	0e 94 35 0b 	call	0x166a	; 0x166a <ADC_enable>

00001fda <.LVL24>:
	ADC_set_prescaler(ADC_PRESCALER_128);
    1fda:	87 e0       	ldi	r24, 0x07	; 7
    1fdc:	0e 94 30 0b 	call	0x1660	; 0x1660 <ADC_set_prescaler>

00001fe0 <.LVL25>:
	ADC_set_reference(ADC_REF_INTERNAL_2_56V);
    1fe0:	83 e0       	ldi	r24, 0x03	; 3
    1fe2:	0e 94 27 0b 	call	0x164e	; 0x164e <ADC_set_reference>

00001fe6 <.LVL26>:
	ADC_setAutoTrigger_enabled();
    1fe6:	0e 94 47 0b 	call	0x168e	; 0x168e <ADC_setAutoTrigger_enabled>

00001fea <.LVL27>:
	ADC_setAutoTrigger_source(ADC_AUTOTRIGGER_SOURCE_FREE_RUNNING);
    1fea:	80 e0       	ldi	r24, 0x00	; 0
    1fec:	0e 94 4b 0b 	call	0x1696	; 0x1696 <ADC_setAutoTrigger_source>

00001ff0 <.LVL28>:
	ADC_setBit_startConversion_On();
    1ff0:	0c 94 39 0b 	jmp	0x1672	; 0x1672 <ADC_setBit_startConversion_On>

00001ff4 <main>:
}

int main(void)
{
    1ff4:	cd b7       	in	r28, 0x3d	; 61
    1ff6:	de b7       	in	r29, 0x3e	; 62
    1ff8:	62 97       	sbiw	r28, 0x12	; 18
    1ffa:	0f b6       	in	r0, 0x3f	; 63
    1ffc:	f8 94       	cli
    1ffe:	de bf       	out	0x3e, r29	; 62
    2000:	0f be       	out	0x3f, r0	; 63
    2002:	cd bf       	out	0x3d, r28	; 61

00002004 <.LVL30>:
	uint16_t ADCcoordinadorTiempos_timer=0;
	int8_t ADCcoordinadorTiempos_sm0=0;



	disp7s_init();//new
    2004:	0e 94 c4 0e 	call	0x1d88	; 0x1d88 <disp7s_init>

00002008 <.LVL31>:

	eeprom_read_block((struct _Tcoccion *)&tmprture_coccion , (struct _Tcoccion *)&TMPRTURE_COCCION, sizeof(struct _Tcoccion) );
    2008:	46 e0       	ldi	r20, 0x06	; 6
    200a:	50 e0       	ldi	r21, 0x00	; 0
    200c:	64 e0       	ldi	r22, 0x04	; 4
    200e:	70 e0       	ldi	r23, 0x00	; 0
    2010:	80 ea       	ldi	r24, 0xA0	; 160
    2012:	97 e0       	ldi	r25, 0x07	; 7
    2014:	0e 94 5d 1b 	call	0x36ba	; 0x36ba <eeprom_read_block>

00002018 <.LVL32>:

	//+-
	pgrmode.bf.unitTemperature = FAHRENHEIT;
    2018:	80 91 a6 07 	lds	r24, 0x07A6	; 0x8007a6 <pgrmode>
    201c:	8e 7f       	andi	r24, 0xFE	; 254
    201e:	80 93 a6 07 	sts	0x07A6, r24	; 0x8007a6 <pgrmode>

00002022 <.Loc.130>:
//		eeprom_update_block((struct _Tcoccion *)&tmprture_coccion , (struct _Tcoccion *)&TMPRTURE_COCCION, sizeof(struct _Tcoccion) );
//	}

	//-+

	fryer_init();
    2022:	0e 94 ae 0f 	call	0x1f5c	; 0x1f5c <fryer_init>

00002026 <.LVL33>:

	//Tiempo Necesario para estabilizar la tarjeta
	//__delay_ms(2000);//estabilizar tarjeta de deteccion

	//Active pull-up
	PinTo1(PORTWxKB_KEY0, PINxKB_KEY0);
    2026:	91 9a       	sbi	0x12, 1	; 18

00002028 <.Loc.133>:
	PinTo1(PORTWxKB_KEY1, PINxKB_KEY1);
    2028:	90 9a       	sbi	0x12, 0	; 18

0000202a <.Loc.136>:
	PinTo1(PORTWxKB_KEY2, PINxKB_KEY2);
    202a:	c3 9a       	sbi	0x18, 3	; 24

0000202c <.Loc.139>:
	PinTo1(PORTWxKB_KEY3, PINxKB_KEY3);
    202c:	96 9a       	sbi	0x12, 6	; 18

0000202e <.Loc.142>:
	PinTo1(PORTWxKB_KEY4, PINxKB_KEY4);
    202e:	d9 9a       	sbi	0x1b, 1	; 27

00002030 <.Loc.145>:
	PinTo1(PORTWxKB_KEY5, PINxKB_KEY5);
    2030:	c0 9a       	sbi	0x18, 0	; 24

00002032 <.Loc.148>:
	PinTo1(PORTWxKB_KEY6, PINxKB_KEY6);
    2032:	db 9a       	sbi	0x1b, 3	; 27

00002034 <.LBB13>:
	__builtin_avr_delay_cycles(__ticks_dc);
    2034:	8f e9       	ldi	r24, 0x9F	; 159
    2036:	9f e0       	ldi	r25, 0x0F	; 15

00002038 <.L1^B1>:
    2038:	01 97       	sbiw	r24, 0x01	; 1
    203a:	f1 f7       	brne	.-4      	; 0x2038 <.L1^B1>
    203c:	00 c0       	rjmp	.+0      	; 0x203e <L0^A>

0000203e <L0^A>:
	...

00002040 <.LBE13>:
	__delay_ms(1);
	ikb_init();
    2040:	0e 94 01 07 	call	0xe02	; 0xe02 <ikb_init>

00002044 <.LVL36>:

	pinGetLevel_init(); //with Changed=flag activated at initialization
    2044:	0e 94 6f 04 	call	0x8de	; 0x8de <pinGetLevel_init>

00002048 <.LVL37>:


	PinTo0(PORTWxSOL_GAS_QUEMADOR, PINxSOL_GAS_QUEMADOR);
    2048:	c2 98       	cbi	0x18, 2	; 24

0000204a <.Loc.165>:
	ConfigOutputPin(CONFIGIOxSOL_GAS_QUEMADOR, PINxSOL_GAS_QUEMADOR);
    204a:	ba 9a       	sbi	0x17, 2	; 23

0000204c <.Loc.168>:

//	ADC_init(ADC_AUTOTRIGGER_SOURCE_FREE_RUNNING, ADC_REF_AVCC, ADC_PRESCALER_128);
//	ADC_set_channel(ADC_CH_2);
//	BitTo1(ADCSRA, ADSC);

	PinTo1(PORTWxHIGHLIMIT,PINxHIGHLIMIT);
    204c:	c1 9a       	sbi	0x18, 1	; 24

0000204e <.Loc.171>:
	ConfigInputPin(CONFIGIOxHIGHLIMIT, PINxHIGHLIMIT);
    204e:	b9 98       	cbi	0x17, 1	; 23

00002050 <.Loc.174>:

	//
	ConfigOutputPin(CONFIGIOxBUZZER, PINxBUZZER);
    2050:	bd 9a       	sbi	0x17, 5	; 23

00002052 <.Loc.177>:
	indicator_setPortPin(&PORTWxBUZZER, PINxBUZZER);
    2052:	65 e0       	ldi	r22, 0x05	; 5
    2054:	88 e3       	ldi	r24, 0x38	; 56
    2056:	90 e0       	ldi	r25, 0x00	; 0
    2058:	0e 94 0c 06 	call	0xc18	; 0xc18 <indicator_setPortPin>

0000205c <.LVL38>:
	indicatorTimed_setKSysTickTime_ms(75/SYSTICK_MS);
    205c:	8b e4       	ldi	r24, 0x4B	; 75
    205e:	90 e0       	ldi	r25, 0x00	; 0
    2060:	0e 94 12 06 	call	0xc24	; 0xc24 <indicatorTimed_setKSysTickTime_ms>

00002064 <.LVL39>:

	//With prescaler 64, gets 1 ms exact (OCR0=249)
	TCNT0 = 0x00;
    2064:	12 be       	out	0x32, r1	; 50

00002066 <.Loc.182>:
	TCCR0 = (1 << WGM01) | (0 << CS02) | (1 << CS01) | (1 << CS00); //CTC, PRES=64
    2066:	8b e0       	ldi	r24, 0x0B	; 11
    2068:	83 bf       	out	0x33, r24	; 51

0000206a <.Loc.184>:
	OCR0 = CTC_SET_OCR_BYTIME(1e-3, 64); //TMR8-BIT @16MHz @PRES=1024-> BYTIME maximum = 16ms
    206a:	89 ef       	ldi	r24, 0xF9	; 249
    206c:	8c bf       	out	0x3c, r24	; 60

0000206e <.Loc.186>:
	TIMSK |= (1 << OCIE0);
    206e:	89 b7       	in	r24, 0x39	; 57

00002070 <.Loc.187>:
    2070:	82 60       	ori	r24, 0x02	; 2
    2072:	89 bf       	out	0x39, r24	; 57

00002074 <.Loc.188>:
	sei();
    2074:	78 94       	sei

00002076 <.Loc.189>:

	mypid0_set();	//1 vez
    2076:	0e 94 e7 0e 	call	0x1dce	; 0x1dce <mypid0_set>

0000207a <.LVL40>:
	disp7s_clear_all();
    207a:	0e 94 0f 0e 	call	0x1c1e	; 0x1c1e <disp7s_clear_all>

0000207e <.LVL41>:

	strncpy(str,DIPS7S_MSG_ACIE,BASKET_DISP_MAX_CHARS_PERBASKET);
    207e:	44 e0       	ldi	r20, 0x04	; 4
    2080:	50 e0       	ldi	r21, 0x00	; 0
    2082:	6d ea       	ldi	r22, 0xAD	; 173
    2084:	74 e0       	ldi	r23, 0x04	; 4
    2086:	ce 01       	movw	r24, r28
    2088:	01 96       	adiw	r24, 0x01	; 1
    208a:	0e 94 45 1b 	call	0x368a	; 0x368a <strncpy>

0000208e <.LVL42>:
	disp7s_update_data_array(str, BASKETLEFT_DISP_CURSOR_START_X, BASKET_DISP_MAX_CHARS_PERBASKET);
    208e:	44 e0       	ldi	r20, 0x04	; 4
    2090:	60 e0       	ldi	r22, 0x00	; 0
    2092:	ce 01       	movw	r24, r28
    2094:	01 96       	adiw	r24, 0x01	; 1
    2096:	0e 94 ea 0d 	call	0x1bd4	; 0x1bd4 <disp7s_update_data_array>

0000209a <.LVL43>:

	strncpy(str,DIPS7S_MSG_rInd,BASKET_DISP_MAX_CHARS_PERBASKET);
    209a:	44 e0       	ldi	r20, 0x04	; 4
    209c:	50 e0       	ldi	r21, 0x00	; 0
    209e:	69 ea       	ldi	r22, 0xA9	; 169
    20a0:	74 e0       	ldi	r23, 0x04	; 4
    20a2:	ce 01       	movw	r24, r28
    20a4:	01 96       	adiw	r24, 0x01	; 1
    20a6:	0e 94 45 1b 	call	0x368a	; 0x368a <strncpy>

000020aa <.LVL44>:
	disp7s_update_data_array(str, BASKETRIGHT_DISP_CURSOR_START_X, BASKET_DISP_MAX_CHARS_PERBASKET);
    20aa:	44 e0       	ldi	r20, 0x04	; 4
    20ac:	64 e0       	ldi	r22, 0x04	; 4
    20ae:	ce 01       	movw	r24, r28
    20b0:	01 96       	adiw	r24, 0x01	; 1
    20b2:	0e 94 ea 0d 	call	0x1bd4	; 0x1bd4 <disp7s_update_data_array>

000020b6 <.LVL45>:
	int8_t ADCcoordinadorTiempos_sm0=0;
    20b6:	10 e0       	ldi	r17, 0x00	; 0

000020b8 <.Loc.196>:
	uint16_t ADCcoordinadorTiempos_timer=0;
    20b8:	81 2c       	mov	r8, r1
    20ba:	91 2c       	mov	r9, r1

000020bc <.Loc.197>:
	int16_t counter_displayACIER=0;
    20bc:	54 01       	movw	r10, r8

000020be <.Loc.198>:
	int counter1 = 0;
    20be:	64 01       	movw	r12, r8

000020c0 <.Loc.199>:
	int counter0 = 0;
    20c0:	74 01       	movw	r14, r8

000020c2 <.L44>:
//		usart_println_string("abc");
//	}

	while (1)
	{
		if (isr_flag.sysTickMs)
    20c2:	80 91 62 07 	lds	r24, 0x0762	; 0x800762 <isr_flag>

000020c6 <.Loc.203>:
    20c6:	80 ff       	sbrs	r24, 0
    20c8:	0a c0       	rjmp	.+20     	; 0x20de <.L11>

000020ca <.Loc.204>:
		{
			isr_flag.sysTickMs = 0;
    20ca:	80 91 62 07 	lds	r24, 0x0762	; 0x800762 <isr_flag>
    20ce:	8e 7f       	andi	r24, 0xFE	; 254
    20d0:	80 93 62 07 	sts	0x0762, r24	; 0x800762 <isr_flag>

000020d4 <.Loc.206>:
			mainflag.sysTickMs = 1;
    20d4:	80 91 61 07 	lds	r24, 0x0761	; 0x800761 <mainflag>
    20d8:	81 60       	ori	r24, 0x01	; 1
    20da:	80 93 61 07 	sts	0x0761, r24	; 0x800761 <mainflag>

000020de <.L11>:
		}

		if (mainflag.sysTickMs)
    20de:	80 91 61 07 	lds	r24, 0x0761	; 0x800761 <mainflag>

000020e2 <.Loc.210>:
    20e2:	80 fd       	sbrc	r24, 0

000020e4 <.Loc.211>:
		{
			if (++systick_counter0 >= (1/SYSTICK_MS) )//ms
			{
				systick_counter0 = 0x00;
				disp7s_job();
    20e4:	0e 94 7d 0d 	call	0x1afa	; 0x1afa <disp7s_job>

000020e8 <.LVL47>:
			}
		}

		if (main_schedule.bf.display_ACIERInd == 0)
		{
			if (mainflag.sysTickMs)
    20e8:	80 91 61 07 	lds	r24, 0x0761	; 0x800761 <mainflag>

000020ec <.Loc.216>:
		if (main_schedule.bf.display_ACIERInd == 0)
    20ec:	90 91 60 07 	lds	r25, 0x0760	; 0x800760 <main_schedule+0x1>

000020f0 <.Loc.217>:
    20f0:	96 fd       	sbrc	r25, 6
    20f2:	19 c0       	rjmp	.+50     	; 0x2126 <.L13>

000020f4 <.Loc.218>:
			if (mainflag.sysTickMs)
    20f4:	80 ff       	sbrs	r24, 0
    20f6:	08 c0       	rjmp	.+16     	; 0x2108 <.L14>

000020f8 <.Loc.220>:
			{
				if (++counter_displayACIER >= (3000/SYSTICK_MS))    //20ms
    20f8:	27 eb       	ldi	r18, 0xB7	; 183
    20fa:	a2 16       	cp	r10, r18
    20fc:	2b e0       	ldi	r18, 0x0B	; 11
    20fe:	b2 06       	cpc	r11, r18
    2100:	5c f4       	brge	.+22     	; 0x2118 <.L15>
    2102:	8f ef       	ldi	r24, 0xFF	; 255
    2104:	a8 1a       	sub	r10, r24
    2106:	b8 0a       	sbc	r11, r24

00002108 <.L14>:
					}
				}
			}
		}

		indicatorTimed_job();
    2108:	0e 94 4e 06 	call	0xc9c	; 0xc9c <indicatorTimed_job>

0000210c <.LVL50>:
		mainflag.sysTickMs = 0;
    210c:	80 91 61 07 	lds	r24, 0x0761	; 0x800761 <mainflag>
    2110:	8e 7f       	andi	r24, 0xFE	; 254
    2112:	80 93 61 07 	sts	0x0761, r24	; 0x800761 <mainflag>

00002116 <.Loc.225>:
		if (isr_flag.sysTickMs)
    2116:	d5 cf       	rjmp	.-86     	; 0x20c2 <.L44>

00002118 <.L15>:
					main_schedule.bf.display_ACIERInd = 1;
    2118:	89 2f       	mov	r24, r25
    211a:	80 64       	ori	r24, 0x40	; 64
    211c:	80 93 60 07 	sts	0x0760, r24	; 0x800760 <main_schedule+0x1>

00002120 <.Loc.230>:
					counter_displayACIER = 0;
    2120:	a1 2c       	mov	r10, r1
    2122:	b1 2c       	mov	r11, r1
    2124:	f1 cf       	rjmp	.-30     	; 0x2108 <.L14>

00002126 <.L13>:
			if (ADCcoordinadorTiempos_sm0 == 0)
    2126:	11 11       	cpse	r17, r1
    2128:	ae c0       	rjmp	.+348    	; 0x2286 <.L16>

0000212a <.Loc.233>:
				if (mainflag.sysTickMs)
    212a:	80 fd       	sbrc	r24, 0
    212c:	02 c0       	rjmp	.+4      	; 0x2132 <.L17>

0000212e <.L74>:
					if (termopile_job())
    212e:	10 e0       	ldi	r17, 0x00	; 0
    2130:	16 c0       	rjmp	.+44     	; 0x215e <.L18>

00002132 <.L17>:
					if (++ADCcoordinadorTiempos_timer >= (150/SYSTICK_MS))    //20ms
    2132:	9f ef       	ldi	r25, 0xFF	; 255
    2134:	89 1a       	sub	r8, r25
    2136:	99 0a       	sbc	r9, r25

00002138 <.Loc.238>:
    2138:	26 e9       	ldi	r18, 0x96	; 150
    213a:	82 16       	cp	r8, r18
    213c:	91 04       	cpc	r9, r1
    213e:	78 f0       	brcs	.+30     	; 0x215e <.L18>

00002140 <.Loc.239>:
						mainflag.ADCcoordinadorToggle = !mainflag.ADCcoordinadorToggle;
    2140:	91 e0       	ldi	r25, 0x01	; 1
    2142:	21 e0       	ldi	r18, 0x01	; 1
    2144:	81 fd       	sbrc	r24, 1
    2146:	92 27       	eor	r25, r18

00002148 <.Loc.242>:
    2148:	90 fb       	bst	r25, 0
    214a:	81 f9       	bld	r24, 1
    214c:	80 93 61 07 	sts	0x0761, r24	; 0x800761 <mainflag>

00002150 <.Loc.243>:
						if (mainflag.ADCcoordinadorToggle == 1)
    2150:	81 ff       	sbrs	r24, 1
    2152:	96 c0       	rjmp	.+300    	; 0x2280 <.L19>

00002154 <.Loc.245>:
							ADC_config2temperature();
    2154:	0e 94 ce 0f 	call	0x1f9c	; 0x1f9c <ADC_config2temperature>

00002158 <.L20>:
						ADCcoordinadorTiempos_sm0++;
    2158:	11 e0       	ldi	r17, 0x01	; 1

0000215a <.Loc.247>:
						ADCcoordinadorTiempos_timer = 0;
    215a:	81 2c       	mov	r8, r1
    215c:	91 2c       	mov	r9, r1

0000215e <.L18>:
			if (PinRead(PORTRxHIGHLIMIT, PINxHIGHLIMIT) == 1 )
    215e:	88 27       	eor	r24, r24
    2160:	b1 99       	sbic	0x16, 1	; 22
    2162:	83 95       	inc	r24

00002164 <.Loc.250>:
				e.sensor[ERROR_IDX_HIGHLIMIT].code = 1;//ERROR
    2164:	80 93 99 06 	sts	0x0699, r24	; 0x800699 <e+0x9>

00002168 <.Loc.251>:
			if (mainflag.sysTickMs)
    2168:	80 91 61 07 	lds	r24, 0x0761	; 0x800761 <mainflag>

0000216c <.Loc.253>:
    216c:	80 ff       	sbrs	r24, 0
    216e:	33 c0       	rjmp	.+102    	; 0x21d6 <.L24>

00002170 <.Loc.254>:
				if (++counter0 == (20/SYSTICK_MS))    //20ms
    2170:	8f ef       	ldi	r24, 0xFF	; 255
    2172:	e8 1a       	sub	r14, r24
    2174:	f8 0a       	sbc	r15, r24

00002176 <.Loc.256>:
    2176:	94 e1       	ldi	r25, 0x14	; 20
    2178:	e9 16       	cp	r14, r25
    217a:	f1 04       	cpc	r15, r1
    217c:	61 f5       	brne	.+88     	; 0x21d6 <.L24>

0000217e <.Loc.257>:
					pinGetLevel_job();
    217e:	0e 94 8d 04 	call	0x91a	; 0x91a <pinGetLevel_job>

00002182 <.LVL62>:
					if (pinGetLevel_hasChanged(PGLEVEL_LYOUT_SWONOFF))
    2182:	80 91 e6 05 	lds	r24, 0x05E6	; 0x8005e6 <pinGetLevel+0x1>

00002186 <.Loc.261>:
    2186:	83 ff       	sbrs	r24, 3
    2188:	24 c0       	rjmp	.+72     	; 0x21d2 <.L25>

0000218a <.Loc.262>:
						pinGetLevel_clearChange(PGLEVEL_LYOUT_SWONOFF);
    218a:	87 7f       	andi	r24, 0xF7	; 247
    218c:	80 93 e6 05 	sts	0x05E6, r24	; 0x8005e6 <pinGetLevel+0x1>

00002190 <.Loc.264>:
						main_schedule.bf.startup_finish_read_switch_onoff = STARTUP_FINISHED;
    2190:	80 91 60 07 	lds	r24, 0x0760	; 0x800760 <main_schedule+0x1>
    2194:	84 60       	ori	r24, 0x04	; 4
    2196:	80 93 60 07 	sts	0x0760, r24	; 0x800760 <main_schedule+0x1>

0000219a <.Loc.267>:
						indicatorTimed_setKSysTickTime_ms(75/SYSTICK_MS);
    219a:	8b e4       	ldi	r24, 0x4B	; 75
    219c:	90 e0       	ldi	r25, 0x00	; 0
    219e:	0e 94 12 06 	call	0xc24	; 0xc24 <indicatorTimed_setKSysTickTime_ms>

000021a2 <.LVL63>:
						indicatorTimed_run();
    21a2:	0e 94 17 06 	call	0xc2e	; 0xc2e <indicatorTimed_run>

000021a6 <.LVL64>:
						disp7s_clear_all();
    21a6:	0e 94 0f 0e 	call	0x1c1e	; 0x1c1e <disp7s_clear_all>

000021aa <.LVL65>:
						if (pinGetLevel_level(PGLEVEL_LYOUT_SWONOFF)== 0)	//active in low
    21aa:	80 91 e6 05 	lds	r24, 0x05E6	; 0x8005e6 <pinGetLevel+0x1>

000021ae <.Loc.272>:
    21ae:	81 fd       	sbrc	r24, 1
    21b0:	90 c0       	rjmp	.+288    	; 0x22d2 <.L26>

000021b2 <.LBB15>:
							int16_t error = mypid0_adjust_kei_windup(); // dejar preparado para job()
    21b2:	0e 94 34 0f 	call	0x1e68	; 0x1e68 <mypid0_adjust_kei_windup>

000021b6 <.LVL66>:
							pid_find_ktop_ms(&mypid0, error);
    21b6:	bc 01       	movw	r22, r24
    21b8:	8e ee       	ldi	r24, 0xEE	; 238
    21ba:	96 e0       	ldi	r25, 0x06	; 6

000021bc <.Loc.276>:
    21bc:	0e 94 8a 05 	call	0xb14	; 0xb14 <pid_find_ktop_ms>

000021c0 <.LVL68>:
							pid_pwm_stablish_levelpin(&mypid0);//set PWM por primera vez//tener de inmediato el valor de ktop_ms
    21c0:	8e ee       	ldi	r24, 0xEE	; 238
    21c2:	96 e0       	ldi	r25, 0x06	; 6
    21c4:	0e 94 f0 04 	call	0x9e0	; 0x9e0 <pid_pwm_stablish_levelpin>

000021c8 <.LVL69>:
							main_schedule.bf.switch_status_onoff = 1;
    21c8:	80 91 60 07 	lds	r24, 0x0760	; 0x800760 <main_schedule+0x1>
    21cc:	81 60       	ori	r24, 0x01	; 1
    21ce:	80 93 60 07 	sts	0x0760, r24	; 0x800760 <main_schedule+0x1>

000021d2 <.L25>:
					counter0 = 0;
    21d2:	e1 2c       	mov	r14, r1
    21d4:	f1 2c       	mov	r15, r1

000021d6 <.L24>:
				if (main_schedule.bf.switch_status_onoff == 1)
    21d6:	80 91 60 07 	lds	r24, 0x0760	; 0x800760 <main_schedule+0x1>
    21da:	85 70       	andi	r24, 0x05	; 5
    21dc:	85 30       	cpi	r24, 0x05	; 5
    21de:	09 f0       	breq	.+2      	; 0x21e2 <.Loc.285>

000021e0 <L0^A>:
    21e0:	93 cf       	rjmp	.-218    	; 0x2108 <.L14>

000021e2 <.Loc.285>:
					if (error_job() == 0)
    21e2:	0e 94 0e 0a 	call	0x141c	; 0x141c <error_job>

000021e6 <.LVL72>:
    21e6:	81 11       	cpse	r24, r1
    21e8:	8f cf       	rjmp	.-226    	; 0x2108 <.L14>

000021ea <.LBB16>:
						if (main_schedule.sm0 == 0)
    21ea:	80 91 5f 07 	lds	r24, 0x075F	; 0x80075f <main_schedule>

000021ee <.Loc.290>:
    21ee:	81 30       	cpi	r24, 0x01	; 1
    21f0:	08 f0       	brcs	.+2      	; 0x21f4 <.Loc.291>

000021f2 <L0^A>:
    21f2:	9e c0       	rjmp	.+316    	; 0x2330 <.L29>

000021f4 <.Loc.291>:
							kbmode_2basket_set_default();
    21f4:	0e 94 a6 0f 	call	0x1f4c	; 0x1f4c <kbmode_2basket_set_default>

000021f8 <.LVL73>:
							disp7s_update_data_array(DIPS7S_MSG_PRECALENTAMIENTO, BASKETLEFT_DISP_CURSOR_START_X, BASKET_DISP_MAX_CHARS_PERBASKET);
    21f8:	44 e0       	ldi	r20, 0x04	; 4
    21fa:	60 e0       	ldi	r22, 0x00	; 0
    21fc:	81 ec       	ldi	r24, 0xC1	; 193
    21fe:	94 e0       	ldi	r25, 0x04	; 4
    2200:	0e 94 ea 0d 	call	0x1bd4	; 0x1bd4 <disp7s_update_data_array>

00002204 <.LVL74>:
							fryer.bf.preheating = 1;
    2204:	80 91 5a 07 	lds	r24, 0x075A	; 0x80075a <fryer+0x34>
    2208:	81 60       	ori	r24, 0x01	; 1
    220a:	80 93 5a 07 	sts	0x075A, r24	; 0x80075a <fryer+0x34>

0000220e <.Loc.295>:
							fryer.viewmode = FRYER_VIEWMODE_PREHEATING;
    220e:	10 92 5b 07 	sts	0x075B, r1	; 0x80075b <fryer+0x35>

00002212 <.Loc.297>:
							main_schedule.sm0++;
    2212:	80 91 5f 07 	lds	r24, 0x075F	; 0x80075f <main_schedule>
    2216:	8f 5f       	subi	r24, 0xFF	; 255
    2218:	80 93 5f 07 	sts	0x075F, r24	; 0x80075f <main_schedule>

0000221c <.L30>:
							if (ikb_key_is_ready2read(KB_LYOUT_PROGRAM))
    221c:	83 e0       	ldi	r24, 0x03	; 3
    221e:	0e 94 66 07 	call	0xecc	; 0xecc <ikb_key_is_ready2read>

00002222 <.LVL75>:
    2222:	81 15       	cp	r24, r1
    2224:	09 f4       	brne	.+2      	; 0x2228 <.Loc.304>

00002226 <L0^A>:
    2226:	8e c0       	rjmp	.+284    	; 0x2344 <.L33>

00002228 <.Loc.304>:
								ikb_key_was_read(KB_LYOUT_PROGRAM);
    2228:	83 e0       	ldi	r24, 0x03	; 3
    222a:	0e 94 7a 07 	call	0xef4	; 0xef4 <ikb_key_was_read>

0000222e <.LVL76>:
								if ( ikb_get_AtTimeExpired_BeforeOrAfter(KB_LYOUT_PROGRAM) == KB_AFTER_THR)
    222e:	83 e0       	ldi	r24, 0x03	; 3
    2230:	0e 94 5b 07 	call	0xeb6	; 0xeb6 <ikb_get_AtTimeExpired_BeforeOrAfter>

00002234 <.LVL77>:
    2234:	90 91 1c 05 	lds	r25, 0x051C	; 0x80051c <ps_reset>

00002238 <.Loc.307>:
    2238:	81 30       	cpi	r24, 0x01	; 1
    223a:	09 f0       	breq	.+2      	; 0x223e <.Loc.308>

0000223c <L0^A>:
    223c:	0c c1       	rjmp	.+536    	; 0x2456 <.L34>

0000223e <.Loc.308>:
									fryer.viewmode = FRYER_VIEWMODE_PROGRAM;
    223e:	82 e0       	ldi	r24, 0x02	; 2
    2240:	80 93 5b 07 	sts	0x075B, r24	; 0x80075b <fryer+0x35>

00002244 <.Loc.310>:
									fryer.ps_program = ps_reset;
    2244:	90 93 5c 07 	sts	0x075C, r25	; 0x80075c <fryer+0x36>

00002248 <.Loc.312>:
									indicatorTimed_setKSysTickTime_ms(1000/SYSTICK_MS);
    2248:	88 ee       	ldi	r24, 0xE8	; 232
    224a:	93 e0       	ldi	r25, 0x03	; 3
    224c:	0e 94 12 06 	call	0xc24	; 0xc24 <indicatorTimed_setKSysTickTime_ms>

00002250 <.LVL78>:
									indicatorTimed_run();
    2250:	0e 94 17 06 	call	0xc2e	; 0xc2e <indicatorTimed_run>

00002254 <.LBB17>:
										eeprom_update_block( (struct _t *)(&basket_temp[i].cookCycle.time), (struct _t *)(&COOKTIME[i]), sizeof(struct _t));
    2254:	42 e0       	ldi	r20, 0x02	; 2
    2256:	50 e0       	ldi	r21, 0x00	; 0
    2258:	60 e0       	ldi	r22, 0x00	; 0
    225a:	70 e0       	ldi	r23, 0x00	; 0
    225c:	8d e6       	ldi	r24, 0x6D	; 109
    225e:	97 e0       	ldi	r25, 0x07	; 7
    2260:	0e 94 6d 1b 	call	0x36da	; 0x36da <eeprom_update_block>

00002264 <.LVL80>:
    2264:	42 e0       	ldi	r20, 0x02	; 2
    2266:	50 e0       	ldi	r21, 0x00	; 0
    2268:	62 e0       	ldi	r22, 0x02	; 2
    226a:	70 e0       	ldi	r23, 0x00	; 0
    226c:	87 e8       	ldi	r24, 0x87	; 135
    226e:	97 e0       	ldi	r25, 0x07	; 7
    2270:	0e 94 6d 1b 	call	0x36da	; 0x36da <eeprom_update_block>

00002274 <.L76>:
									disp7s_save_data_array(data_array_buffer, DISP7S_TOTAL_NUMMAX);
    2274:	68 e0       	ldi	r22, 0x08	; 8
    2276:	ce 01       	movw	r24, r28
    2278:	0b 96       	adiw	r24, 0x0b	; 11
    227a:	0e 94 ff 0d 	call	0x1bfe	; 0x1bfe <disp7s_save_data_array>

0000227e <.LVL82>:
    227e:	62 c0       	rjmp	.+196    	; 0x2344 <.L33>

00002280 <.L19>:
							ADC_config2termopile();
    2280:	0e 94 e4 0f 	call	0x1fc8	; 0x1fc8 <ADC_config2termopile>

00002284 <.LVL84>:
    2284:	69 cf       	rjmp	.-302    	; 0x2158 <.L20>

00002286 <.L16>:
				if (mainflag.ADCcoordinadorToggle == 1)
    2286:	81 ff       	sbrs	r24, 1
    2288:	1d c0       	rjmp	.+58     	; 0x22c4 <.L21>

0000228a <.Loc.330>:
					if (temperature_job())
    228a:	0e 94 a6 0c 	call	0x194c	; 0x194c <temperature_job>

0000228e <.LVL86>:
    228e:	81 15       	cp	r24, r1
    2290:	09 f4       	brne	.+2      	; 0x2294 <.Loc.333>

00002292 <L0^A>:
    2292:	65 cf       	rjmp	.-310    	; 0x215e <.L18>

00002294 <.Loc.333>:
						main_schedule.bf.startup_finish_stable_temperature = STARTUP_FINISHED;
    2294:	80 91 60 07 	lds	r24, 0x0760	; 0x800760 <main_schedule+0x1>
    2298:	82 60       	ori	r24, 0x02	; 2
    229a:	80 93 60 07 	sts	0x0760, r24	; 0x800760 <main_schedule+0x1>

0000229e <.Loc.335>:
						e.sensor[ERROR_IDX_THERMOCOUPLE].code = 0;
    229e:	10 92 95 06 	sts	0x0695, r1	; 0x800695 <e+0x5>

000022a2 <.Loc.337>:
						if (TCtemperature != temperature_filtered_smoothed)
    22a2:	80 91 9d 06 	lds	r24, 0x069D	; 0x80069d <temperature_filtered_smoothed>
    22a6:	90 91 9e 06 	lds	r25, 0x069E	; 0x80069e <temperature_filtered_smoothed+0x1>

000022aa <.Loc.339>:
    22aa:	20 91 dc 06 	lds	r18, 0x06DC	; 0x8006dc <TCtemperature>
    22ae:	30 91 dd 06 	lds	r19, 0x06DD	; 0x8006dd <TCtemperature+0x1>
    22b2:	28 17       	cp	r18, r24
    22b4:	39 07       	cpc	r19, r25
    22b6:	09 f4       	brne	.+2      	; 0x22ba <.Loc.340>

000022b8 <L0^A>:
    22b8:	3a cf       	rjmp	.-396    	; 0x212e <.L74>

000022ba <.Loc.340>:
							TCtemperature = temperature_filtered_smoothed;//Actualiza TC
    22ba:	80 93 dc 06 	sts	0x06DC, r24	; 0x8006dc <TCtemperature>
    22be:	90 93 dd 06 	sts	0x06DD, r25	; 0x8006dd <TCtemperature+0x1>
    22c2:	35 cf       	rjmp	.-406    	; 0x212e <.L74>

000022c4 <.L21>:
					if (termopile_job())
    22c4:	0e 94 8d 01 	call	0x31a	; 0x31a <termopile_job>

000022c8 <.LVL87>:
    22c8:	11 e0       	ldi	r17, 0x01	; 1

000022ca <.Loc.345>:
    22ca:	81 15       	cp	r24, r1
    22cc:	09 f4       	brne	.+2      	; 0x22d0 <L0^A+0x2>

000022ce <L0^A>:
    22ce:	47 cf       	rjmp	.-370    	; 0x215e <.L18>
    22d0:	2e cf       	rjmp	.-420    	; 0x212e <.L74>

000022d2 <.L26>:
							main_schedule.bf.switch_status_onoff = 0;
    22d2:	80 91 60 07 	lds	r24, 0x0760	; 0x800760 <main_schedule+0x1>
    22d6:	8e 7f       	andi	r24, 0xFE	; 254
    22d8:	80 93 60 07 	sts	0x0760, r24	; 0x800760 <main_schedule+0x1>

000022dc <.Loc.348>:
							disp7s_update_data_array(DIPS7S_MSG_OFF, BASKETRIGHT_DISP_CURSOR_START_X, BASKET_DISP_MAX_CHARS_PERBASKET);
    22dc:	44 e0       	ldi	r20, 0x04	; 4
    22de:	64 e0       	ldi	r22, 0x04	; 4
    22e0:	81 ed       	ldi	r24, 0xD1	; 209
    22e2:	94 e0       	ldi	r25, 0x04	; 4
    22e4:	0e 94 ea 0d 	call	0x1bd4	; 0x1bd4 <disp7s_update_data_array>

000022e8 <.LVL90>:
							pid_pwm_set_pin(&mypid0, 0);
    22e8:	60 e0       	ldi	r22, 0x00	; 0
    22ea:	8e ee       	ldi	r24, 0xEE	; 238
    22ec:	96 e0       	ldi	r25, 0x06	; 6
    22ee:	0e 94 dd 04 	call	0x9ba	; 0x9ba <pid_pwm_set_pin>

000022f2 <.LVL91>:
							fryer_init();
    22f2:	0e 94 ae 0f 	call	0x1f5c	; 0x1f5c <fryer_init>

000022f6 <.LVL92>:
							main_schedule = main_schedule_reset;
    22f6:	80 91 1d 05 	lds	r24, 0x051D	; 0x80051d <main_schedule_reset>
    22fa:	90 91 1e 05 	lds	r25, 0x051E	; 0x80051e <main_schedule_reset+0x1>
    22fe:	80 93 5f 07 	sts	0x075F, r24	; 0x80075f <main_schedule>
    2302:	90 93 60 07 	sts	0x0760, r25	; 0x800760 <main_schedule+0x1>

00002306 <.Loc.353>:
							e = e_reset;
    2306:	8a e0       	ldi	r24, 0x0A	; 10
    2308:	e6 e8       	ldi	r30, 0x86	; 134
    230a:	f6 e0       	ldi	r31, 0x06	; 6
    230c:	a0 e9       	ldi	r26, 0x90	; 144
    230e:	b6 e0       	ldi	r27, 0x06	; 6

00002310 <.L0^B3>:
    2310:	01 90       	ld	r0, Z+
    2312:	0d 92       	st	X+, r0
    2314:	8a 95       	dec	r24
    2316:	e1 f7       	brne	.-8      	; 0x2310 <.L0^B3>

00002318 <.Loc.355>:
							indicatorTimed_stop();
    2318:	0e 94 1b 06 	call	0xc36	; 0xc36 <indicatorTimed_stop>

0000231c <.LVL93>:
							termopila = termopilaReset;
    231c:	8e e0       	ldi	r24, 0x0E	; 14
    231e:	e0 e8       	ldi	r30, 0x80	; 128
    2320:	f0 e0       	ldi	r31, 0x00	; 0
    2322:	a2 e2       	ldi	r26, 0x22	; 34
    2324:	b5 e0       	ldi	r27, 0x05	; 5

00002326 <.L0^B4>:
    2326:	01 90       	ld	r0, Z+
    2328:	0d 92       	st	X+, r0
    232a:	8a 95       	dec	r24
    232c:	e1 f7       	brne	.-8      	; 0x2326 <.L0^B4>
    232e:	51 cf       	rjmp	.-350    	; 0x21d2 <.L25>

00002330 <.L29>:
						else if (main_schedule.sm0 == 1)
    2330:	09 f0       	breq	.+2      	; 0x2334 <.Loc.360>

00002332 <L0^A>:
    2332:	61 c0       	rjmp	.+194    	; 0x23f6 <.L31>

00002334 <.Loc.360>:
								main_schedule.sm0++;    	//OK...Ignicion+deteccion de flama OK
    2334:	82 e0       	ldi	r24, 0x02	; 2

00002336 <.L75>:
									main_schedule.sm0++;
    2336:	80 93 5f 07 	sts	0x075F, r24	; 0x80075f <main_schedule>

0000233a <.L32>:
						if ((fryer.viewmode == FRYER_VIEWMODE_PREHEATING) || (fryer.viewmode == FRYER_VIEWMODE_COOK))
    233a:	80 91 5b 07 	lds	r24, 0x075B	; 0x80075b <fryer+0x35>
    233e:	82 30       	cpi	r24, 0x02	; 2
    2340:	08 f4       	brcc	.+2      	; 0x2344 <.L33>

00002342 <L0^A>:
    2342:	6c cf       	rjmp	.-296    	; 0x221c <.L30>

00002344 <.L33>:
						if (fryer.viewmode == FRYER_VIEWMODE_PROGRAM)
    2344:	80 91 5b 07 	lds	r24, 0x075B	; 0x80075b <fryer+0x35>
    2348:	82 30       	cpi	r24, 0x02	; 2
    234a:	d1 f4       	brne	.+52     	; 0x2380 <.L36>

0000234c <.Loc.369>:
							if (psmode_program() == 1)
    234c:	0e 94 ec 16 	call	0x2dd8	; 0x2dd8 <psmode_program>

00002350 <.LVL95>:
    2350:	81 30       	cpi	r24, 0x01	; 1
    2352:	b1 f4       	brne	.+44     	; 0x2380 <.L36>

00002354 <.Loc.372>:
								if (fryer.bf.preheating == 1)//sigue en precalentamiento ?
    2354:	90 91 5a 07 	lds	r25, 0x075A	; 0x80075a <fryer+0x34>

00002358 <.Loc.374>:
    2358:	90 ff       	sbrs	r25, 0
    235a:	89 c0       	rjmp	.+274    	; 0x246e <.L38>

0000235c <.Loc.375>:
									fryer.viewmode = FRYER_VIEWMODE_PREHEATING;
    235c:	10 92 5b 07 	sts	0x075B, r1	; 0x80075b <fryer+0x35>

00002360 <.LBB18>:
										kbmode_default(&fryer.basket[i].kb);
    2360:	8a e2       	ldi	r24, 0x2A	; 42
    2362:	97 e0       	ldi	r25, 0x07	; 7
    2364:	0e 94 48 0f 	call	0x1e90	; 0x1e90 <kbmode_default>

00002368 <.LVL97>:
    2368:	84 e4       	ldi	r24, 0x44	; 68
    236a:	97 e0       	ldi	r25, 0x07	; 7
    236c:	0e 94 48 0f 	call	0x1e90	; 0x1e90 <kbmode_default>

00002370 <.LBE18>:
									disp7s_clear_all();
    2370:	0e 94 0f 0e 	call	0x1c1e	; 0x1c1e <disp7s_clear_all>

00002374 <.LVL99>:
									disp7s_update_data_array(DIPS7S_MSG_PRECALENTAMIENTO, BASKETLEFT_DISP_CURSOR_START_X, BASKET_DISP_MAX_CHARS_PERBASKET);
    2374:	44 e0       	ldi	r20, 0x04	; 4
    2376:	60 e0       	ldi	r22, 0x00	; 0
    2378:	81 ec       	ldi	r24, 0xC1	; 193
    237a:	94 e0       	ldi	r25, 0x04	; 4

0000237c <.L77>:
									disp7s_update_data_array(data_array_buffer, 0, DISP7S_TOTAL_NUMMAX);
    237c:	0e 94 ea 0d 	call	0x1bd4	; 0x1bd4 <disp7s_update_data_array>

00002380 <.L36>:
						if (fryer.viewmode == FRYER_VIEWMODE_VIEWCOOKTEMP)
    2380:	80 91 5b 07 	lds	r24, 0x075B	; 0x80075b <fryer+0x35>
    2384:	83 30       	cpi	r24, 0x03	; 3
    2386:	d1 f4       	brne	.+52     	; 0x23bc <.L40>

00002388 <.Loc.391>:
							if (psmode_viewTemp() == 1)
    2388:	0e 94 1b 18 	call	0x3036	; 0x3036 <psmode_viewTemp>

0000238c <.LVL102>:
    238c:	81 30       	cpi	r24, 0x01	; 1
    238e:	b1 f4       	brne	.+44     	; 0x23bc <.L40>

00002390 <.Loc.394>:
								if (fryer.bf.preheating == 1)	//sigue en precalentamiento
    2390:	90 91 5a 07 	lds	r25, 0x075A	; 0x80075a <fryer+0x34>

00002394 <.Loc.396>:
    2394:	90 ff       	sbrs	r25, 0
    2396:	7e c0       	rjmp	.+252    	; 0x2494 <.L42>

00002398 <.Loc.397>:
									fryer.viewmode = FRYER_VIEWMODE_PREHEATING;
    2398:	10 92 5b 07 	sts	0x075B, r1	; 0x80075b <fryer+0x35>

0000239c <.LBB19>:
										kbmode_default(&fryer.basket[i].kb);
    239c:	8a e2       	ldi	r24, 0x2A	; 42
    239e:	97 e0       	ldi	r25, 0x07	; 7
    23a0:	0e 94 48 0f 	call	0x1e90	; 0x1e90 <kbmode_default>

000023a4 <.LVL104>:
    23a4:	84 e4       	ldi	r24, 0x44	; 68
    23a6:	97 e0       	ldi	r25, 0x07	; 7
    23a8:	0e 94 48 0f 	call	0x1e90	; 0x1e90 <kbmode_default>

000023ac <.LBE19>:
									disp7s_clear_all();
    23ac:	0e 94 0f 0e 	call	0x1c1e	; 0x1c1e <disp7s_clear_all>

000023b0 <.LVL106>:
									disp7s_update_data_array(DIPS7S_MSG_PRECALENTAMIENTO, BASKETLEFT_DISP_CURSOR_START_X, BASKET_DISP_MAX_CHARS_PERBASKET);
    23b0:	44 e0       	ldi	r20, 0x04	; 4
    23b2:	60 e0       	ldi	r22, 0x00	; 0
    23b4:	81 ec       	ldi	r24, 0xC1	; 193
    23b6:	94 e0       	ldi	r25, 0x04	; 4

000023b8 <.L78>:
									disp7s_update_data_array(data_array_buffer, 0, DISP7S_TOTAL_NUMMAX);
    23b8:	0e 94 ea 0d 	call	0x1bd4	; 0x1bd4 <disp7s_update_data_array>

000023bc <.L40>:
						if (fryer.bf.operative_mode == 1)
    23bc:	80 91 5a 07 	lds	r24, 0x075A	; 0x80075a <fryer+0x34>

000023c0 <.Loc.413>:
    23c0:	82 fd       	sbrc	r24, 2

000023c2 <.Loc.414>:
							psmode_operative();
    23c2:	0e 94 bc 16 	call	0x2d78	; 0x2d78 <psmode_operative>

000023c6 <.LVL109>:
						int16_t error = mypid0_adjust_kei_windup();
    23c6:	0e 94 34 0f 	call	0x1e68	; 0x1e68 <mypid0_adjust_kei_windup>

000023ca <.LVL110>:
						pid_job(&mypid0, error);
    23ca:	bc 01       	movw	r22, r24
    23cc:	8e ee       	ldi	r24, 0xEE	; 238
    23ce:	96 e0       	ldi	r25, 0x06	; 6

000023d0 <.Loc.418>:
    23d0:	0e 94 ef 05 	call	0xbde	; 0xbde <pid_job>

000023d4 <.LVL112>:
						if (mainflag.sysTickMs)
    23d4:	80 91 61 07 	lds	r24, 0x0761	; 0x800761 <mainflag>

000023d8 <.Loc.421>:
    23d8:	80 ff       	sbrs	r24, 0
    23da:	96 ce       	rjmp	.-724    	; 0x2108 <.L14>

000023dc <.Loc.422>:
							if (++counter1 == (20/SYSTICK_MS))
    23dc:	2f ef       	ldi	r18, 0xFF	; 255
    23de:	c2 1a       	sub	r12, r18
    23e0:	d2 0a       	sbc	r13, r18

000023e2 <.Loc.424>:
    23e2:	84 e1       	ldi	r24, 0x14	; 20
    23e4:	c8 16       	cp	r12, r24
    23e6:	d1 04       	cpc	r13, r1
    23e8:	09 f0       	breq	.+2      	; 0x23ec <.Loc.425>

000023ea <L0^A>:
    23ea:	8e ce       	rjmp	.-740    	; 0x2108 <.L14>

000023ec <.Loc.425>:
								ikb_job();
    23ec:	0e 94 c4 09 	call	0x1388	; 0x1388 <ikb_job>

000023f0 <.LVL115>:
								counter1 = 0;
    23f0:	c1 2c       	mov	r12, r1
    23f2:	d1 2c       	mov	r13, r1
    23f4:	89 ce       	rjmp	.-750    	; 0x2108 <.L14>

000023f6 <.L31>:
						else if (main_schedule.sm0 == 2)
    23f6:	82 30       	cpi	r24, 0x02	; 2
    23f8:	09 f0       	breq	.+2      	; 0x23fc <.Loc.430>

000023fa <L0^A>:
    23fa:	9f cf       	rjmp	.-194    	; 0x233a <.L32>

000023fc <.Loc.430>:
							if (fryer.viewmode == FRYER_VIEWMODE_PREHEATING)
    23fc:	80 91 5b 07 	lds	r24, 0x075B	; 0x80075b <fryer+0x35>
    2400:	81 11       	cpse	r24, r1
    2402:	9b cf       	rjmp	.-202    	; 0x233a <.L32>

00002404 <.Loc.432>:
								if (TCtemperature >= 0)
    2404:	80 91 dc 06 	lds	r24, 0x06DC	; 0x8006dc <TCtemperature>
    2408:	90 91 dd 06 	lds	r25, 0x06DD	; 0x8006dd <TCtemperature+0x1>
    240c:	97 fd       	sbrc	r25, 7
    240e:	06 cf       	rjmp	.-500    	; 0x221c <.L30>

00002410 <.Loc.434>:
									indicatorTimed_setKSysTickTime_ms(1000/SYSTICK_MS);
    2410:	88 ee       	ldi	r24, 0xE8	; 232
    2412:	93 e0       	ldi	r25, 0x03	; 3
    2414:	0e 94 12 06 	call	0xc24	; 0xc24 <indicatorTimed_setKSysTickTime_ms>

00002418 <.LVL117>:
									indicatorTimed_run();
    2418:	0e 94 17 06 	call	0xc2e	; 0xc2e <indicatorTimed_run>

0000241c <.LVL118>:
									fryer.bf.preheating = 0;
    241c:	80 91 5a 07 	lds	r24, 0x075A	; 0x80075a <fryer+0x34>
    2420:	8e 7f       	andi	r24, 0xFE	; 254
    2422:	80 93 5a 07 	sts	0x075A, r24	; 0x80075a <fryer+0x34>

00002426 <.Loc.438>:
									fryer.viewmode = FRYER_VIEWMODE_COOK;
    2426:	81 e0       	ldi	r24, 0x01	; 1
    2428:	80 93 5b 07 	sts	0x075B, r24	; 0x80075b <fryer+0x35>

0000242c <.LBB20>:
										kbmode_default(&fryer.basket[i].kb);
    242c:	8a e2       	ldi	r24, 0x2A	; 42
    242e:	97 e0       	ldi	r25, 0x07	; 7
    2430:	0e 94 48 0f 	call	0x1e90	; 0x1e90 <kbmode_default>

00002434 <.LVL120>:
										fryer.basket[i].kbmode = KBMODE_DEFAULT;
    2434:	10 92 2f 07 	sts	0x072F, r1	; 0x80072f <fryer+0x9>

00002438 <.Loc.446>:
										kbmode_default(&fryer.basket[i].kb);
    2438:	84 e4       	ldi	r24, 0x44	; 68
    243a:	97 e0       	ldi	r25, 0x07	; 7
    243c:	0e 94 48 0f 	call	0x1e90	; 0x1e90 <kbmode_default>

00002440 <.LVL122>:
										fryer.basket[i].kbmode = KBMODE_DEFAULT;
    2440:	10 92 49 07 	sts	0x0749, r1	; 0x800749 <fryer+0x23>

00002444 <.LBE20>:
									fryer.bf.operative_mode = 1;
    2444:	80 91 5a 07 	lds	r24, 0x075A	; 0x80075a <fryer+0x34>
    2448:	84 60       	ori	r24, 0x04	; 4
    244a:	80 93 5a 07 	sts	0x075A, r24	; 0x80075a <fryer+0x34>

0000244e <.Loc.455>:
									main_schedule.sm0++;
    244e:	80 91 5f 07 	lds	r24, 0x075F	; 0x80075f <main_schedule>
    2452:	8f 5f       	subi	r24, 0xFF	; 255
    2454:	70 cf       	rjmp	.-288    	; 0x2336 <.L75>

00002456 <.L34>:
									fryer.viewmode = FRYER_VIEWMODE_VIEWCOOKTEMP;
    2456:	83 e0       	ldi	r24, 0x03	; 3
    2458:	80 93 5b 07 	sts	0x075B, r24	; 0x80075b <fryer+0x35>

0000245c <.Loc.459>:
									fryer.ps_viewTemp = ps_reset;
    245c:	90 93 5e 07 	sts	0x075E, r25	; 0x80075e <fryer+0x38>

00002460 <.Loc.461>:
									indicatorTimed_setKSysTickTime_ms(1000/SYSTICK_MS);
    2460:	88 ee       	ldi	r24, 0xE8	; 232
    2462:	93 e0       	ldi	r25, 0x03	; 3
    2464:	0e 94 12 06 	call	0xc24	; 0xc24 <indicatorTimed_setKSysTickTime_ms>

00002468 <.LVL125>:
									indicatorTimed_run();
    2468:	0e 94 17 06 	call	0xc2e	; 0xc2e <indicatorTimed_run>

0000246c <.LVL126>:
    246c:	03 cf       	rjmp	.-506    	; 0x2274 <.L76>

0000246e <.L38>:
									fryer.viewmode = FRYER_VIEWMODE_COOK;
    246e:	80 93 5b 07 	sts	0x075B, r24	; 0x80075b <fryer+0x35>

00002472 <.LBB21>:
										kbmode_default(&fryer.basket[i].kb);
    2472:	8a e2       	ldi	r24, 0x2A	; 42
    2474:	97 e0       	ldi	r25, 0x07	; 7
    2476:	0e 94 48 0f 	call	0x1e90	; 0x1e90 <kbmode_default>

0000247a <.LVL128>:
										fryer.basket[i].kbmode = KBMODE_DEFAULT;
    247a:	10 92 2f 07 	sts	0x072F, r1	; 0x80072f <fryer+0x9>

0000247e <.Loc.471>:
										kbmode_default(&fryer.basket[i].kb);
    247e:	84 e4       	ldi	r24, 0x44	; 68
    2480:	97 e0       	ldi	r25, 0x07	; 7
    2482:	0e 94 48 0f 	call	0x1e90	; 0x1e90 <kbmode_default>

00002486 <.LVL130>:
										fryer.basket[i].kbmode = KBMODE_DEFAULT;
    2486:	10 92 49 07 	sts	0x0749, r1	; 0x800749 <fryer+0x23>

0000248a <.LBE21>:
									disp7s_update_data_array(data_array_buffer, 0, DISP7S_TOTAL_NUMMAX);
    248a:	48 e0       	ldi	r20, 0x08	; 8
    248c:	60 e0       	ldi	r22, 0x00	; 0
    248e:	ce 01       	movw	r24, r28
    2490:	0b 96       	adiw	r24, 0x0b	; 11
    2492:	74 cf       	rjmp	.-280    	; 0x237c <.L77>

00002494 <.L42>:
									fryer.viewmode = FRYER_VIEWMODE_COOK;
    2494:	80 93 5b 07 	sts	0x075B, r24	; 0x80075b <fryer+0x35>

00002498 <.LBB22>:
										kbmode_default(&fryer.basket[i].kb);
    2498:	8a e2       	ldi	r24, 0x2A	; 42
    249a:	97 e0       	ldi	r25, 0x07	; 7
    249c:	0e 94 48 0f 	call	0x1e90	; 0x1e90 <kbmode_default>

000024a0 <.LVL134>:
										fryer.basket[i].kbmode = KBMODE_DEFAULT;
    24a0:	10 92 2f 07 	sts	0x072F, r1	; 0x80072f <fryer+0x9>

000024a4 <.Loc.487>:
										kbmode_default(&fryer.basket[i].kb);
    24a4:	84 e4       	ldi	r24, 0x44	; 68
    24a6:	97 e0       	ldi	r25, 0x07	; 7
    24a8:	0e 94 48 0f 	call	0x1e90	; 0x1e90 <kbmode_default>

000024ac <.LVL136>:
										fryer.basket[i].kbmode = KBMODE_DEFAULT;
    24ac:	10 92 49 07 	sts	0x0749, r1	; 0x800749 <fryer+0x23>

000024b0 <.LBE22>:
									disp7s_update_data_array(data_array_buffer, 0, DISP7S_TOTAL_NUMMAX);
    24b0:	48 e0       	ldi	r20, 0x08	; 8
    24b2:	60 e0       	ldi	r22, 0x00	; 0
    24b4:	ce 01       	movw	r24, r28
    24b6:	0b 96       	adiw	r24, 0x0b	; 11
    24b8:	7f cf       	rjmp	.-258    	; 0x23b8 <.L78>

000024ba <__vector_10>:

	return 0;
}

ISR(TIMER0_COMP_vect)
{
    24ba:	8f 93       	push	r24
    24bc:	8f b7       	in	r24, 0x3f	; 63
    24be:	8f 93       	push	r24

000024c0 <.Loc.496>:
	isr_flag.sysTickMs = 1;
    24c0:	80 91 62 07 	lds	r24, 0x0762	; 0x800762 <isr_flag>
    24c4:	81 60       	ori	r24, 0x01	; 1
    24c6:	80 93 62 07 	sts	0x0762, r24	; 0x800762 <isr_flag>

000024ca <.Loc.498>:
}
    24ca:	8f 91       	pop	r24
    24cc:	8f bf       	out	0x3f, r24	; 63
    24ce:	8f 91       	pop	r24
    24d0:	18 95       	reti

000024d2 <build_cookCycle_string>:



//build to print Left time mm:ss
void build_cookCycle_string(struct _t *t, unsigned char *str)
{
    24d2:	ef 92       	push	r14
    24d4:	ff 92       	push	r15
    24d6:	0f 93       	push	r16
    24d8:	1f 93       	push	r17
    24da:	cf 93       	push	r28
    24dc:	df 93       	push	r29
    24de:	00 d0       	rcall	.+0      	; 0x24e0 <L0^A>

000024e0 <L0^A>:
    24e0:	cd b7       	in	r28, 0x3d	; 61
    24e2:	de b7       	in	r29, 0x3e	; 62
    24e4:	7c 01       	movw	r14, r24
    24e6:	8b 01       	movw	r16, r22

000024e8 <.Loc.2>:
	unsigned char buff[2];
	integer_to_arraybcd_msb_lsb_paddingleft_blank(t->min, buff, 2);
    24e8:	fc 01       	movw	r30, r24
    24ea:	80 81       	ld	r24, Z

000024ec <.Loc.4>:
    24ec:	42 e0       	ldi	r20, 0x02	; 2
    24ee:	be 01       	movw	r22, r28

000024f0 <.Loc.5>:
    24f0:	6f 5f       	subi	r22, 0xFF	; 255
    24f2:	7f 4f       	sbci	r23, 0xFF	; 255
    24f4:	98 2f       	mov	r25, r24
    24f6:	99 0f       	add	r25, r25
    24f8:	99 0b       	sbc	r25, r25
    24fa:	0e 94 15 0e 	call	0x1c2a	; 0x1c2a <integer_to_arraybcd_msb_lsb_paddingleft_blank>

000024fe <.LBB2>:
	for (int8_t i = 0; i<2; i++)
	{
		str[i] = buff[i];
    24fe:	89 81       	ldd	r24, Y+1	; 0x01
    2500:	f8 01       	movw	r30, r16
    2502:	80 83       	st	Z, r24

00002504 <.Loc.11>:
    2504:	8a 81       	ldd	r24, Y+2	; 0x02
    2506:	81 83       	std	Z+1, r24	; 0x01

00002508 <.LBE2>:
	}

	integer_to_arraybcd_msb_lsb_paddingleft_zeroes(t->sec, buff, 2);
    2508:	f7 01       	movw	r30, r14
    250a:	81 81       	ldd	r24, Z+1	; 0x01
    250c:	42 e0       	ldi	r20, 0x02	; 2
    250e:	be 01       	movw	r22, r28
    2510:	6f 5f       	subi	r22, 0xFF	; 255
    2512:	7f 4f       	sbci	r23, 0xFF	; 255
    2514:	98 2f       	mov	r25, r24
    2516:	99 0f       	add	r25, r25
    2518:	99 0b       	sbc	r25, r25
    251a:	0e 94 58 0e 	call	0x1cb0	; 0x1cb0 <integer_to_arraybcd_msb_lsb_paddingleft_zeroes>

0000251e <.LBB3>:
	int8_t idx = 0;
	for (int8_t i = 2; i<4; i++)
	{
		str[i] = buff[idx++];
    251e:	78 01       	movw	r14, r16

00002520 <.Loc.24>:
    2520:	f2 e0       	ldi	r31, 0x02	; 2
    2522:	ef 0e       	add	r14, r31
    2524:	f1 1c       	adc	r15, r1

00002526 <.Loc.25>:
    2526:	89 81       	ldd	r24, Y+1	; 0x01
    2528:	f8 01       	movw	r30, r16
    252a:	82 83       	std	Z+2, r24	; 0x02

0000252c <.Loc.26>:
    252c:	8a 81       	ldd	r24, Y+2	; 0x02
    252e:	83 83       	std	Z+3, r24	; 0x03

00002530 <.LBE3>:
	}

	//on decimal point
	disp7s_decimalpoint_on(&str[1]);
    2530:	c8 01       	movw	r24, r16
    2532:	01 96       	adiw	r24, 0x01	; 1
    2534:	0e 94 9a 0e 	call	0x1d34	; 0x1d34 <disp7s_decimalpoint_on>

00002538 <.LVL10>:
	disp7s_decimalpoint_on(&str[2]);
    2538:	c7 01       	movw	r24, r14
    253a:	0e 94 9a 0e 	call	0x1d34	; 0x1d34 <disp7s_decimalpoint_on>

0000253e <.LVL11>:
	//fix inverted display
	disp7s_fix_upsidedown_display(&str[2]);
    253e:	c7 01       	movw	r24, r14
    2540:	0e 94 c1 0d 	call	0x1b82	; 0x1b82 <disp7s_fix_upsidedown_display>

00002544 <.LVL12>:
}
    2544:	0f 90       	pop	r0
    2546:	0f 90       	pop	r0
    2548:	df 91       	pop	r29
    254a:	cf 91       	pop	r28
    254c:	1f 91       	pop	r17
    254e:	0f 91       	pop	r16

00002550 <.Loc.36>:
    2550:	ff 90       	pop	r15
    2552:	ef 90       	pop	r14

00002554 <.Loc.37>:
    2554:	08 95       	ret

00002556 <cookCycle_hotUpdate>:



void cookCycle_hotUpdate(struct _t *TcookCycle_setPoint_toUpdate, struct _t *TcookCycle_setPoint_current,struct _t *Tcookcycle_timingrunning)
{
    2556:	1f 93       	push	r17
    2558:	cf 93       	push	r28
    255a:	df 93       	push	r29
    255c:	00 d0       	rcall	.+0      	; 0x255e <L0^A>

0000255e <L0^A>:
    255e:	00 d0       	rcall	.+0      	; 0x2560 <L0^A>

00002560 <L0^A>:
    2560:	00 d0       	rcall	.+0      	; 0x2562 <L0^A>

00002562 <L0^A>:
    2562:	cd b7       	in	r28, 0x3d	; 61
    2564:	de b7       	in	r29, 0x3e	; 62
    2566:	4d 83       	std	Y+5, r20	; 0x05
    2568:	5e 83       	std	Y+6, r21	; 0x06

0000256a <.LVL16>:
	int16_t TcookCycle_toUpdate_inSecs = (TcookCycle_setPoint_toUpdate->min * 60)+ TcookCycle_setPoint_toUpdate->sec;
    256a:	fc 01       	movw	r30, r24
    256c:	20 81       	ld	r18, Z

0000256e <.Loc.45>:
    256e:	4c e3       	ldi	r20, 0x3C	; 60

00002570 <.Loc.46>:
    2570:	24 03       	mulsu	r18, r20
    2572:	90 01       	movw	r18, r0
    2574:	11 24       	eor	r1, r1

00002576 <.Loc.47>:
    2576:	81 81       	ldd	r24, Z+1	; 0x01

00002578 <.Loc.48>:
    2578:	f9 01       	movw	r30, r18

0000257a <.Loc.49>:
    257a:	e8 0f       	add	r30, r24
    257c:	f1 1d       	adc	r31, r1
    257e:	87 fd       	sbrc	r24, 7
    2580:	fa 95       	dec	r31
    2582:	cf 01       	movw	r24, r30

00002584 <.Loc.50>:
	int16_t TcookCycle_setPoint_inSecs = (TcookCycle_setPoint_current->min * 60)+ TcookCycle_setPoint_current->sec;
    2584:	fb 01       	movw	r30, r22
    2586:	20 81       	ld	r18, Z

00002588 <.Loc.51>:
    2588:	24 03       	mulsu	r18, r20
    258a:	90 01       	movw	r18, r0
    258c:	11 24       	eor	r1, r1

0000258e <.Loc.52>:
    258e:	51 81       	ldd	r21, Z+1	; 0x01

00002590 <.Loc.53>:
    2590:	25 0f       	add	r18, r21
    2592:	31 1d       	adc	r19, r1
    2594:	57 fd       	sbrc	r21, 7
    2596:	3a 95       	dec	r19

00002598 <.Loc.54>:
	int16_t Trunning_inSecs = (Tcookcycle_timingrunning->min * 60)+ Tcookcycle_timingrunning->sec;
    2598:	ed 81       	ldd	r30, Y+5	; 0x05
    259a:	fe 81       	ldd	r31, Y+6	; 0x06
    259c:	50 81       	ld	r21, Z

0000259e <.Loc.55>:
    259e:	54 03       	mulsu	r21, r20
    25a0:	a0 01       	movw	r20, r0
    25a2:	11 24       	eor	r1, r1

000025a4 <.Loc.56>:
    25a4:	61 81       	ldd	r22, Z+1	; 0x01

000025a6 <.Loc.57>:
    25a6:	46 0f       	add	r20, r22
    25a8:	51 1d       	adc	r21, r1
    25aa:	67 fd       	sbrc	r22, 7
    25ac:	5a 95       	dec	r21

000025ae <.Loc.58>:

	int32_t diff_inSec = TcookCycle_toUpdate_inSecs	- (TcookCycle_setPoint_inSecs - Trunning_inSecs);
    25ae:	24 1b       	sub	r18, r20
    25b0:	35 0b       	sbc	r19, r21

000025b2 <.Loc.59>:

	if (diff_inSec <= 0)	//Trunc
    25b2:	82 1b       	sub	r24, r18
    25b4:	93 0b       	sbc	r25, r19
    25b6:	79 f1       	breq	.+94     	; 0x2616 <.L4>
    25b8:	72 f1       	brmi	.+92     	; 0x2616 <.L4>

000025ba <.Loc.60>:
		Tcookcycle_timingrunning->min = 0;
		Tcookcycle_timingrunning->sec = 0;
	}
	else
	{
		Tcookcycle_timingrunning->min = (int) (diff_inSec / 60.0);
    25ba:	9c 01       	movw	r18, r24
    25bc:	49 2f       	mov	r20, r25
    25be:	44 0f       	add	r20, r20
    25c0:	44 0b       	sbc	r20, r20
    25c2:	54 2f       	mov	r21, r20
    25c4:	89 83       	std	Y+1, r24	; 0x01
    25c6:	3a 83       	std	Y+2, r19	; 0x02
    25c8:	4b 83       	std	Y+3, r20	; 0x03
    25ca:	4c 83       	std	Y+4, r20	; 0x04
    25cc:	bc 01       	movw	r22, r24
    25ce:	ca 01       	movw	r24, r20
    25d0:	0e 94 11 1a 	call	0x3422	; 0x3422 <__floatsisf>

000025d4 <.LVL22>:
    25d4:	20 e0       	ldi	r18, 0x00	; 0
    25d6:	30 e0       	ldi	r19, 0x00	; 0
    25d8:	40 e7       	ldi	r20, 0x70	; 112
    25da:	52 e4       	ldi	r21, 0x42	; 66
    25dc:	0e 94 67 19 	call	0x32ce	; 0x32ce <__divsf3>

000025e0 <.LVL23>:
    25e0:	0e 94 d9 19 	call	0x33b2	; 0x33b2 <__fixsfsi>

000025e4 <.LVL24>:
    25e4:	16 2f       	mov	r17, r22

000025e6 <.Loc.64>:
		Tcookcycle_timingrunning->sec = (int) (diff_inSec % 60);	//modulo;
    25e6:	69 81       	ldd	r22, Y+1	; 0x01
    25e8:	7a 81       	ldd	r23, Y+2	; 0x02
    25ea:	8b 81       	ldd	r24, Y+3	; 0x03
    25ec:	9c 81       	ldd	r25, Y+4	; 0x04
    25ee:	2c e3       	ldi	r18, 0x3C	; 60
    25f0:	30 e0       	ldi	r19, 0x00	; 0
    25f2:	40 e0       	ldi	r20, 0x00	; 0
    25f4:	50 e0       	ldi	r21, 0x00	; 0
    25f6:	0e 94 a0 18 	call	0x3140	; 0x3140 <__divmodsi4>

000025fa <.L3>:
		Tcookcycle_timingrunning->min = 0;
    25fa:	ed 81       	ldd	r30, Y+5	; 0x05
    25fc:	fe 81       	ldd	r31, Y+6	; 0x06
    25fe:	10 83       	st	Z, r17

00002600 <.Loc.67>:
		Tcookcycle_timingrunning->sec = 0;
    2600:	61 83       	std	Z+1, r22	; 0x01

00002602 <.Loc.68>:
	}
}
    2602:	0f 90       	pop	r0
    2604:	0f 90       	pop	r0
    2606:	0f 90       	pop	r0
    2608:	0f 90       	pop	r0
    260a:	0f 90       	pop	r0
    260c:	0f 90       	pop	r0
    260e:	df 91       	pop	r29
    2610:	cf 91       	pop	r28
    2612:	1f 91       	pop	r17
    2614:	08 95       	ret

00002616 <.L4>:
    2616:	10 e0       	ldi	r17, 0x00	; 0
    2618:	60 e0       	ldi	r22, 0x00	; 0
    261a:	ef cf       	rjmp	.-34     	; 0x25fa <.L3>

0000261c <psmode_operative_init>:
struct _basket basket_temp[BASKET_MAXSIZE];//basket temp mantiene en todo el programa el valor guardado en la EEPROM desde q arranca la aplicacion

//char lcdanBuff[LCDAN_ROW][LCDAN_COL];

void psmode_operative_init(void)
{
    261c:	8f 92       	push	r8
    261e:	9f 92       	push	r9
    2620:	af 92       	push	r10
    2622:	bf 92       	push	r11
    2624:	cf 92       	push	r12
    2626:	df 92       	push	r13
    2628:	ef 92       	push	r14
    262a:	ff 92       	push	r15
    262c:	0f 93       	push	r16
    262e:	1f 93       	push	r17
    2630:	cf 93       	push	r28
    2632:	df 93       	push	r29
    2634:	cd b7       	in	r28, 0x3d	; 61
    2636:	de b7       	in	r29, 0x3e	; 62
    2638:	64 97       	sbiw	r28, 0x14	; 20
    263a:	0f b6       	in	r0, 0x3f	; 63
    263c:	f8 94       	cli
    263e:	de bf       	out	0x3e, r29	; 62
    2640:	0f be       	out	0x3f, r0	; 63
    2642:	cd bf       	out	0x3d, r28	; 61

00002644 <.LBB4>:
	unsigned char str[20];

	//++--
	for (int i=0; i<BASKET_MAXSIZE; i++)
    2644:	06 e2       	ldi	r16, 0x26	; 38
    2646:	17 e0       	ldi	r17, 0x07	; 7
    2648:	80 e0       	ldi	r24, 0x00	; 0
    264a:	a8 2e       	mov	r10, r24
    264c:	80 e0       	ldi	r24, 0x00	; 0
    264e:	b8 2e       	mov	r11, r24
    2650:	93 e6       	ldi	r25, 0x63	; 99
    2652:	c9 2e       	mov	r12, r25
    2654:	97 e0       	ldi	r25, 0x07	; 7
    2656:	d9 2e       	mov	r13, r25

00002658 <.Loc.75>:
    2658:	e1 2c       	mov	r14, r1
    265a:	f1 2c       	mov	r15, r1

0000265c <.L7>:
	{
		fryer.basket[i].blink.timerBlink_K =  PSMODE_OPERATIVE_BLINK_TIMER_KMAX;
    265c:	e0 e9       	ldi	r30, 0x90	; 144
    265e:	f1 e0       	ldi	r31, 0x01	; 1
    2660:	d8 01       	movw	r26, r16
    2662:	55 96       	adiw	r26, 0x15	; 21
    2664:	ed 93       	st	X+, r30
    2666:	fd 93       	st	X+, r31

00002668 <.Loc.78>:
		//
		eeprom_read_block((struct _t *)(&fryer.basket[i].cookCycle.time), (struct _t *)(&COOKTIME[i]), sizeof(struct _t));
    2668:	48 01       	movw	r8, r16
    266a:	fa e0       	ldi	r31, 0x0A	; 10
    266c:	8f 0e       	add	r8, r31
    266e:	91 1c       	adc	r9, r1

00002670 <.Loc.80>:
    2670:	42 e0       	ldi	r20, 0x02	; 2
    2672:	50 e0       	ldi	r21, 0x00	; 0
    2674:	b5 01       	movw	r22, r10
    2676:	c4 01       	movw	r24, r8
    2678:	0e 94 5d 1b 	call	0x36ba	; 0x36ba <eeprom_read_block>

0000267c <.LVL28>:
		//carga desde la eeprom de manera temporal
		basket_temp[i].cookCycle.time = fryer.basket[i].cookCycle.time;
    267c:	d8 01       	movw	r26, r16
    267e:	1a 96       	adiw	r26, 0x0a	; 10
    2680:	8d 91       	ld	r24, X+
    2682:	9d 91       	ld	r25, X+
    2684:	f6 01       	movw	r30, r12
    2686:	82 87       	std	Z+10, r24	; 0x0a
    2688:	93 87       	std	Z+11, r25	; 0x0b

0000268a <.Loc.83>:


		//return to visualizing decrement-timing
		fryer.basket[i].cookCycle.counterTicks = 0x00;//reset counter
    268a:	1d 92       	st	X+, r1
    268c:	1d 92       	st	X+, r1

0000268e <.Loc.85>:
		fryer.basket[i].cookCycle.bf.forceCheckControl = 1;//forzar pase directo para poder visualizar y actuar si es 00:00
    268e:	2a e1       	ldi	r18, 0x1A	; 26
    2690:	2e 9d       	mul	r18, r14
    2692:	f0 01       	movw	r30, r0
    2694:	2f 9d       	mul	r18, r15
    2696:	f0 0d       	add	r31, r0
    2698:	11 24       	eor	r1, r1
    269a:	df 01       	movw	r26, r30
    269c:	ac 5c       	subi	r26, 0xCC	; 204
    269e:	b8 4f       	sbci	r27, 0xF8	; 248
    26a0:	8c 91       	ld	r24, X
    26a2:	82 60       	ori	r24, 0x02	; 2
    26a4:	8c 93       	st	X, r24

000026a6 <.Loc.87>:


		fryer.basket[i].display.owner = DISPLAY_TIMING;
    26a6:	d8 01       	movw	r26, r16
    26a8:	13 96       	adiw	r26, 0x03	; 3
    26aa:	1c 92       	st	X, r1

000026ac <.Loc.89>:
		fryer.basket[i].display.bf.print_cookCycle = 1;
    26ac:	e8 5d       	subi	r30, 0xD8	; 216
    26ae:	f8 4f       	sbci	r31, 0xF8	; 248
    26b0:	80 81       	ld	r24, Z
    26b2:	81 60       	ori	r24, 0x01	; 1
    26b4:	80 83       	st	Z, r24

000026b6 <.Loc.91>:
		//
		//if (fryer.basket[i].display.bf.print_cookCycle == 1)
		if ((fryer.basket[i].display.bf.print_cookCycle == 1)	&& (fryer.viewmode == FRYER_VIEWMODE_COOK))
    26b6:	80 91 5b 07 	lds	r24, 0x075B	; 0x80075b <fryer+0x35>
    26ba:	81 30       	cpi	r24, 0x01	; 1
    26bc:	69 f4       	brne	.+26     	; 0x26d8 <.L6>

000026be <.Loc.93>:
		{
			build_cookCycle_string(&fryer.basket[i].cookCycle.time, str);
    26be:	be 01       	movw	r22, r28
    26c0:	6f 5f       	subi	r22, 0xFF	; 255
    26c2:	7f 4f       	sbci	r23, 0xFF	; 255
    26c4:	c4 01       	movw	r24, r8
    26c6:	0e 94 69 12 	call	0x24d2	; 0x24d2 <build_cookCycle_string>

000026ca <.LVL29>:


			disp7s_update_data_array(str, fryer.basket[i].display.cursor.x, BASKET_DISP_MAX_CHARS_PERBASKET);
    26ca:	44 e0       	ldi	r20, 0x04	; 4
    26cc:	f8 01       	movw	r30, r16
    26ce:	60 81       	ld	r22, Z
    26d0:	ce 01       	movw	r24, r28
    26d2:	01 96       	adiw	r24, 0x01	; 1
    26d4:	0e 94 ea 0d 	call	0x1bd4	; 0x1bd4 <disp7s_update_data_array>

000026d8 <.L6>:

		}

		//
		kbmode_default(&fryer.basket[i].kb);
    26d8:	c8 01       	movw	r24, r16
    26da:	04 96       	adiw	r24, 0x04	; 4
    26dc:	0e 94 48 0f 	call	0x1e90	; 0x1e90 <kbmode_default>

000026e0 <.LVL31>:
		fryer.basket[i].kbmode = KBMODE_DEFAULT;
    26e0:	d8 01       	movw	r26, r16
    26e2:	19 96       	adiw	r26, 0x09	; 9
    26e4:	1c 92       	st	X, r1

000026e6 <.Loc.98>:
	for (int i=0; i<BASKET_MAXSIZE; i++)
    26e6:	c7 01       	movw	r24, r14
    26e8:	01 96       	adiw	r24, 0x01	; 1

000026ea <.Loc.99>:
    26ea:	06 5e       	subi	r16, 0xE6	; 230
    26ec:	1f 4f       	sbci	r17, 0xFF	; 255
    26ee:	b2 e0       	ldi	r27, 0x02	; 2
    26f0:	ab 0e       	add	r10, r27
    26f2:	b1 1c       	adc	r11, r1
    26f4:	ea e1       	ldi	r30, 0x1A	; 26
    26f6:	ce 0e       	add	r12, r30
    26f8:	d1 1c       	adc	r13, r1
    26fa:	ee 24       	eor	r14, r14
    26fc:	e3 94       	inc	r14
    26fe:	f1 2c       	mov	r15, r1
    2700:	02 97       	sbiw	r24, 0x02	; 2
    2702:	09 f0       	breq	.+2      	; 0x2706 <.LBE4>

00002704 <L0^A>:
    2704:	ab cf       	rjmp	.-170    	; 0x265c <.L7>

00002706 <.LBE4>:
	}
	//--+
}
    2706:	64 96       	adiw	r28, 0x14	; 20
    2708:	0f b6       	in	r0, 0x3f	; 63
    270a:	f8 94       	cli
    270c:	de bf       	out	0x3e, r29	; 62
    270e:	0f be       	out	0x3f, r0	; 63
    2710:	cd bf       	out	0x3d, r28	; 61
    2712:	df 91       	pop	r29
    2714:	cf 91       	pop	r28
    2716:	1f 91       	pop	r17
    2718:	0f 91       	pop	r16
    271a:	ff 90       	pop	r15
    271c:	ef 90       	pop	r14
    271e:	df 90       	pop	r13
    2720:	cf 90       	pop	r12
    2722:	bf 90       	pop	r11
    2724:	af 90       	pop	r10
    2726:	9f 90       	pop	r9
    2728:	8f 90       	pop	r8
    272a:	08 95       	ret

0000272c <p1>:

#define FRYER_COOKCYCLE_USER_STARTED 1
#define FRYER_COOKCYCLE_USER_STOPPED 0

void p1(void)
{
    272c:	3f 92       	push	r3
    272e:	4f 92       	push	r4
    2730:	5f 92       	push	r5
    2732:	6f 92       	push	r6
    2734:	7f 92       	push	r7
    2736:	8f 92       	push	r8
    2738:	9f 92       	push	r9
    273a:	af 92       	push	r10
    273c:	bf 92       	push	r11
    273e:	cf 92       	push	r12
    2740:	df 92       	push	r13
    2742:	ef 92       	push	r14
    2744:	ff 92       	push	r15
    2746:	0f 93       	push	r16
    2748:	1f 93       	push	r17
    274a:	cf 93       	push	r28
    274c:	df 93       	push	r29
    274e:	cd b7       	in	r28, 0x3d	; 61
    2750:	de b7       	in	r29, 0x3e	; 62
    2752:	64 97       	sbiw	r28, 0x14	; 20
    2754:	0f b6       	in	r0, 0x3f	; 63
    2756:	f8 94       	cli
    2758:	de bf       	out	0x3e, r29	; 62
    275a:	0f be       	out	0x3f, r0	; 63
    275c:	cd bf       	out	0x3d, r28	; 61

0000275e <.LBB5>:
	unsigned char str[20];
	for (int i=0; i<BASKET_MAXSIZE; i++)
    275e:	06 e2       	ldi	r16, 0x26	; 38
    2760:	17 e0       	ldi	r17, 0x07	; 7
    2762:	8d e6       	ldi	r24, 0x6D	; 109
    2764:	c8 2e       	mov	r12, r24
    2766:	87 e0       	ldi	r24, 0x07	; 7
    2768:	d8 2e       	mov	r13, r24
    276a:	90 e0       	ldi	r25, 0x00	; 0
    276c:	89 2e       	mov	r8, r25
    276e:	90 e0       	ldi	r25, 0x00	; 0
    2770:	99 2e       	mov	r9, r25

00002772 <.Loc.106>:
    2772:	e1 2c       	mov	r14, r1
    2774:	f1 2c       	mov	r15, r1

00002776 <.Loc.107>:
	{
		blink_set(&fryer.basket[i].blink);

		if ((ikb_key_is_ready2read(fryer.basket[i].kb.down)) && (fryer.basket[i].cookCycle.bf.blinkDone == 0) && (fryer.basket[i].cookCycle.bf.on == 0))
    2776:	2a e1       	ldi	r18, 0x1A	; 26
    2778:	32 2e       	mov	r3, r18

0000277a <.L30>:
		blink_set(&fryer.basket[i].blink);
    277a:	c8 01       	movw	r24, r16
    277c:	43 96       	adiw	r24, 0x13	; 19
    277e:	0e 94 f6 0a 	call	0x15ec	; 0x15ec <blink_set>

00002782 <.LVL35>:
		if ((ikb_key_is_ready2read(fryer.basket[i].kb.down)) && (fryer.basket[i].cookCycle.bf.blinkDone == 0) && (fryer.basket[i].cookCycle.bf.on == 0))
    2782:	d8 01       	movw	r26, r16
    2784:	16 96       	adiw	r26, 0x06	; 6
    2786:	8c 91       	ld	r24, X
    2788:	0e 94 66 07 	call	0xecc	; 0xecc <ikb_key_is_ready2read>

0000278c <.LVL36>:
    278c:	81 15       	cp	r24, r1
    278e:	b9 f1       	breq	.+110    	; 0x27fe <.L10>

00002790 <.Loc.112>:
    2790:	3e 9c       	mul	r3, r14
    2792:	f0 01       	movw	r30, r0
    2794:	3f 9c       	mul	r3, r15
    2796:	f0 0d       	add	r31, r0
    2798:	11 24       	eor	r1, r1
    279a:	ec 5c       	subi	r30, 0xCC	; 204
    279c:	f8 4f       	sbci	r31, 0xF8	; 248
    279e:	80 81       	ld	r24, Z

000027a0 <.Loc.113>:
    27a0:	82 fd       	sbrc	r24, 2
    27a2:	2d c0       	rjmp	.+90     	; 0x27fe <.L10>

000027a4 <.Loc.114>:
    27a4:	80 fd       	sbrc	r24, 0
    27a6:	2b c0       	rjmp	.+86     	; 0x27fe <.L10>

000027a8 <.Loc.115>:
		{
			//ikb_key_was_read(fryer.basket[i].kb.down);
			if (!ikb_inReptt(fryer.basket[i].kb.down))
    27a8:	f8 01       	movw	r30, r16
    27aa:	86 81       	ldd	r24, Z+6	; 0x06
    27ac:	0e 94 0f 08 	call	0x101e	; 0x101e <ikb_inReptt>

000027b0 <.LVL37>:
    27b0:	81 11       	cpse	r24, r1
    27b2:	06 c0       	rjmp	.+12     	; 0x27c0 <.L11>

000027b4 <.Loc.118>:
			{
				indicatorTimed_setKSysTickTime_ms(75/SYSTICK_MS);
    27b4:	8b e4       	ldi	r24, 0x4B	; 75
    27b6:	90 e0       	ldi	r25, 0x00	; 0
    27b8:	0e 94 12 06 	call	0xc24	; 0xc24 <indicatorTimed_setKSysTickTime_ms>

000027bc <.LVL38>:
				indicatorTimed_run();
    27bc:	0e 94 17 06 	call	0xc2e	; 0xc2e <indicatorTimed_run>

000027c0 <.L11>:
			}

			//
			fryer.basket[i].display.bf.print_cookCycle = 0;
    27c0:	8a e1       	ldi	r24, 0x1A	; 26
    27c2:	8e 9d       	mul	r24, r14
    27c4:	f0 01       	movw	r30, r0
    27c6:	8f 9d       	mul	r24, r15
    27c8:	f0 0d       	add	r31, r0
    27ca:	11 24       	eor	r1, r1
    27cc:	df 01       	movw	r26, r30
    27ce:	a8 5d       	subi	r26, 0xD8	; 216
    27d0:	b8 4f       	sbci	r27, 0xF8	; 248
    27d2:	8c 91       	ld	r24, X
    27d4:	8e 7f       	andi	r24, 0xFE	; 254
    27d6:	8c 93       	st	X, r24

000027d8 <.Loc.122>:
			//fryer.basket[i].bf.user_startStop = FRYER_COOKCYCLE_USER_STOPPED;//preserva el estado actual si esta corriendo el temporizador o no
			fryer.basket[i].cookCycle.editcycle.bf.blinkIsActive = 1;
    27d8:	e9 5c       	subi	r30, 0xC9	; 201
    27da:	f8 4f       	sbci	r31, 0xF8	; 248
    27dc:	80 81       	ld	r24, Z
    27de:	81 60       	ori	r24, 0x01	; 1
    27e0:	80 83       	st	Z, r24

000027e2 <.Loc.124>:
			fryer.basket[i].kbmode = KBMODE_EDIT_COOKCYCLE;
    27e2:	81 e0       	ldi	r24, 0x01	; 1
    27e4:	d8 01       	movw	r26, r16
    27e6:	19 96       	adiw	r26, 0x09	; 9
    27e8:	8c 93       	st	X, r24

000027ea <.Loc.126>:
			fryer.basket[i].display.owner = DISPLAY_EDITCOOKCYCLE;
    27ea:	16 97       	sbiw	r26, 0x06	; 6
    27ec:	8c 93       	st	X, r24

000027ee <.Loc.128>:
			fryer.basket[i].cookCycle.editcycle.timerTimeout = 0x0000;//reset
    27ee:	1c 96       	adiw	r26, 0x0c	; 12
    27f0:	1d 92       	st	X+, r1
    27f2:	1d 92       	st	X+, r1

000027f4 <.Loc.130>:
			blink_reset(BLINK_TOGGLE_SET_TEXT);
    27f4:	0e 94 fb 0a 	call	0x15f6	; 0x15f6 <blink_reset>

000027f8 <.LVL40>:
			//

			time_dec(&basket_temp[i].cookCycle.time);
    27f8:	c6 01       	movw	r24, r12
    27fa:	0e 94 54 01 	call	0x2a8	; 0x2a8 <time_dec>

000027fe <.L10>:
		}
		if ((ikb_key_is_ready2read(fryer.basket[i].kb.up))  && (fryer.basket[i].cookCycle.bf.blinkDone == 0) && (fryer.basket[i].cookCycle.bf.on == 0))
    27fe:	f8 01       	movw	r30, r16
    2800:	87 81       	ldd	r24, Z+7	; 0x07
    2802:	0e 94 66 07 	call	0xecc	; 0xecc <ikb_key_is_ready2read>

00002806 <.LVL42>:
    2806:	81 15       	cp	r24, r1
    2808:	a9 f1       	breq	.+106    	; 0x2874 <.L12>

0000280a <.Loc.135>:
    280a:	3e 9c       	mul	r3, r14
    280c:	f0 01       	movw	r30, r0
    280e:	3f 9c       	mul	r3, r15
    2810:	f0 0d       	add	r31, r0
    2812:	11 24       	eor	r1, r1
    2814:	ec 5c       	subi	r30, 0xCC	; 204
    2816:	f8 4f       	sbci	r31, 0xF8	; 248
    2818:	80 81       	ld	r24, Z

0000281a <.Loc.136>:
    281a:	82 fd       	sbrc	r24, 2
    281c:	2b c0       	rjmp	.+86     	; 0x2874 <.L12>

0000281e <.Loc.137>:
    281e:	80 fd       	sbrc	r24, 0
    2820:	29 c0       	rjmp	.+82     	; 0x2874 <.L12>

00002822 <.Loc.138>:
		{
			//ikb_key_was_read(fryer.basket[i].kb.up);
			if (!ikb_inReptt(fryer.basket[i].kb.up))
    2822:	d8 01       	movw	r26, r16
    2824:	17 96       	adiw	r26, 0x07	; 7
    2826:	8c 91       	ld	r24, X
    2828:	0e 94 0f 08 	call	0x101e	; 0x101e <ikb_inReptt>

0000282c <.LVL43>:
    282c:	81 11       	cpse	r24, r1
    282e:	06 c0       	rjmp	.+12     	; 0x283c <.L13>

00002830 <.Loc.141>:
			{
				indicatorTimed_setKSysTickTime_ms(75/SYSTICK_MS);
    2830:	8b e4       	ldi	r24, 0x4B	; 75
    2832:	90 e0       	ldi	r25, 0x00	; 0
    2834:	0e 94 12 06 	call	0xc24	; 0xc24 <indicatorTimed_setKSysTickTime_ms>

00002838 <.LVL44>:
				indicatorTimed_run();
    2838:	0e 94 17 06 	call	0xc2e	; 0xc2e <indicatorTimed_run>

0000283c <.L13>:
			}
			//
			fryer.basket[i].display.bf.print_cookCycle = 0;
    283c:	8a e1       	ldi	r24, 0x1A	; 26
    283e:	8e 9d       	mul	r24, r14
    2840:	f0 01       	movw	r30, r0
    2842:	8f 9d       	mul	r24, r15
    2844:	f0 0d       	add	r31, r0
    2846:	11 24       	eor	r1, r1
    2848:	df 01       	movw	r26, r30
    284a:	a8 5d       	subi	r26, 0xD8	; 216
    284c:	b8 4f       	sbci	r27, 0xF8	; 248
    284e:	8c 91       	ld	r24, X
    2850:	8e 7f       	andi	r24, 0xFE	; 254
    2852:	8c 93       	st	X, r24

00002854 <.Loc.145>:
			//fryer.basket[i].bf.user_startStop = FRYER_COOKCYCLE_USER_STOPPED;

			fryer.basket[i].cookCycle.editcycle.bf.blinkIsActive = 1;
    2854:	e9 5c       	subi	r30, 0xC9	; 201
    2856:	f8 4f       	sbci	r31, 0xF8	; 248
    2858:	80 81       	ld	r24, Z
    285a:	81 60       	ori	r24, 0x01	; 1
    285c:	80 83       	st	Z, r24

0000285e <.Loc.147>:

			fryer.basket[i].kbmode = KBMODE_EDIT_COOKCYCLE;
    285e:	81 e0       	ldi	r24, 0x01	; 1
    2860:	f8 01       	movw	r30, r16
    2862:	81 87       	std	Z+9, r24	; 0x09

00002864 <.Loc.149>:
			fryer.basket[i].display.owner = DISPLAY_EDITCOOKCYCLE;
    2864:	83 83       	std	Z+3, r24	; 0x03

00002866 <.Loc.151>:
			fryer.basket[i].cookCycle.editcycle.timerTimeout = 0x0000;//reset
    2866:	17 86       	std	Z+15, r1	; 0x0f
    2868:	10 8a       	std	Z+16, r1	; 0x10

0000286a <.Loc.153>:
			blink_reset(BLINK_TOGGLE_SET_TEXT);
    286a:	0e 94 fb 0a 	call	0x15f6	; 0x15f6 <blink_reset>

0000286e <.LVL46>:
			//

			time_inc(&basket_temp[i].cookCycle.time);
    286e:	c6 01       	movw	r24, r12
    2870:	0e 94 6f 01 	call	0x2de	; 0x2de <time_inc>

00002874 <.L12>:
		}
		//clear
		ikb_key_was_read(fryer.basket[i].kb.down);
    2874:	d8 01       	movw	r26, r16
    2876:	16 96       	adiw	r26, 0x06	; 6
    2878:	8c 91       	ld	r24, X
    287a:	0e 94 7a 07 	call	0xef4	; 0xef4 <ikb_key_was_read>

0000287e <.LVL48>:
		ikb_key_was_read(fryer.basket[i].kb.up);
    287e:	f8 01       	movw	r30, r16
    2880:	87 81       	ldd	r24, Z+7	; 0x07
    2882:	0e 94 7a 07 	call	0xef4	; 0xef4 <ikb_key_was_read>

00002886 <.LVL49>:


		if (fryer.basket[i].kbmode == KBMODE_DEFAULT)
    2886:	d8 01       	movw	r26, r16
    2888:	19 96       	adiw	r26, 0x09	; 9
    288a:	8c 91       	ld	r24, X
    288c:	19 97       	sbiw	r26, 0x09	; 9

0000288e <.Loc.159>:
    288e:	81 30       	cpi	r24, 0x01	; 1
    2890:	08 f0       	brcs	.+2      	; 0x2894 <.Loc.160>

00002892 <L0^A>:
    2892:	ee c0       	rjmp	.+476    	; 0x2a70 <.L14>

00002894 <.Loc.160>:
		{
			if (ikb_key_is_ready2read(fryer.basket[i].kb.startStop ) )
    2894:	14 96       	adiw	r26, 0x04	; 4
    2896:	8c 91       	ld	r24, X
    2898:	0e 94 66 07 	call	0xecc	; 0xecc <ikb_key_is_ready2read>

0000289c <.LVL50>:
    289c:	81 15       	cp	r24, r1
    289e:	01 f1       	breq	.+64     	; 0x28e0 <.L16>

000028a0 <.Loc.163>:
			{
				ikb_key_was_read(fryer.basket[i].kb.startStop);
    28a0:	f8 01       	movw	r30, r16
    28a2:	84 81       	ldd	r24, Z+4	; 0x04
    28a4:	0e 94 7a 07 	call	0xef4	; 0xef4 <ikb_key_was_read>

000028a8 <.LVL51>:
				//
				indicatorTimed_setKSysTickTime_ms(1000/SYSTICK_MS);
    28a8:	88 ee       	ldi	r24, 0xE8	; 232
    28aa:	93 e0       	ldi	r25, 0x03	; 3
    28ac:	0e 94 12 06 	call	0xc24	; 0xc24 <indicatorTimed_setKSysTickTime_ms>

000028b0 <.LVL52>:
				indicatorTimed_run();
    28b0:	0e 94 17 06 	call	0xc2e	; 0xc2e <indicatorTimed_run>

000028b4 <.LVL53>:
				//
				//
				if (fryer.basket[i].bf.user_startStop == FRYER_COOKCYCLE_USER_STOPPED)
    28b4:	8a e1       	ldi	r24, 0x1A	; 26
    28b6:	8e 9d       	mul	r24, r14
    28b8:	30 01       	movw	r6, r0
    28ba:	8f 9d       	mul	r24, r15
    28bc:	70 0c       	add	r7, r0
    28be:	11 24       	eor	r1, r1
    28c0:	f3 01       	movw	r30, r6
    28c2:	e8 5c       	subi	r30, 0xC8	; 200
    28c4:	f8 4f       	sbci	r31, 0xF8	; 248
    28c6:	80 81       	ld	r24, Z
    28c8:	93 01       	movw	r18, r6
    28ca:	2c 5c       	subi	r18, 0xCC	; 204
    28cc:	38 4f       	sbci	r19, 0xF8	; 248
    28ce:	59 01       	movw	r10, r18

000028d0 <.Loc.168>:
    28d0:	80 fd       	sbrc	r24, 0
    28d2:	96 c0       	rjmp	.+300    	; 0x2a00 <.L17>

000028d4 <.Loc.169>:
				{
					fryer.basket[i].bf.user_startStop = FRYER_COOKCYCLE_USER_STARTED;
    28d4:	81 60       	ori	r24, 0x01	; 1
    28d6:	80 83       	st	Z, r24

000028d8 <.Loc.171>:
					//
					fryer.basket[i].cookCycle.bf.on = 1;
    28d8:	d9 01       	movw	r26, r18
    28da:	8c 91       	ld	r24, X
    28dc:	81 60       	ori	r24, 0x01	; 1
    28de:	8c 93       	st	X, r24

000028e0 <.L16>:
				}
			//
		}

		//++++++++++++++++++++++++++++++++++++++++++++++++++++++++++++++++
		if (fryer.basket[i].cookCycle.editcycle.bf.blinkIsActive == 1)
    28e0:	3e 9c       	mul	r3, r14
    28e2:	f0 01       	movw	r30, r0
    28e4:	3f 9c       	mul	r3, r15
    28e6:	f0 0d       	add	r31, r0
    28e8:	11 24       	eor	r1, r1
    28ea:	df 01       	movw	r26, r30
    28ec:	a9 5c       	subi	r26, 0xC9	; 201
    28ee:	b8 4f       	sbci	r27, 0xF8	; 248
    28f0:	8c 91       	ld	r24, X

000028f2 <.Loc.175>:
    28f2:	80 ff       	sbrs	r24, 0
    28f4:	2b c0       	rjmp	.+86     	; 0x294c <.L21>

000028f6 <.Loc.176>:
		{
			//local blink - start
			//update blink struct through blink_set(struct _blink *b)
			if (fryer.basket[i].blink.bf.update)
    28f6:	e3 5c       	subi	r30, 0xC3	; 195
    28f8:	f8 4f       	sbci	r31, 0xF8	; 248
    28fa:	80 81       	ld	r24, Z

000028fc <.Loc.178>:
    28fc:	81 ff       	sbrs	r24, 1
    28fe:	15 c0       	rjmp	.+42     	; 0x292a <.L23>

00002900 <.Loc.179>:
			{
				fryer.basket[i].blink.bf.update = 0;
    2900:	8d 7f       	andi	r24, 0xFD	; 253
    2902:	80 83       	st	Z, r24

00002904 <.Loc.181>:
				//
				if (fryer.viewmode == FRYER_VIEWMODE_COOK)//add 2022
    2904:	90 91 5b 07 	lds	r25, 0x075B	; 0x80075b <fryer+0x35>
    2908:	91 30       	cpi	r25, 0x01	; 1
    290a:	79 f4       	brne	.+30     	; 0x292a <.L23>

0000290c <.Loc.183>:
				{
					if (fryer.basket[i].blink.bf.toggle == BLINK_TOGGLE_SET_BLANK)
    290c:	80 fd       	sbrc	r24, 0
    290e:	db c0       	rjmp	.+438    	; 0x2ac6 <.L25>

00002910 <.Loc.185>:
					{
						disp7s_blank_displays(str, 0, BASKET_DISP_MAX_CHARS_PERBASKET);
    2910:	44 e0       	ldi	r20, 0x04	; 4
    2912:	60 e0       	ldi	r22, 0x00	; 0
    2914:	ce 01       	movw	r24, r28
    2916:	01 96       	adiw	r24, 0x01	; 1
    2918:	0e 94 d6 0d 	call	0x1bac	; 0x1bac <disp7s_blank_displays>

0000291c <.LVL54>:
						disp7s_update_data_array(str, fryer.basket[i].display.cursor.x, BASKET_DISP_MAX_CHARS_PERBASKET);
    291c:	44 e0       	ldi	r20, 0x04	; 4
    291e:	d8 01       	movw	r26, r16
    2920:	6c 91       	ld	r22, X

00002922 <.L44>:
					}
					else
					{
						build_cookCycle_string(&basket_temp[i].cookCycle.time, str);
						disp7s_update_data_array(str, fryer.basket[i].display.cursor.x, BASKET_DISP_MAX_CHARS_PERBASKET);
    2922:	ce 01       	movw	r24, r28
    2924:	01 96       	adiw	r24, 0x01	; 1
    2926:	0e 94 ea 0d 	call	0x1bd4	; 0x1bd4 <disp7s_update_data_array>

0000292a <.L23>:
				}
				//
			}
			//local blink - end

			if (mainflag.sysTickMs)
    292a:	80 91 61 07 	lds	r24, 0x0761	; 0x800761 <mainflag>

0000292e <.Loc.190>:
    292e:	80 ff       	sbrs	r24, 0
    2930:	0d c0       	rjmp	.+26     	; 0x294c <.L21>

00002932 <.Loc.191>:
			{
				//Timeout : Limpiar teclas del basket correspodiente
				//cancela blinking y espera a un user_Start

				if (++fryer.basket[i].cookCycle.editcycle.timerTimeout >= PSMODE_OPERATIVE_EDITCYCLE_TIMERTIMEOUT_K)
    2932:	d8 01       	movw	r26, r16
    2934:	1f 96       	adiw	r26, 0x0f	; 15
    2936:	8d 91       	ld	r24, X+
    2938:	9d 91       	ld	r25, X+
    293a:	01 96       	adiw	r24, 0x01	; 1

0000293c <.Loc.193>:
    293c:	88 3b       	cpi	r24, 0xB8	; 184
    293e:	bb e0       	ldi	r27, 0x0B	; 11
    2940:	9b 07       	cpc	r25, r27
    2942:	0c f0       	brlt	.+2      	; 0x2946 <L0^A+0x2>

00002944 <L0^A>:
    2944:	ca c0       	rjmp	.+404    	; 0x2ada <.L27>
    2946:	f8 01       	movw	r30, r16
    2948:	87 87       	std	Z+15, r24	; 0x0f
    294a:	90 8b       	std	Z+16, r25	; 0x10

0000294c <.L21>:
					//ikb_key_was_read(fryer.basket[i].kb.sleep);
					//
				}
			}
		}
		if (fryer.basket[i].bf.prepareReturnToKBDefault == 1)//prepare all to return to KBMODE_DEFAULT
    294c:	3e 9c       	mul	r3, r14
    294e:	50 01       	movw	r10, r0
    2950:	3f 9c       	mul	r3, r15
    2952:	b0 0c       	add	r11, r0
    2954:	11 24       	eor	r1, r1
    2956:	f5 01       	movw	r30, r10
    2958:	e8 5c       	subi	r30, 0xC8	; 200
    295a:	f8 4f       	sbci	r31, 0xF8	; 248
    295c:	80 81       	ld	r24, Z

0000295e <.Loc.196>:
    295e:	81 ff       	sbrs	r24, 1
    2960:	27 c0       	rjmp	.+78     	; 0x29b0 <.L29>

00002962 <.Loc.197>:
		{
			fryer.basket[i].bf.prepareReturnToKBDefault = 0;
    2962:	8d 7f       	andi	r24, 0xFD	; 253
    2964:	80 83       	st	Z, r24

00002966 <.Loc.199>:
			//
			//update eeprom
			//COOKTIME[i] = basket_temp[i].cookCycle.time;//update new cookCycle set-point
			eeprom_update_block((struct _t *)(&basket_temp[i].cookCycle.time), (struct _t *)(&COOKTIME[i]), sizeof(struct _t));
    2966:	42 e0       	ldi	r20, 0x02	; 2
    2968:	50 e0       	ldi	r21, 0x00	; 0
    296a:	b4 01       	movw	r22, r8
    296c:	c6 01       	movw	r24, r12
    296e:	0e 94 6d 1b 	call	0x36da	; 0x36da <eeprom_update_block>

00002972 <.LVL56>:

			//load from eeprom
			fryer.basket[i].cookCycle.time = basket_temp[i].cookCycle.time;
    2972:	f6 01       	movw	r30, r12
    2974:	80 81       	ld	r24, Z
    2976:	91 81       	ldd	r25, Z+1	; 0x01
    2978:	d8 01       	movw	r26, r16
    297a:	1a 96       	adiw	r26, 0x0a	; 10
    297c:	8d 93       	st	X+, r24
    297e:	9d 93       	st	X+, r25

00002980 <.Loc.202>:


			fryer.basket[i].cookCycle.editcycle.bf.blinkIsActive = 0;
    2980:	f5 01       	movw	r30, r10
    2982:	e9 5c       	subi	r30, 0xC9	; 201
    2984:	f8 4f       	sbci	r31, 0xF8	; 248
    2986:	80 81       	ld	r24, Z
    2988:	8e 7f       	andi	r24, 0xFE	; 254
    298a:	80 83       	st	Z, r24

0000298c <.Loc.204>:

			//return to visualizing decrement-timing
			fryer.basket[i].cookCycle.counterTicks = 0x00;//reset counter
    298c:	1d 92       	st	X+, r1
    298e:	1d 92       	st	X+, r1

00002990 <.Loc.206>:
			fryer.basket[i].cookCycle.bf.forceCheckControl = 1;//forzar pase directo para poder visualizar y actuar si es 00:00
    2990:	f5 01       	movw	r30, r10
    2992:	ec 5c       	subi	r30, 0xCC	; 204
    2994:	f8 4f       	sbci	r31, 0xF8	; 248
    2996:	80 81       	ld	r24, Z
    2998:	82 60       	ori	r24, 0x02	; 2
    299a:	80 83       	st	Z, r24

0000299c <.Loc.208>:
			fryer.basket[i].display.owner = DISPLAY_TIMING;
    299c:	1b 97       	sbiw	r26, 0x0b	; 11
    299e:	1c 92       	st	X, r1

000029a0 <.Loc.210>:
			fryer.basket[i].display.bf.print_cookCycle = 1;
    29a0:	f5 01       	movw	r30, r10
    29a2:	e8 5d       	subi	r30, 0xD8	; 216
    29a4:	f8 4f       	sbci	r31, 0xF8	; 248
    29a6:	80 81       	ld	r24, Z
    29a8:	81 60       	ori	r24, 0x01	; 1
    29aa:	80 83       	st	Z, r24

000029ac <.Loc.212>:
			//return to kb
			//kbmode_setDefault(&fryer.basket[i].kb);
			fryer.basket[i].kbmode = KBMODE_DEFAULT;
    29ac:	16 96       	adiw	r26, 0x06	; 6
    29ae:	1c 92       	st	X, r1

000029b0 <.L29>:
	for (int i=0; i<BASKET_MAXSIZE; i++)
    29b0:	c7 01       	movw	r24, r14
    29b2:	01 96       	adiw	r24, 0x01	; 1

000029b4 <.Loc.215>:
    29b4:	06 5e       	subi	r16, 0xE6	; 230
    29b6:	1f 4f       	sbci	r17, 0xFF	; 255
    29b8:	ba e1       	ldi	r27, 0x1A	; 26
    29ba:	cb 0e       	add	r12, r27
    29bc:	d1 1c       	adc	r13, r1
    29be:	e2 e0       	ldi	r30, 0x02	; 2
    29c0:	8e 0e       	add	r8, r30
    29c2:	91 1c       	adc	r9, r1
    29c4:	ee 24       	eor	r14, r14
    29c6:	e3 94       	inc	r14
    29c8:	f1 2c       	mov	r15, r1
    29ca:	02 97       	sbiw	r24, 0x02	; 2
    29cc:	09 f0       	breq	.+2      	; 0x29d0 <.Loc.216>

000029ce <L0^A>:
    29ce:	d5 ce       	rjmp	.-598    	; 0x277a <.L30>

000029d0 <.Loc.216>:
		}


	}
}
    29d0:	64 96       	adiw	r28, 0x14	; 20
    29d2:	0f b6       	in	r0, 0x3f	; 63
    29d4:	f8 94       	cli
    29d6:	de bf       	out	0x3e, r29	; 62
    29d8:	0f be       	out	0x3f, r0	; 63
    29da:	cd bf       	out	0x3d, r28	; 61
    29dc:	df 91       	pop	r29
    29de:	cf 91       	pop	r28
    29e0:	1f 91       	pop	r17
    29e2:	0f 91       	pop	r16
    29e4:	ff 90       	pop	r15
    29e6:	ef 90       	pop	r14
    29e8:	df 90       	pop	r13
    29ea:	cf 90       	pop	r12
    29ec:	bf 90       	pop	r11
    29ee:	af 90       	pop	r10
    29f0:	9f 90       	pop	r9
    29f2:	8f 90       	pop	r8
    29f4:	7f 90       	pop	r7
    29f6:	6f 90       	pop	r6
    29f8:	5f 90       	pop	r5
    29fa:	4f 90       	pop	r4
    29fc:	3f 90       	pop	r3
    29fe:	08 95       	ret

00002a00 <.L17>:
					fryer.basket[i].bf.user_startStop = FRYER_COOKCYCLE_USER_STOPPED;
    2a00:	8e 7f       	andi	r24, 0xFE	; 254
    2a02:	80 83       	st	Z, r24

00002a04 <.Loc.219>:
					fryer.basket[i].cookCycle.bf.on = 0;
    2a04:	f9 01       	movw	r30, r18
    2a06:	80 81       	ld	r24, Z
    2a08:	8e 7f       	andi	r24, 0xFE	; 254
    2a0a:	80 83       	st	Z, r24

00002a0c <.Loc.221>:
					eeprom_read_block((struct _t *)(&fryer.basket[i].cookCycle.time), (struct _t *)(&COOKTIME[i]), sizeof(struct _t));
    2a0c:	28 01       	movw	r4, r16
    2a0e:	fa e0       	ldi	r31, 0x0A	; 10
    2a10:	4f 0e       	add	r4, r31
    2a12:	51 1c       	adc	r5, r1

00002a14 <.Loc.223>:
    2a14:	42 e0       	ldi	r20, 0x02	; 2
    2a16:	50 e0       	ldi	r21, 0x00	; 0
    2a18:	b4 01       	movw	r22, r8
    2a1a:	c2 01       	movw	r24, r4
    2a1c:	0e 94 5d 1b 	call	0x36ba	; 0x36ba <eeprom_read_block>

00002a20 <.LVL59>:
					fryer.basket[i].cookCycle.counterTicks = 0x00;
    2a20:	d8 01       	movw	r26, r16
    2a22:	1c 96       	adiw	r26, 0x0c	; 12
    2a24:	1d 92       	st	X+, r1
    2a26:	1d 92       	st	X+, r1

00002a28 <.Loc.226>:
					fryer.basket[i].cookCycle.bf.forceCheckControl = 1;
    2a28:	f5 01       	movw	r30, r10
    2a2a:	80 81       	ld	r24, Z
    2a2c:	82 60       	ori	r24, 0x02	; 2
    2a2e:	80 83       	st	Z, r24

00002a30 <.Loc.228>:
					fryer.basket[i].display.owner = DISPLAY_TIMING;
    2a30:	1b 97       	sbiw	r26, 0x0b	; 11
    2a32:	1c 92       	st	X, r1

00002a34 <.Loc.230>:
					fryer.basket[i].display.bf.print_cookCycle = 1;
    2a34:	f3 01       	movw	r30, r6
    2a36:	e8 5d       	subi	r30, 0xD8	; 216
    2a38:	f8 4f       	sbci	r31, 0xF8	; 248
    2a3a:	80 81       	ld	r24, Z
    2a3c:	81 60       	ori	r24, 0x01	; 1
    2a3e:	80 83       	st	Z, r24

00002a40 <.Loc.232>:
					fryer.basket[i].cookCycle.bf.blinkDone = 0;
    2a40:	d5 01       	movw	r26, r10
    2a42:	8c 91       	ld	r24, X
    2a44:	8b 7f       	andi	r24, 0xFB	; 251
    2a46:	8c 93       	st	X, r24

00002a48 <.Loc.234>:
					if ((fryer.basket[i].display.bf.print_cookCycle == 1) && (fryer.viewmode == FRYER_VIEWMODE_COOK))
    2a48:	80 91 5b 07 	lds	r24, 0x075B	; 0x80075b <fryer+0x35>
    2a4c:	81 30       	cpi	r24, 0x01	; 1
    2a4e:	69 f4       	brne	.+26     	; 0x2a6a <.L18>

00002a50 <.Loc.236>:
						build_cookCycle_string(&fryer.basket[i].cookCycle.time, str);
    2a50:	be 01       	movw	r22, r28
    2a52:	6f 5f       	subi	r22, 0xFF	; 255
    2a54:	7f 4f       	sbci	r23, 0xFF	; 255
    2a56:	c2 01       	movw	r24, r4
    2a58:	0e 94 69 12 	call	0x24d2	; 0x24d2 <build_cookCycle_string>

00002a5c <.LVL60>:
						disp7s_update_data_array(str, fryer.basket[i].display.cursor.x, BASKET_DISP_MAX_CHARS_PERBASKET);
    2a5c:	44 e0       	ldi	r20, 0x04	; 4
    2a5e:	f8 01       	movw	r30, r16
    2a60:	60 81       	ld	r22, Z
    2a62:	ce 01       	movw	r24, r28
    2a64:	01 96       	adiw	r24, 0x01	; 1
    2a66:	0e 94 ea 0d 	call	0x1bd4	; 0x1bd4 <disp7s_update_data_array>

00002a6a <.L18>:
					indicator_off();
    2a6a:	0e 94 3e 06 	call	0xc7c	; 0xc7c <indicator_off>

00002a6e <.LVL62>:
    2a6e:	38 cf       	rjmp	.-400    	; 0x28e0 <.L16>

00002a70 <.L14>:
		else if (fryer.basket[i].kbmode == KBMODE_EDIT_COOKCYCLE)
    2a70:	09 f0       	breq	.+2      	; 0x2a74 <.Loc.241>

00002a72 <L0^A>:
    2a72:	36 cf       	rjmp	.-404    	; 0x28e0 <.L16>

00002a74 <.Loc.241>:
			if (ikb_key_is_ready2read(fryer.basket[i].kb.startStop ) )
    2a74:	d8 01       	movw	r26, r16
    2a76:	14 96       	adiw	r26, 0x04	; 4
    2a78:	8c 91       	ld	r24, X
    2a7a:	0e 94 66 07 	call	0xecc	; 0xecc <ikb_key_is_ready2read>

00002a7e <.LVL63>:
    2a7e:	81 15       	cp	r24, r1
    2a80:	09 f4       	brne	.+2      	; 0x2a84 <.Loc.244>

00002a82 <L0^A>:
    2a82:	2e cf       	rjmp	.-420    	; 0x28e0 <.L16>

00002a84 <.Loc.244>:
				ikb_key_was_read(fryer.basket[i].kb.startStop);
    2a84:	f8 01       	movw	r30, r16
    2a86:	84 81       	ldd	r24, Z+4	; 0x04
    2a88:	0e 94 7a 07 	call	0xef4	; 0xef4 <ikb_key_was_read>

00002a8c <.LVL64>:
				indicatorTimed_setKSysTickTime_ms(1000/SYSTICK_MS);
    2a8c:	88 ee       	ldi	r24, 0xE8	; 232
    2a8e:	93 e0       	ldi	r25, 0x03	; 3
    2a90:	0e 94 12 06 	call	0xc24	; 0xc24 <indicatorTimed_setKSysTickTime_ms>

00002a94 <.LVL65>:
				indicatorTimed_run();
    2a94:	0e 94 17 06 	call	0xc2e	; 0xc2e <indicatorTimed_run>

00002a98 <.LVL66>:
				fryer.basket[i].bf.user_startStop = FRYER_COOKCYCLE_USER_STARTED;
    2a98:	ee 27       	eor	r30, r30
    2a9a:	ff 27       	eor	r31, r31
    2a9c:	ee 19       	sub	r30, r14
    2a9e:	ff 09       	sbc	r31, r15
    2aa0:	ea 71       	andi	r30, 0x1A	; 26
    2aa2:	f0 e0       	ldi	r31, 0x00	; 0
    2aa4:	ea 5d       	subi	r30, 0xDA	; 218
    2aa6:	f8 4f       	sbci	r31, 0xF8	; 248

00002aa8 <.Loc.249>:
    2aa8:	82 89       	ldd	r24, Z+18	; 0x12
    2aaa:	83 60       	ori	r24, 0x03	; 3
    2aac:	82 8b       	std	Z+18, r24	; 0x12

00002aae <.Loc.250>:
				fryer.basket[i].cookCycle.bf.on = 1;
    2aae:	8a e1       	ldi	r24, 0x1A	; 26
    2ab0:	8e 9d       	mul	r24, r14
    2ab2:	f0 01       	movw	r30, r0
    2ab4:	8f 9d       	mul	r24, r15
    2ab6:	f0 0d       	add	r31, r0
    2ab8:	11 24       	eor	r1, r1
    2aba:	ec 5c       	subi	r30, 0xCC	; 204
    2abc:	f8 4f       	sbci	r31, 0xF8	; 248
    2abe:	80 81       	ld	r24, Z
    2ac0:	81 60       	ori	r24, 0x01	; 1
    2ac2:	80 83       	st	Z, r24
    2ac4:	0d cf       	rjmp	.-486    	; 0x28e0 <.L16>

00002ac6 <.L25>:
						build_cookCycle_string(&basket_temp[i].cookCycle.time, str);
    2ac6:	be 01       	movw	r22, r28
    2ac8:	6f 5f       	subi	r22, 0xFF	; 255
    2aca:	7f 4f       	sbci	r23, 0xFF	; 255
    2acc:	c6 01       	movw	r24, r12
    2ace:	0e 94 69 12 	call	0x24d2	; 0x24d2 <build_cookCycle_string>

00002ad2 <.LVL67>:
						disp7s_update_data_array(str, fryer.basket[i].display.cursor.x, BASKET_DISP_MAX_CHARS_PERBASKET);
    2ad2:	44 e0       	ldi	r20, 0x04	; 4
    2ad4:	f8 01       	movw	r30, r16
    2ad6:	60 81       	ld	r22, Z
    2ad8:	24 cf       	rjmp	.-440    	; 0x2922 <.L44>

00002ada <.L27>:
					fryer.basket[i].cookCycle.editcycle.timerTimeout = 0x0000;
    2ada:	d8 01       	movw	r26, r16
    2adc:	1f 96       	adiw	r26, 0x0f	; 15
    2ade:	1d 92       	st	X+, r1
    2ae0:	1d 92       	st	X+, r1

00002ae2 <.Loc.256>:
					fryer.basket[i].bf.prepareReturnToKBDefault = 1;
    2ae2:	8a e1       	ldi	r24, 0x1A	; 26
    2ae4:	8e 9d       	mul	r24, r14
    2ae6:	90 01       	movw	r18, r0
    2ae8:	8f 9d       	mul	r24, r15
    2aea:	30 0d       	add	r19, r0
    2aec:	11 24       	eor	r1, r1
    2aee:	f9 01       	movw	r30, r18
    2af0:	e8 5c       	subi	r30, 0xC8	; 200
    2af2:	f8 4f       	sbci	r31, 0xF8	; 248
    2af4:	80 81       	ld	r24, Z
    2af6:	82 60       	ori	r24, 0x02	; 2
    2af8:	80 83       	st	Z, r24

00002afa <.Loc.258>:
					if (fryer.basket[i].cookCycle.bf.on == 1)//osea en caliente se cambio el setpoint
    2afa:	2c 5c       	subi	r18, 0xCC	; 204
    2afc:	38 4f       	sbci	r19, 0xF8	; 248
    2afe:	d9 01       	movw	r26, r18
    2b00:	9c 91       	ld	r25, X

00002b02 <.Loc.260>:
    2b02:	90 ff       	sbrs	r25, 0
    2b04:	08 c0       	rjmp	.+16     	; 0x2b16 <.L28>

00002b06 <.Loc.261>:
						cookCycle_hotUpdate(&basket_temp[i].cookCycle.time, &COOKTIME[i], &fryer.basket[i].cookCycle.time);
    2b06:	a8 01       	movw	r20, r16
    2b08:	46 5f       	subi	r20, 0xF6	; 246
    2b0a:	5f 4f       	sbci	r21, 0xFF	; 255
    2b0c:	b4 01       	movw	r22, r8
    2b0e:	c6 01       	movw	r24, r12
    2b10:	0e 94 ab 12 	call	0x2556	; 0x2556 <cookCycle_hotUpdate>

00002b14 <.LVL68>:
    2b14:	1b cf       	rjmp	.-458    	; 0x294c <.L21>

00002b16 <.L28>:
						fryer.basket[i].bf.user_startStop = FRYER_COOKCYCLE_USER_STOPPED;
    2b16:	8e 7f       	andi	r24, 0xFE	; 254
    2b18:	80 83       	st	Z, r24
    2b1a:	18 cf       	rjmp	.-464    	; 0x294c <.L21>

00002b1c <p2>:
void p2(void)
{
    2b1c:	cf 92       	push	r12
    2b1e:	df 92       	push	r13
    2b20:	ef 92       	push	r14
    2b22:	ff 92       	push	r15
    2b24:	0f 93       	push	r16
    2b26:	1f 93       	push	r17
    2b28:	cf 93       	push	r28
    2b2a:	df 93       	push	r29

00002b2c <.LBB7>:

	//process
	for (int i=0; i<BASKET_MAXSIZE; i++)
    2b2c:	c6 e2       	ldi	r28, 0x26	; 38
    2b2e:	d7 e0       	ldi	r29, 0x07	; 7

00002b30 <.Loc.268>:
    2b30:	00 e0       	ldi	r16, 0x00	; 0
    2b32:	10 e0       	ldi	r17, 0x00	; 0

00002b34 <.L55>:
	{
		blink_set(&fryer.basket[i].blink);
    2b34:	ce 01       	movw	r24, r28
    2b36:	43 96       	adiw	r24, 0x13	; 19
    2b38:	0e 94 f6 0a 	call	0x15ec	; 0x15ec <blink_set>

00002b3c <.LVL71>:

		if (fryer.basket[i].cookCycle.bf.on == 1)
    2b3c:	4a e1       	ldi	r20, 0x1A	; 26
    2b3e:	40 9f       	mul	r20, r16
    2b40:	70 01       	movw	r14, r0
    2b42:	41 9f       	mul	r20, r17
    2b44:	f0 0c       	add	r15, r0
    2b46:	11 24       	eor	r1, r1
    2b48:	c7 01       	movw	r24, r14
    2b4a:	8c 5c       	subi	r24, 0xCC	; 204
    2b4c:	98 4f       	sbci	r25, 0xF8	; 248
    2b4e:	6c 01       	movw	r12, r24
    2b50:	fc 01       	movw	r30, r24
    2b52:	80 81       	ld	r24, Z

00002b54 <.Loc.272>:
    2b54:	80 ff       	sbrs	r24, 0
    2b56:	19 c0       	rjmp	.+50     	; 0x2b8a <.L47>

00002b58 <.Loc.273>:
		{
			if (mainflag.sysTickMs)
    2b58:	80 91 61 07 	lds	r24, 0x0761	; 0x800761 <mainflag>

00002b5c <.Loc.275>:
    2b5c:	80 ff       	sbrs	r24, 0
    2b5e:	0a c0       	rjmp	.+20     	; 0x2b74 <.L48>

00002b60 <.Loc.276>:
			{
				if (++fryer.basket[i].cookCycle.counterTicks == (1000/SYSTICK_MS) )//update cada 1s
    2b60:	8c 85       	ldd	r24, Y+12	; 0x0c
    2b62:	9d 85       	ldd	r25, Y+13	; 0x0d
    2b64:	9c 01       	movw	r18, r24
    2b66:	2f 5f       	subi	r18, 0xFF	; 255
    2b68:	3f 4f       	sbci	r19, 0xFF	; 255

00002b6a <.Loc.278>:
    2b6a:	87 3e       	cpi	r24, 0xE7	; 231
    2b6c:	93 40       	sbci	r25, 0x03	; 3
    2b6e:	e9 f0       	breq	.+58     	; 0x2baa <.L49>
    2b70:	2c 87       	std	Y+12, r18	; 0x0c
    2b72:	3d 87       	std	Y+13, r19	; 0x0d

00002b74 <.L48>:
					}
					//
				}
			}
			//
			if (fryer.basket[i].cookCycle.bf.forceCheckControl == 1)
    2b74:	8a e1       	ldi	r24, 0x1A	; 26
    2b76:	80 9f       	mul	r24, r16
    2b78:	f0 01       	movw	r30, r0
    2b7a:	81 9f       	mul	r24, r17
    2b7c:	f0 0d       	add	r31, r0
    2b7e:	11 24       	eor	r1, r1
    2b80:	ec 5c       	subi	r30, 0xCC	; 204
    2b82:	f8 4f       	sbci	r31, 0xF8	; 248
    2b84:	80 81       	ld	r24, Z

00002b86 <.Loc.281>:
    2b86:	81 fd       	sbrc	r24, 1
    2b88:	23 c0       	rjmp	.+70     	; 0x2bd0 <.L50>

00002b8a <.L47>:
	for (int i=0; i<BASKET_MAXSIZE; i++)
    2b8a:	c8 01       	movw	r24, r16
    2b8c:	01 96       	adiw	r24, 0x01	; 1

00002b8e <.Loc.283>:
    2b8e:	6a 96       	adiw	r28, 0x1a	; 26
    2b90:	01 e0       	ldi	r16, 0x01	; 1
    2b92:	10 e0       	ldi	r17, 0x00	; 0
    2b94:	02 97       	sbiw	r24, 0x02	; 2
    2b96:	71 f6       	brne	.-100    	; 0x2b34 <.L55>

00002b98 <.Loc.284>:
		}



	}
}
    2b98:	df 91       	pop	r29
    2b9a:	cf 91       	pop	r28
    2b9c:	1f 91       	pop	r17
    2b9e:	0f 91       	pop	r16
    2ba0:	ff 90       	pop	r15
    2ba2:	ef 90       	pop	r14
    2ba4:	df 90       	pop	r13
    2ba6:	cf 90       	pop	r12
    2ba8:	08 95       	ret

00002baa <.L49>:
					fryer.basket[i].cookCycle.counterTicks = 0x00;
    2baa:	1c 86       	std	Y+12, r1	; 0x0c
    2bac:	1d 86       	std	Y+13, r1	; 0x0d

00002bae <.Loc.287>:
					time_dec(&fryer.basket[i].cookCycle.time);
    2bae:	ce 01       	movw	r24, r28
    2bb0:	0a 96       	adiw	r24, 0x0a	; 10
    2bb2:	0e 94 54 01 	call	0x2a8	; 0x2a8 <time_dec>

00002bb6 <.LVL74>:
					fryer.basket[i].cookCycle.bf.forceCheckControl = 1;
    2bb6:	f6 01       	movw	r30, r12
    2bb8:	80 81       	ld	r24, Z
    2bba:	82 60       	ori	r24, 0x02	; 2
    2bbc:	80 83       	st	Z, r24

00002bbe <.Loc.290>:
					if (fryer.basket[i].display.owner == DISPLAY_TIMING)
    2bbe:	8b 81       	ldd	r24, Y+3	; 0x03
    2bc0:	81 11       	cpse	r24, r1
    2bc2:	06 c0       	rjmp	.+12     	; 0x2bd0 <.L50>

00002bc4 <.Loc.292>:
						fryer.basket[i].display.bf.print_cookCycle = 1;
    2bc4:	f7 01       	movw	r30, r14
    2bc6:	e8 5d       	subi	r30, 0xD8	; 216
    2bc8:	f8 4f       	sbci	r31, 0xF8	; 248
    2bca:	80 81       	ld	r24, Z
    2bcc:	81 60       	ori	r24, 0x01	; 1
    2bce:	80 83       	st	Z, r24

00002bd0 <.L50>:
				if (fryer.basket[i].cookCycle.time.sec == 0)
    2bd0:	8b 85       	ldd	r24, Y+11	; 0x0b
    2bd2:	81 11       	cpse	r24, r1
    2bd4:	34 c0       	rjmp	.+104    	; 0x2c3e <.L52>

00002bd6 <.Loc.297>:
					if (fryer.basket[i].cookCycle.time.min == 0)
    2bd6:	8a 85       	ldd	r24, Y+10	; 0x0a
    2bd8:	81 11       	cpse	r24, r1
    2bda:	31 c0       	rjmp	.+98     	; 0x2c3e <.L52>

00002bdc <.LBB8>:
						fryer.basket[i].cookCycle.bf.on = 0;
    2bdc:	ea e1       	ldi	r30, 0x1A	; 26
    2bde:	e0 9f       	mul	r30, r16
    2be0:	d0 01       	movw	r26, r0
    2be2:	e1 9f       	mul	r30, r17
    2be4:	b0 0d       	add	r27, r0
    2be6:	11 24       	eor	r1, r1
    2be8:	ac 5c       	subi	r26, 0xCC	; 204
    2bea:	b8 4f       	sbci	r27, 0xF8	; 248
    2bec:	8c 91       	ld	r24, X
    2bee:	8e 7f       	andi	r24, 0xFE	; 254
    2bf0:	8c 93       	st	X, r24

00002bf2 <.LVL75>:
												uint8_t i_next = ( (i+1) & 0x01);
    2bf2:	81 e0       	ldi	r24, 0x01	; 1
    2bf4:	80 0f       	add	r24, r16

00002bf6 <.Loc.304>:
    2bf6:	81 70       	andi	r24, 0x01	; 1

00002bf8 <.Loc.305>:
												if (fryer.basket[i_next].cookCycle.bf.blinkDone == 1)// quiere decir que
    2bf8:	e8 9f       	mul	r30, r24
    2bfa:	f0 01       	movw	r30, r0
    2bfc:	11 24       	eor	r1, r1
    2bfe:	df 01       	movw	r26, r30
    2c00:	ac 5c       	subi	r26, 0xCC	; 204
    2c02:	b8 4f       	sbci	r27, 0xF8	; 248
    2c04:	8c 91       	ld	r24, X

00002c06 <.Loc.306>:
    2c06:	82 ff       	sbrs	r24, 2
    2c08:	26 c0       	rjmp	.+76     	; 0x2c56 <.L53>

00002c0a <.Loc.307>:
													fryer.basket[i].blink = fryer.basket[i_next].blink;
    2c0a:	e7 5c       	subi	r30, 0xC7	; 199
    2c0c:	f8 4f       	sbci	r31, 0xF8	; 248
    2c0e:	87 e0       	ldi	r24, 0x07	; 7
    2c10:	de 01       	movw	r26, r28
    2c12:	53 96       	adiw	r26, 0x13	; 19

00002c14 <.L0^B1>:
    2c14:	01 90       	ld	r0, Z+
    2c16:	0d 92       	st	X+, r0
    2c18:	8a 95       	dec	r24
    2c1a:	e1 f7       	brne	.-8      	; 0x2c14 <.L0^B1>

00002c1c <.L54>:
						fryer.basket[i].display.bf.print_cookCycle = 0;
    2c1c:	8a e1       	ldi	r24, 0x1A	; 26
    2c1e:	80 9f       	mul	r24, r16
    2c20:	f0 01       	movw	r30, r0
    2c22:	81 9f       	mul	r24, r17
    2c24:	f0 0d       	add	r31, r0
    2c26:	11 24       	eor	r1, r1
    2c28:	df 01       	movw	r26, r30
    2c2a:	a8 5d       	subi	r26, 0xD8	; 216
    2c2c:	b8 4f       	sbci	r27, 0xF8	; 248
    2c2e:	8c 91       	ld	r24, X
    2c30:	8e 7f       	andi	r24, 0xFE	; 254
    2c32:	8c 93       	st	X, r24

00002c34 <.Loc.311>:
						fryer.basket[i].cookCycle.bf.blinkDone = 1;
    2c34:	ec 5c       	subi	r30, 0xCC	; 204
    2c36:	f8 4f       	sbci	r31, 0xF8	; 248
    2c38:	80 81       	ld	r24, Z
    2c3a:	84 60       	ori	r24, 0x04	; 4
    2c3c:	80 83       	st	Z, r24

00002c3e <.L52>:
				fryer.basket[i].cookCycle.bf.forceCheckControl = 0x00;
    2c3e:	8a e1       	ldi	r24, 0x1A	; 26
    2c40:	80 9f       	mul	r24, r16
    2c42:	f0 01       	movw	r30, r0
    2c44:	81 9f       	mul	r24, r17
    2c46:	f0 0d       	add	r31, r0
    2c48:	11 24       	eor	r1, r1
    2c4a:	ec 5c       	subi	r30, 0xCC	; 204
    2c4c:	f8 4f       	sbci	r31, 0xF8	; 248
    2c4e:	80 81       	ld	r24, Z
    2c50:	8d 7f       	andi	r24, 0xFD	; 253
    2c52:	80 83       	st	Z, r24
    2c54:	9a cf       	rjmp	.-204    	; 0x2b8a <.L47>

00002c56 <.L53>:
													blink_reset(BLINK_TOGGLE_SET_TEXT);
    2c56:	81 e0       	ldi	r24, 0x01	; 1
    2c58:	0e 94 fb 0a 	call	0x15f6	; 0x15f6 <blink_reset>

00002c5c <.LVL78>:
    2c5c:	df cf       	rjmp	.-66     	; 0x2c1c <.L54>

00002c5e <p3>:
void p3(void)
{
    2c5e:	cf 92       	push	r12
    2c60:	df 92       	push	r13
    2c62:	ef 92       	push	r14
    2c64:	ff 92       	push	r15
    2c66:	0f 93       	push	r16
    2c68:	1f 93       	push	r17
    2c6a:	cf 93       	push	r28
    2c6c:	df 93       	push	r29
    2c6e:	cd b7       	in	r28, 0x3d	; 61
    2c70:	de b7       	in	r29, 0x3e	; 62
    2c72:	64 97       	sbiw	r28, 0x14	; 20
    2c74:	0f b6       	in	r0, 0x3f	; 63
    2c76:	f8 94       	cli
    2c78:	de bf       	out	0x3e, r29	; 62
    2c7a:	0f be       	out	0x3f, r0	; 63
    2c7c:	cd bf       	out	0x3d, r28	; 61

00002c7e <.LBB11>:
	unsigned char str[20];
	for (int i=0; i<BASKET_MAXSIZE; i++)
    2c7e:	06 e2       	ldi	r16, 0x26	; 38
    2c80:	17 e0       	ldi	r17, 0x07	; 7

00002c82 <.Loc.322>:
    2c82:	e1 2c       	mov	r14, r1
    2c84:	f1 2c       	mov	r15, r1

00002c86 <.L71>:
	{
		blink_set(&fryer.basket[i].blink);
    2c86:	c8 01       	movw	r24, r16
    2c88:	43 96       	adiw	r24, 0x13	; 19
    2c8a:	0e 94 f6 0a 	call	0x15ec	; 0x15ec <blink_set>

00002c8e <.LVL81>:

		//print timing decrement mm:ss
		//if (fryer.basket[i].display.owner == DISPLAY_TIMING)
		if ((fryer.basket[i].display.owner == DISPLAY_TIMING) && (fryer.viewmode == FRYER_VIEWMODE_COOK))
    2c8e:	f8 01       	movw	r30, r16
    2c90:	83 81       	ldd	r24, Z+3	; 0x03
    2c92:	81 11       	cpse	r24, r1
    2c94:	46 c0       	rjmp	.+140    	; 0x2d22 <.L67>

00002c96 <.Loc.326>:
    2c96:	80 91 5b 07 	lds	r24, 0x075B	; 0x80075b <fryer+0x35>
    2c9a:	81 30       	cpi	r24, 0x01	; 1
    2c9c:	09 f0       	breq	.+2      	; 0x2ca0 <.Loc.327>

00002c9e <L0^A>:
    2c9e:	41 c0       	rjmp	.+130    	; 0x2d22 <.L67>

00002ca0 <.Loc.327>:
		{
			if (fryer.basket[i].display.bf.print_cookCycle == 1)
    2ca0:	2a e1       	ldi	r18, 0x1A	; 26
    2ca2:	2e 9d       	mul	r18, r14
    2ca4:	c0 01       	movw	r24, r0
    2ca6:	2f 9d       	mul	r18, r15
    2ca8:	90 0d       	add	r25, r0
    2caa:	11 24       	eor	r1, r1
    2cac:	9c 01       	movw	r18, r24
    2cae:	28 5d       	subi	r18, 0xD8	; 216
    2cb0:	38 4f       	sbci	r19, 0xF8	; 248
    2cb2:	69 01       	movw	r12, r18
    2cb4:	f9 01       	movw	r30, r18
    2cb6:	80 81       	ld	r24, Z

00002cb8 <.Loc.329>:
    2cb8:	80 ff       	sbrs	r24, 0
    2cba:	12 c0       	rjmp	.+36     	; 0x2ce0 <.L69>

00002cbc <.Loc.330>:
			{
				build_cookCycle_string(&fryer.basket[i].cookCycle.time, str);
    2cbc:	be 01       	movw	r22, r28
    2cbe:	6f 5f       	subi	r22, 0xFF	; 255
    2cc0:	7f 4f       	sbci	r23, 0xFF	; 255
    2cc2:	c8 01       	movw	r24, r16
    2cc4:	0a 96       	adiw	r24, 0x0a	; 10
    2cc6:	0e 94 69 12 	call	0x24d2	; 0x24d2 <build_cookCycle_string>

00002cca <.LVL82>:

				disp7s_update_data_array(str, fryer.basket[i].display.cursor.x, BASKET_DISP_MAX_CHARS_PERBASKET);
    2cca:	44 e0       	ldi	r20, 0x04	; 4
    2ccc:	f8 01       	movw	r30, r16
    2cce:	60 81       	ld	r22, Z
    2cd0:	ce 01       	movw	r24, r28
    2cd2:	01 96       	adiw	r24, 0x01	; 1
    2cd4:	0e 94 ea 0d 	call	0x1bd4	; 0x1bd4 <disp7s_update_data_array>

00002cd8 <.LVL83>:
				//
				fryer.basket[i].display.bf.print_cookCycle = 0;
    2cd8:	f6 01       	movw	r30, r12
    2cda:	80 81       	ld	r24, Z
    2cdc:	8e 7f       	andi	r24, 0xFE	; 254
    2cde:	80 83       	st	Z, r24

00002ce0 <.L69>:
			}
			//blink
			if (fryer.basket[i].cookCycle.bf.blinkDone == 1)
    2ce0:	2a e1       	ldi	r18, 0x1A	; 26
    2ce2:	2e 9d       	mul	r18, r14
    2ce4:	c0 01       	movw	r24, r0
    2ce6:	2f 9d       	mul	r18, r15
    2ce8:	90 0d       	add	r25, r0
    2cea:	11 24       	eor	r1, r1
    2cec:	fc 01       	movw	r30, r24
    2cee:	ec 5c       	subi	r30, 0xCC	; 204
    2cf0:	f8 4f       	sbci	r31, 0xF8	; 248
    2cf2:	20 81       	ld	r18, Z

00002cf4 <.Loc.336>:
    2cf4:	22 ff       	sbrs	r18, 2
    2cf6:	15 c0       	rjmp	.+42     	; 0x2d22 <.L67>

00002cf8 <.Loc.337>:
			{
				if (fryer.basket[i].blink.bf.toggle == BLINK_TOGGLE_SET_BLANK)
    2cf8:	83 5c       	subi	r24, 0xC3	; 195
    2cfa:	98 4f       	sbci	r25, 0xF8	; 248
    2cfc:	fc 01       	movw	r30, r24
    2cfe:	80 81       	ld	r24, Z

00002d00 <.Loc.339>:
    2d00:	80 fd       	sbrc	r24, 0
    2d02:	28 c0       	rjmp	.+80     	; 0x2d54 <.L70>

00002d04 <.Loc.340>:
				{
					disp7s_blank_displays(str,0,BASKET_DISP_MAX_CHARS_PERBASKET);
    2d04:	44 e0       	ldi	r20, 0x04	; 4
    2d06:	60 e0       	ldi	r22, 0x00	; 0
    2d08:	ce 01       	movw	r24, r28
    2d0a:	01 96       	adiw	r24, 0x01	; 1
    2d0c:	0e 94 d6 0d 	call	0x1bac	; 0x1bac <disp7s_blank_displays>

00002d10 <.LVL84>:
					disp7s_update_data_array(str, fryer.basket[i].display.cursor.x, BASKET_DISP_MAX_CHARS_PERBASKET);
    2d10:	44 e0       	ldi	r20, 0x04	; 4
    2d12:	f8 01       	movw	r30, r16
    2d14:	60 81       	ld	r22, Z
    2d16:	ce 01       	movw	r24, r28
    2d18:	01 96       	adiw	r24, 0x01	; 1
    2d1a:	0e 94 ea 0d 	call	0x1bd4	; 0x1bd4 <disp7s_update_data_array>

00002d1e <.LVL85>:

					//added agosto 2023
					indicator_on();
    2d1e:	0e 94 2f 06 	call	0xc5e	; 0xc5e <indicator_on>

00002d22 <.L67>:
	for (int i=0; i<BASKET_MAXSIZE; i++)
    2d22:	c7 01       	movw	r24, r14
    2d24:	01 96       	adiw	r24, 0x01	; 1

00002d26 <.Loc.344>:
    2d26:	06 5e       	subi	r16, 0xE6	; 230
    2d28:	1f 4f       	sbci	r17, 0xFF	; 255
    2d2a:	ee 24       	eor	r14, r14
    2d2c:	e3 94       	inc	r14
    2d2e:	f1 2c       	mov	r15, r1
    2d30:	02 97       	sbiw	r24, 0x02	; 2
    2d32:	09 f0       	breq	.+2      	; 0x2d36 <.Loc.345>

00002d34 <L0^A>:
    2d34:	a8 cf       	rjmp	.-176    	; 0x2c86 <.L71>

00002d36 <.Loc.345>:
					indicator_off();
				}
			}
		}
	}
}
    2d36:	64 96       	adiw	r28, 0x14	; 20
    2d38:	0f b6       	in	r0, 0x3f	; 63
    2d3a:	f8 94       	cli
    2d3c:	de bf       	out	0x3e, r29	; 62
    2d3e:	0f be       	out	0x3f, r0	; 63
    2d40:	cd bf       	out	0x3d, r28	; 61
    2d42:	df 91       	pop	r29
    2d44:	cf 91       	pop	r28
    2d46:	1f 91       	pop	r17
    2d48:	0f 91       	pop	r16
    2d4a:	ff 90       	pop	r15
    2d4c:	ef 90       	pop	r14
    2d4e:	df 90       	pop	r13
    2d50:	cf 90       	pop	r12
    2d52:	08 95       	ret

00002d54 <.L70>:
					strncpy(str,DIPS7S_MSG_donE,BASKET_DISP_MAX_CHARS_PERBASKET);
    2d54:	44 e0       	ldi	r20, 0x04	; 4
    2d56:	50 e0       	ldi	r21, 0x00	; 0
    2d58:	6d ec       	ldi	r22, 0xCD	; 205
    2d5a:	74 e0       	ldi	r23, 0x04	; 4
    2d5c:	ce 01       	movw	r24, r28
    2d5e:	01 96       	adiw	r24, 0x01	; 1
    2d60:	0e 94 45 1b 	call	0x368a	; 0x368a <strncpy>

00002d64 <.LVL89>:
					disp7s_update_data_array(str, fryer.basket[i].display.cursor.x, BASKET_DISP_MAX_CHARS_PERBASKET);
    2d64:	44 e0       	ldi	r20, 0x04	; 4
    2d66:	f8 01       	movw	r30, r16
    2d68:	60 81       	ld	r22, Z
    2d6a:	ce 01       	movw	r24, r28
    2d6c:	01 96       	adiw	r24, 0x01	; 1
    2d6e:	0e 94 ea 0d 	call	0x1bd4	; 0x1bd4 <disp7s_update_data_array>

00002d72 <.LVL90>:
					indicator_off();
    2d72:	0e 94 3e 06 	call	0xc7c	; 0xc7c <indicator_off>

00002d76 <.LVL91>:
    2d76:	d5 cf       	rjmp	.-86     	; 0x2d22 <.L67>

00002d78 <psmode_operative>:

void psmode_operative(void)
{
	if (fryer.ps_operative.sm0 == 0)
    2d78:	80 91 5d 07 	lds	r24, 0x075D	; 0x80075d <fryer+0x37>
    2d7c:	81 11       	cpse	r24, r1
    2d7e:	07 c0       	rjmp	.+14     	; 0x2d8e <.L74>

00002d80 <.Loc.352>:
	{
		psmode_operative_init();
    2d80:	0e 94 0e 13 	call	0x261c	; 0x261c <psmode_operative_init>

00002d84 <.LVL92>:
		fryer.ps_operative.sm0++;
    2d84:	80 91 5d 07 	lds	r24, 0x075D	; 0x80075d <fryer+0x37>
    2d88:	8f 5f       	subi	r24, 0xFF	; 255
    2d8a:	80 93 5d 07 	sts	0x075D, r24	; 0x80075d <fryer+0x37>

00002d8e <.L74>:
	}


	if (fryer.viewmode == FRYER_VIEWMODE_COOK)
    2d8e:	80 91 5b 07 	lds	r24, 0x075B	; 0x80075b <fryer+0x35>
    2d92:	81 30       	cpi	r24, 0x01	; 1
    2d94:	11 f4       	brne	.+4      	; 0x2d9a <.L75>

00002d96 <.Loc.357>:
	{
		p1();
    2d96:	0e 94 96 13 	call	0x272c	; 0x272c <p1>

00002d9a <.L75>:
	}

	p2();
    2d9a:	0e 94 8e 15 	call	0x2b1c	; 0x2b1c <p2>

00002d9e <.LVL94>:

	if (fryer.viewmode == FRYER_VIEWMODE_COOK)
    2d9e:	80 91 5b 07 	lds	r24, 0x075B	; 0x80075b <fryer+0x35>
    2da2:	81 30       	cpi	r24, 0x01	; 1
    2da4:	c1 f4       	brne	.+48     	; 0x2dd6 <.L73>

00002da6 <.Loc.361>:
	{
		p3();
    2da6:	0e 94 2f 16 	call	0x2c5e	; 0x2c5e <p3>

00002daa <.LVL95>:
	}

	if (fryer.viewmode == FRYER_VIEWMODE_COOK)
    2daa:	80 91 5b 07 	lds	r24, 0x075B	; 0x80075b <fryer+0x35>
    2dae:	81 30       	cpi	r24, 0x01	; 1
    2db0:	91 f4       	brne	.+36     	; 0x2dd6 <.L73>

00002db2 <.LBB13>:
	{
		for (int i=0; i<BASKET_MAXSIZE; i++)
		{
			blink_set(&fryer.basket[i].blink);
    2db2:	89 e3       	ldi	r24, 0x39	; 57
    2db4:	97 e0       	ldi	r25, 0x07	; 7
    2db6:	0e 94 f6 0a 	call	0x15ec	; 0x15ec <blink_set>

00002dba <.LVL97>:
			//
			//+++++++++++++++++++++++++++++++++++++++++++++++++
			//es necesario que este dentro del for() xq se cambia el puntero
			//de la estructura correspondiente a cada canastilla
			if (mainflag.sysTickMs)
    2dba:	80 91 61 07 	lds	r24, 0x0761	; 0x800761 <mainflag>

00002dbe <.Loc.367>:
    2dbe:	80 fd       	sbrc	r24, 0

00002dc0 <.Loc.368>:
			{
				blink_timing();
    2dc0:	0e 94 08 0b 	call	0x1610	; 0x1610 <blink_timing>

00002dc4 <.LVL98>:
			blink_set(&fryer.basket[i].blink);
    2dc4:	83 e5       	ldi	r24, 0x53	; 83
    2dc6:	97 e0       	ldi	r25, 0x07	; 7
    2dc8:	0e 94 f6 0a 	call	0x15ec	; 0x15ec <blink_set>

00002dcc <.LVL99>:
			if (mainflag.sysTickMs)
    2dcc:	80 91 61 07 	lds	r24, 0x0761	; 0x800761 <mainflag>

00002dd0 <.Loc.374>:
    2dd0:	80 fd       	sbrc	r24, 0

00002dd2 <.Loc.375>:
				blink_timing();
    2dd2:	0c 94 08 0b 	jmp	0x1610	; 0x1610 <blink_timing>

00002dd6 <.L73>:
			indicator_setKSysTickTime_ms(75/SYSTICK_MS);
			indicator_On();
		}
	}
	*/
}
    2dd6:	08 95       	ret

00002dd8 <psmode_program>:
int blinkIsActive=0;



int8_t psmode_program(void)
{
    2dd8:	0f 93       	push	r16
    2dda:	1f 93       	push	r17
    2ddc:	cf 93       	push	r28
    2dde:	df 93       	push	r29
    2de0:	cd b7       	in	r28, 0x3d	; 61
    2de2:	de b7       	in	r29, 0x3e	; 62
    2de4:	2a 97       	sbiw	r28, 0x0a	; 10
    2de6:	0f b6       	in	r0, 0x3f	; 63
    2de8:	f8 94       	cli
    2dea:	de bf       	out	0x3e, r29	; 62
    2dec:	0f be       	out	0x3f, r0	; 63
    2dee:	cd bf       	out	0x3d, r28	; 61

00002df0 <.LVL0>:
	char codret = 0;
	unsigned char str[10];
	//
	static struct _blink blink;
	blink_set(&blink);
    2df0:	87 e9       	ldi	r24, 0x97	; 151
    2df2:	97 e0       	ldi	r25, 0x07	; 7
    2df4:	0e 94 f6 0a 	call	0x15ec	; 0x15ec <blink_set>

00002df8 <.LVL1>:
	//

	//fryer.ps_program.sm0 avanza por la tecla e internamente
	if (fryer.ps_program.sm0 == 0)
    2df8:	80 91 5c 07 	lds	r24, 0x075C	; 0x80075c <fryer+0x36>

00002dfc <.Loc.7>:
    2dfc:	81 30       	cpi	r24, 0x01	; 1
    2dfe:	08 f0       	brcs	.+2      	; 0x2e02 <.LBB2>

00002e00 <L0^A>:
    2e00:	72 c0       	rjmp	.+228    	; 0x2ee6 <.L2>

00002e02 <.LBB2>:
	{
		struct _key_prop key_prop = { 0 };
		key_prop = propEmpty;
    2e02:	86 e0       	ldi	r24, 0x06	; 6
    2e04:	ee e8       	ldi	r30, 0x8E	; 142
    2e06:	f0 e0       	ldi	r31, 0x00	; 0
    2e08:	de 01       	movw	r26, r28
    2e0a:	11 96       	adiw	r26, 0x01	; 1

00002e0c <.L0^B1>:
    2e0c:	01 90       	ld	r0, Z+
    2e0e:	0d 92       	st	X+, r0
    2e10:	8a 95       	dec	r24
    2e12:	e1 f7       	brne	.-8      	; 0x2e0c <.L0^B1>

00002e14 <.Loc.11>:
		key_prop.uFlag.f.onKeyPressed = 1;
    2e14:	89 81       	ldd	r24, Y+1	; 0x01
    2e16:	81 60       	ori	r24, 0x01	; 1
    2e18:	89 83       	std	Y+1, r24	; 0x01

00002e1a <.LBB3>:
		for (int i=0; i<BASKET_MAXSIZE; i++)
    2e1a:	06 e2       	ldi	r16, 0x26	; 38
    2e1c:	17 e0       	ldi	r17, 0x07	; 7

00002e1e <.L3>:
		{
			ikb_setKeyProp(fryer.basket[i].kb.program ,key_prop);//
    2e1e:	29 81       	ldd	r18, Y+1	; 0x01
    2e20:	3a 81       	ldd	r19, Y+2	; 0x02
    2e22:	4b 81       	ldd	r20, Y+3	; 0x03
    2e24:	5c 81       	ldd	r21, Y+4	; 0x04
    2e26:	6d 81       	ldd	r22, Y+5	; 0x05
    2e28:	7e 81       	ldd	r23, Y+6	; 0x06
    2e2a:	f8 01       	movw	r30, r16
    2e2c:	80 85       	ldd	r24, Z+8	; 0x08
    2e2e:	0e 94 de 06 	call	0xdbc	; 0xdbc <ikb_setKeyProp>

00002e32 <.LVL4>:
		for (int i=0; i<BASKET_MAXSIZE; i++)
    2e32:	06 5e       	subi	r16, 0xE6	; 230
    2e34:	1f 4f       	sbci	r17, 0xFF	; 255
    2e36:	f7 e0       	ldi	r31, 0x07	; 7
    2e38:	0a 35       	cpi	r16, 0x5A	; 90
    2e3a:	1f 07       	cpc	r17, r31
    2e3c:	81 f7       	brne	.-32     	; 0x2e1e <.L3>

00002e3e <.LBE3>:
		}
//		lcdan_clear();

		fryer.ps_program.sm0++;
    2e3e:	80 91 5c 07 	lds	r24, 0x075C	; 0x80075c <fryer+0x36>
    2e42:	8f 5f       	subi	r24, 0xFF	; 255
    2e44:	80 93 5c 07 	sts	0x075C, r24	; 0x80075c <fryer+0x36>

00002e48 <.Loc.21>:
		//
		blink.timerBlink_K = PSMODE_PROGRAM_BLINK_TIMER_KMAX;
    2e48:	80 e9       	ldi	r24, 0x90	; 144
    2e4a:	91 e0       	ldi	r25, 0x01	; 1
    2e4c:	80 93 99 07 	sts	0x0799, r24	; 0x800799 <blink.0+0x2>
    2e50:	90 93 9a 07 	sts	0x079A, r25	; 0x80079a <blink.0+0x3>

00002e54 <.L4>:
			}
		}
	}

	//--------------------------------------------
	if (blinkIsActive)
    2e54:	80 91 9e 07 	lds	r24, 0x079E	; 0x80079e <blinkIsActive>
    2e58:	90 91 9f 07 	lds	r25, 0x079F	; 0x80079f <blinkIsActive+0x1>
    2e5c:	89 2b       	or	r24, r25
    2e5e:	a9 f0       	breq	.+42     	; 0x2e8a <.L18>

00002e60 <.Loc.25>:
	{
		if (blink.bf.update)
    2e60:	80 91 9b 07 	lds	r24, 0x079B	; 0x80079b <blink.0+0x4>

00002e64 <.Loc.27>:
    2e64:	81 ff       	sbrs	r24, 1
    2e66:	11 c0       	rjmp	.+34     	; 0x2e8a <.L18>

00002e68 <.Loc.28>:
		{
			blink.bf.update = 0;
    2e68:	8d 7f       	andi	r24, 0xFD	; 253
    2e6a:	80 93 9b 07 	sts	0x079B, r24	; 0x80079b <blink.0+0x4>

00002e6e <.Loc.30>:
			//
			if (blink.bf.toggle == BLINK_TOGGLE_SET_BLANK)
    2e6e:	80 fd       	sbrc	r24, 0
    2e70:	c7 c0       	rjmp	.+398    	; 0x3000 <.L19>

00002e72 <.Loc.32>:
			{
//				strcpy(str,"   ");
				disp7s_blank_displays(str,0,BASKET_DISP_MAX_CHARS_PERBASKET);
    2e72:	44 e0       	ldi	r20, 0x04	; 4
    2e74:	60 e0       	ldi	r22, 0x00	; 0
    2e76:	ce 01       	movw	r24, r28
    2e78:	01 96       	adiw	r24, 0x01	; 1
    2e7a:	0e 94 d6 0d 	call	0x1bac	; 0x1bac <disp7s_blank_displays>

00002e7e <.L20>:
				MAX6675_formatText3dig(tmprture_coccion.TC, str);
			}
//			lcdan_set_cursor(DISP_CURSOR_BASKETRIGHT_START_X, 0);
//			lcdan_print_string(str);

			disp7s_update_data_array(str, BASKETRIGHT_DISP_CURSOR_START_X, BASKET_DISP_MAX_CHARS_PERBASKET);
    2e7e:	44 e0       	ldi	r20, 0x04	; 4
    2e80:	64 e0       	ldi	r22, 0x04	; 4
    2e82:	ce 01       	movw	r24, r28
    2e84:	01 96       	adiw	r24, 0x01	; 1
    2e86:	0e 94 ea 0d 	call	0x1bd4	; 0x1bd4 <disp7s_update_data_array>

00002e8a <.L18>:
		}
	}


	//al ultimo q evalue KB PROGRAM
	if (ikb_key_is_ready2read(KB_LYOUT_PROGRAM))
    2e8a:	83 e0       	ldi	r24, 0x03	; 3
    2e8c:	0e 94 66 07 	call	0xecc	; 0xecc <ikb_key_is_ready2read>

00002e90 <.LVL7>:
    2e90:	18 2f       	mov	r17, r24

00002e92 <.Loc.36>:
    2e92:	81 15       	cp	r24, r1
    2e94:	b9 f0       	breq	.+46     	; 0x2ec4 <.L21>

00002e96 <.Loc.37>:
	{
		ikb_key_was_read(KB_LYOUT_PROGRAM);
    2e96:	83 e0       	ldi	r24, 0x03	; 3
    2e98:	0e 94 7a 07 	call	0xef4	; 0xef4 <ikb_key_was_read>

00002e9c <.LVL8>:

		fryer.ps_program.sm0++;
    2e9c:	80 91 5c 07 	lds	r24, 0x075C	; 0x80075c <fryer+0x36>
    2ea0:	8f 5f       	subi	r24, 0xFF	; 255
    2ea2:	80 93 5c 07 	sts	0x075C, r24	; 0x80075c <fryer+0x36>

00002ea6 <.Loc.40>:
		//
		if (fryer.ps_program.sm0 == 3)
    2ea6:	83 30       	cpi	r24, 0x03	; 3
    2ea8:	09 f0       	breq	.+2      	; 0x2eac <.Loc.42>

00002eaa <L0^A>:
    2eaa:	b4 c0       	rjmp	.+360    	; 0x3014 <.L22>

00002eac <.Loc.42>:
		{
			//blink.timerBlink_K = PSMODE_PROGRAM_BLINK_TIMER_KMAX;
			//blink_set(&blink);
			blinkIsActive = 1;
    2eac:	81 e0       	ldi	r24, 0x01	; 1
    2eae:	80 93 9e 07 	sts	0x079E, r24	; 0x80079e <blinkIsActive>
    2eb2:	10 92 9f 07 	sts	0x079F, r1	; 0x80079f <blinkIsActive+0x1>

00002eb6 <.L23>:
	char codret = 0;
    2eb6:	10 e0       	ldi	r17, 0x00	; 0

00002eb8 <.L25>:

			eeprom_update_block((struct _Tcoccion *)&tmprture_coccion , (struct _Tcoccion *)&TMPRTURE_COCCION, sizeof(struct _Tcoccion) );

			blinkIsActive = 0;
		}
		indicatorTimed_setKSysTickTime_ms(80/SYSTICK_MS);
    2eb8:	80 e5       	ldi	r24, 0x50	; 80
    2eba:	90 e0       	ldi	r25, 0x00	; 0
    2ebc:	0e 94 12 06 	call	0xc24	; 0xc24 <indicatorTimed_setKSysTickTime_ms>

00002ec0 <.LVL10>:
		indicatorTimed_run();
    2ec0:	0e 94 17 06 	call	0xc2e	; 0xc2e <indicatorTimed_run>

00002ec4 <.L21>:
	}
	//
	//+++++++++++++++++++++++++++++++++++++++++++++++++
	if (mainflag.sysTickMs)
    2ec4:	80 91 61 07 	lds	r24, 0x0761	; 0x800761 <mainflag>

00002ec8 <.Loc.49>:
    2ec8:	80 fd       	sbrc	r24, 0

00002eca <.Loc.50>:
	{
		blink_timing();
    2eca:	0e 94 08 0b 	call	0x1610	; 0x1610 <blink_timing>

00002ece <.LVL12>:
	}
	//+++++++++++++++++++++++++++++++++++++++++++++++++

	return codret;
}
    2ece:	81 2f       	mov	r24, r17
    2ed0:	2a 96       	adiw	r28, 0x0a	; 10
    2ed2:	0f b6       	in	r0, 0x3f	; 63
    2ed4:	f8 94       	cli
    2ed6:	de bf       	out	0x3e, r29	; 62
    2ed8:	0f be       	out	0x3f, r0	; 63
    2eda:	cd bf       	out	0x3d, r28	; 61
    2edc:	df 91       	pop	r29
    2ede:	cf 91       	pop	r28
    2ee0:	1f 91       	pop	r17

00002ee2 <.Loc.53>:
    2ee2:	0f 91       	pop	r16
    2ee4:	08 95       	ret

00002ee6 <.L2>:
	else if (fryer.ps_program.sm0 == 1)
    2ee6:	61 f4       	brne	.+24     	; 0x2f00 <.L5>

00002ee8 <.Loc.56>:
		disp7s_update_data_array(DIPS7S_MSG_OIL, BASKETLEFT_DISP_CURSOR_START_X, BASKET_DISP_MAX_CHARS_PERBASKET);
    2ee8:	44 e0       	ldi	r20, 0x04	; 4
    2eea:	60 e0       	ldi	r22, 0x00	; 0
    2eec:	89 ec       	ldi	r24, 0xC9	; 201
    2eee:	94 e0       	ldi	r25, 0x04	; 4

00002ef0 <.L41>:
		disp7s_update_data_array(DIPS7S_MSG_SET, BASKETLEFT_DISP_CURSOR_START_X, BASKET_DISP_MAX_CHARS_PERBASKET);
    2ef0:	0e 94 ea 0d 	call	0x1bd4	; 0x1bd4 <disp7s_update_data_array>

00002ef4 <.LVL15>:
		fryer.ps_program.sm0++;
    2ef4:	80 91 5c 07 	lds	r24, 0x075C	; 0x80075c <fryer+0x36>
    2ef8:	8f 5f       	subi	r24, 0xFF	; 255
    2efa:	80 93 5c 07 	sts	0x075C, r24	; 0x80075c <fryer+0x36>
    2efe:	aa cf       	rjmp	.-172    	; 0x2e54 <.L4>

00002f00 <.L5>:
	else if (fryer.ps_program.sm0 == 2)
    2f00:	82 30       	cpi	r24, 0x02	; 2
    2f02:	81 f4       	brne	.+32     	; 0x2f24 <.L6>

00002f04 <.Loc.62>:
		MAX6675_formatText3dig(TCtemperature, str);
    2f04:	be 01       	movw	r22, r28
    2f06:	6f 5f       	subi	r22, 0xFF	; 255
    2f08:	7f 4f       	sbci	r23, 0xFF	; 255
    2f0a:	80 91 dc 06 	lds	r24, 0x06DC	; 0x8006dc <TCtemperature>
    2f0e:	90 91 dd 06 	lds	r25, 0x06DD	; 0x8006dd <TCtemperature+0x1>
    2f12:	0e 94 22 0c 	call	0x1844	; 0x1844 <MAX6675_formatText3dig>

00002f16 <.LVL16>:
		disp7s_update_data_array(str, BASKETRIGHT_DISP_CURSOR_START_X, BASKET_DISP_MAX_CHARS_PERBASKET);
    2f16:	44 e0       	ldi	r20, 0x04	; 4
    2f18:	64 e0       	ldi	r22, 0x04	; 4
    2f1a:	ce 01       	movw	r24, r28
    2f1c:	01 96       	adiw	r24, 0x01	; 1
    2f1e:	0e 94 ea 0d 	call	0x1bd4	; 0x1bd4 <disp7s_update_data_array>

00002f22 <.LVL17>:
    2f22:	98 cf       	rjmp	.-208    	; 0x2e54 <.L4>

00002f24 <.L6>:
	else if (fryer.ps_program.sm0 == 3)
    2f24:	83 30       	cpi	r24, 0x03	; 3
    2f26:	29 f4       	brne	.+10     	; 0x2f32 <.L7>

00002f28 <.Loc.66>:
		disp7s_update_data_array(DIPS7S_MSG_SET, BASKETLEFT_DISP_CURSOR_START_X, BASKET_DISP_MAX_CHARS_PERBASKET);
    2f28:	44 e0       	ldi	r20, 0x04	; 4
    2f2a:	60 e0       	ldi	r22, 0x00	; 0
    2f2c:	85 ec       	ldi	r24, 0xC5	; 197
    2f2e:	94 e0       	ldi	r25, 0x04	; 4
    2f30:	df cf       	rjmp	.-66     	; 0x2ef0 <.L41>

00002f32 <.L7>:
	else if (fryer.ps_program.sm0 == 4)
    2f32:	84 30       	cpi	r24, 0x04	; 4
    2f34:	09 f0       	breq	.+2      	; 0x2f38 <L0^A+0x2>

00002f36 <L0^A>:
    2f36:	8e cf       	rjmp	.-228    	; 0x2e54 <.L4>
    2f38:	06 e2       	ldi	r16, 0x26	; 38
    2f3a:	17 e0       	ldi	r17, 0x07	; 7

00002f3c <.L17>:
			if (ikb_key_is_ready2read(fryer.basket[i].kb.down))
    2f3c:	f8 01       	movw	r30, r16
    2f3e:	86 81       	ldd	r24, Z+6	; 0x06
    2f40:	0e 94 66 07 	call	0xecc	; 0xecc <ikb_key_is_ready2read>

00002f44 <.LVL18>:
    2f44:	81 15       	cp	r24, r1
    2f46:	39 f1       	breq	.+78     	; 0x2f96 <.L10>

00002f48 <.Loc.72>:
				ikb_key_was_read(fryer.basket[i].kb.down);
    2f48:	f8 01       	movw	r30, r16
    2f4a:	86 81       	ldd	r24, Z+6	; 0x06
    2f4c:	0e 94 7a 07 	call	0xef4	; 0xef4 <ikb_key_was_read>

00002f50 <.LVL19>:
				if (!ikb_inReptt(fryer.basket[i].kb.down))
    2f50:	f8 01       	movw	r30, r16
    2f52:	86 81       	ldd	r24, Z+6	; 0x06
    2f54:	0e 94 0f 08 	call	0x101e	; 0x101e <ikb_inReptt>

00002f58 <.LVL20>:
    2f58:	81 11       	cpse	r24, r1
    2f5a:	06 c0       	rjmp	.+12     	; 0x2f68 <.L11>

00002f5c <.Loc.76>:
					indicatorTimed_setKSysTickTime_ms(75/SYSTICK_MS);
    2f5c:	8b e4       	ldi	r24, 0x4B	; 75
    2f5e:	90 e0       	ldi	r25, 0x00	; 0
    2f60:	0e 94 12 06 	call	0xc24	; 0xc24 <indicatorTimed_setKSysTickTime_ms>

00002f64 <.LVL21>:
					indicatorTimed_run();
    2f64:	0e 94 17 06 	call	0xc2e	; 0xc2e <indicatorTimed_run>

00002f68 <.L11>:
				blink_reset(BLINK_TOGGLE_SET_TEXT);
    2f68:	81 e0       	ldi	r24, 0x01	; 1
    2f6a:	0e 94 fb 0a 	call	0x15f6	; 0x15f6 <blink_reset>

00002f6e <.LVL23>:
				if (--tmprture_coccion.TC <= tmprture_coccion.min)
    2f6e:	80 91 a0 07 	lds	r24, 0x07A0	; 0x8007a0 <tmprture_coccion>
    2f72:	90 91 a1 07 	lds	r25, 0x07A1	; 0x8007a1 <tmprture_coccion+0x1>
    2f76:	01 97       	sbiw	r24, 0x01	; 1

00002f78 <.Loc.81>:
    2f78:	80 93 a0 07 	sts	0x07A0, r24	; 0x8007a0 <tmprture_coccion>
    2f7c:	90 93 a1 07 	sts	0x07A1, r25	; 0x8007a1 <tmprture_coccion+0x1>

00002f80 <.Loc.82>:
    2f80:	20 91 a2 07 	lds	r18, 0x07A2	; 0x8007a2 <tmprture_coccion+0x2>
    2f84:	30 91 a3 07 	lds	r19, 0x07A3	; 0x8007a3 <tmprture_coccion+0x3>

00002f88 <.Loc.83>:
    2f88:	28 17       	cp	r18, r24
    2f8a:	39 07       	cpc	r19, r25
    2f8c:	24 f0       	brlt	.+8      	; 0x2f96 <.L10>

00002f8e <.Loc.84>:
					tmprture_coccion.TC = tmprture_coccion.min;
    2f8e:	20 93 a0 07 	sts	0x07A0, r18	; 0x8007a0 <tmprture_coccion>
    2f92:	30 93 a1 07 	sts	0x07A1, r19	; 0x8007a1 <tmprture_coccion+0x1>

00002f96 <.L10>:
			if (ikb_key_is_ready2read(fryer.basket[i].kb.up))
    2f96:	f8 01       	movw	r30, r16
    2f98:	87 81       	ldd	r24, Z+7	; 0x07
    2f9a:	0e 94 66 07 	call	0xecc	; 0xecc <ikb_key_is_ready2read>

00002f9e <.LVL24>:
    2f9e:	81 15       	cp	r24, r1
    2fa0:	39 f1       	breq	.+78     	; 0x2ff0 <.L14>

00002fa2 <.Loc.89>:
				ikb_key_was_read(fryer.basket[i].kb.up);
    2fa2:	f8 01       	movw	r30, r16
    2fa4:	87 81       	ldd	r24, Z+7	; 0x07
    2fa6:	0e 94 7a 07 	call	0xef4	; 0xef4 <ikb_key_was_read>

00002faa <.LVL25>:
				if (!ikb_inReptt(fryer.basket[i].kb.up))
    2faa:	f8 01       	movw	r30, r16
    2fac:	87 81       	ldd	r24, Z+7	; 0x07
    2fae:	0e 94 0f 08 	call	0x101e	; 0x101e <ikb_inReptt>

00002fb2 <.LVL26>:
    2fb2:	81 11       	cpse	r24, r1
    2fb4:	06 c0       	rjmp	.+12     	; 0x2fc2 <.L15>

00002fb6 <.Loc.93>:
					indicatorTimed_setKSysTickTime_ms(75/SYSTICK_MS);
    2fb6:	8b e4       	ldi	r24, 0x4B	; 75
    2fb8:	90 e0       	ldi	r25, 0x00	; 0
    2fba:	0e 94 12 06 	call	0xc24	; 0xc24 <indicatorTimed_setKSysTickTime_ms>

00002fbe <.LVL27>:
					indicatorTimed_run();
    2fbe:	0e 94 17 06 	call	0xc2e	; 0xc2e <indicatorTimed_run>

00002fc2 <.L15>:
				blink_reset(BLINK_TOGGLE_SET_TEXT);
    2fc2:	81 e0       	ldi	r24, 0x01	; 1
    2fc4:	0e 94 fb 0a 	call	0x15f6	; 0x15f6 <blink_reset>

00002fc8 <.LVL29>:
				if (++tmprture_coccion.TC >= tmprture_coccion.max)
    2fc8:	80 91 a0 07 	lds	r24, 0x07A0	; 0x8007a0 <tmprture_coccion>
    2fcc:	90 91 a1 07 	lds	r25, 0x07A1	; 0x8007a1 <tmprture_coccion+0x1>
    2fd0:	01 96       	adiw	r24, 0x01	; 1

00002fd2 <.Loc.98>:
    2fd2:	80 93 a0 07 	sts	0x07A0, r24	; 0x8007a0 <tmprture_coccion>
    2fd6:	90 93 a1 07 	sts	0x07A1, r25	; 0x8007a1 <tmprture_coccion+0x1>

00002fda <.Loc.99>:
    2fda:	20 91 a4 07 	lds	r18, 0x07A4	; 0x8007a4 <tmprture_coccion+0x4>
    2fde:	30 91 a5 07 	lds	r19, 0x07A5	; 0x8007a5 <tmprture_coccion+0x5>

00002fe2 <.Loc.100>:
    2fe2:	82 17       	cp	r24, r18
    2fe4:	93 07       	cpc	r25, r19
    2fe6:	24 f0       	brlt	.+8      	; 0x2ff0 <.L14>

00002fe8 <.Loc.101>:
					tmprture_coccion.TC = tmprture_coccion.max;
    2fe8:	20 93 a0 07 	sts	0x07A0, r18	; 0x8007a0 <tmprture_coccion>
    2fec:	30 93 a1 07 	sts	0x07A1, r19	; 0x8007a1 <tmprture_coccion+0x1>

00002ff0 <.L14>:
		for (int i=0; i<BASKET_MAXSIZE; i++)
    2ff0:	06 5e       	subi	r16, 0xE6	; 230
    2ff2:	1f 4f       	sbci	r17, 0xFF	; 255
    2ff4:	f7 e0       	ldi	r31, 0x07	; 7
    2ff6:	0a 35       	cpi	r16, 0x5A	; 90
    2ff8:	1f 07       	cpc	r17, r31
    2ffa:	09 f0       	breq	.+2      	; 0x2ffe <L0^A+0x2>

00002ffc <L0^A>:
    2ffc:	9f cf       	rjmp	.-194    	; 0x2f3c <.L17>
    2ffe:	2a cf       	rjmp	.-428    	; 0x2e54 <.L4>

00003000 <.L19>:
				MAX6675_formatText3dig(tmprture_coccion.TC, str);
    3000:	be 01       	movw	r22, r28
    3002:	6f 5f       	subi	r22, 0xFF	; 255
    3004:	7f 4f       	sbci	r23, 0xFF	; 255
    3006:	80 91 a0 07 	lds	r24, 0x07A0	; 0x8007a0 <tmprture_coccion>
    300a:	90 91 a1 07 	lds	r25, 0x07A1	; 0x8007a1 <tmprture_coccion+0x1>
    300e:	0e 94 22 0c 	call	0x1844	; 0x1844 <MAX6675_formatText3dig>

00003012 <.LVL30>:
    3012:	35 cf       	rjmp	.-406    	; 0x2e7e <.L20>

00003014 <.L22>:
		else if (fryer.ps_program.sm0 == 5)//EXIT
    3014:	85 30       	cpi	r24, 0x05	; 5
    3016:	09 f0       	breq	.+2      	; 0x301a <.Loc.108>

00003018 <L0^A>:
    3018:	4e cf       	rjmp	.-356    	; 0x2eb6 <.L23>

0000301a <.Loc.108>:
			eeprom_update_block((struct _Tcoccion *)&tmprture_coccion , (struct _Tcoccion *)&TMPRTURE_COCCION, sizeof(struct _Tcoccion) );
    301a:	46 e0       	ldi	r20, 0x06	; 6
    301c:	50 e0       	ldi	r21, 0x00	; 0
    301e:	64 e0       	ldi	r22, 0x04	; 4
    3020:	70 e0       	ldi	r23, 0x00	; 0
    3022:	80 ea       	ldi	r24, 0xA0	; 160
    3024:	97 e0       	ldi	r25, 0x07	; 7
    3026:	0e 94 6d 1b 	call	0x36da	; 0x36da <eeprom_update_block>

0000302a <.LVL32>:
			blinkIsActive = 0;
    302a:	10 92 9e 07 	sts	0x079E, r1	; 0x80079e <blinkIsActive>
    302e:	10 92 9f 07 	sts	0x079F, r1	; 0x80079f <blinkIsActive+0x1>

00003032 <.Loc.112>:
			codret = 1;
    3032:	11 e0       	ldi	r17, 0x01	; 1
    3034:	41 cf       	rjmp	.-382    	; 0x2eb8 <.L25>

00003036 <psmode_viewTemp>:
#include "Temperature/temperature.h"
#include "indicator/indicator.h"
#include "disp7s_applevel.h"

int8_t psmode_viewTemp(void)
{
    3036:	0f 93       	push	r16
    3038:	1f 93       	push	r17
    303a:	cf 93       	push	r28
    303c:	df 93       	push	r29
    303e:	cd b7       	in	r28, 0x3d	; 61
    3040:	de b7       	in	r29, 0x3e	; 62
    3042:	2a 97       	sbiw	r28, 0x0a	; 10
    3044:	0f b6       	in	r0, 0x3f	; 63
    3046:	f8 94       	cli
    3048:	de bf       	out	0x3e, r29	; 62
    304a:	0f be       	out	0x3f, r0	; 63
    304c:	cd bf       	out	0x3d, r28	; 61

0000304e <.LVL0>:
	char codret = 0;
	unsigned char str[10];

	//fryer.ps_program.sm0 avanza por la tecla e internamente
	if (fryer.ps_viewTemp.sm0 == 0)
    304e:	80 91 5e 07 	lds	r24, 0x075E	; 0x80075e <fryer+0x38>

00003052 <.Loc.5>:
    3052:	81 30       	cpi	r24, 0x01	; 1
    3054:	28 f5       	brcc	.+74     	; 0x30a0 <.L2>

00003056 <.LBB2>:
	{
		struct _key_prop key_prop = { 0 };
		key_prop = propEmpty;
    3056:	86 e0       	ldi	r24, 0x06	; 6
    3058:	ee e8       	ldi	r30, 0x8E	; 142
    305a:	f0 e0       	ldi	r31, 0x00	; 0
    305c:	de 01       	movw	r26, r28
    305e:	11 96       	adiw	r26, 0x01	; 1

00003060 <.L0^B1>:
    3060:	01 90       	ld	r0, Z+
    3062:	0d 92       	st	X+, r0
    3064:	8a 95       	dec	r24
    3066:	e1 f7       	brne	.-8      	; 0x3060 <.L0^B1>

00003068 <.Loc.10>:
		key_prop.uFlag.f.onKeyPressed = 1;
    3068:	89 81       	ldd	r24, Y+1	; 0x01
    306a:	81 60       	ori	r24, 0x01	; 1
    306c:	89 83       	std	Y+1, r24	; 0x01

0000306e <.LBB3>:
		for (int i=0; i<BASKET_MAXSIZE; i++)
    306e:	06 e2       	ldi	r16, 0x26	; 38
    3070:	17 e0       	ldi	r17, 0x07	; 7

00003072 <.L3>:
		{
			ikb_setKeyProp(fryer.basket[i].kb.program ,key_prop);//
    3072:	29 81       	ldd	r18, Y+1	; 0x01
    3074:	3a 81       	ldd	r19, Y+2	; 0x02
    3076:	4b 81       	ldd	r20, Y+3	; 0x03
    3078:	5c 81       	ldd	r21, Y+4	; 0x04
    307a:	6d 81       	ldd	r22, Y+5	; 0x05
    307c:	7e 81       	ldd	r23, Y+6	; 0x06
    307e:	f8 01       	movw	r30, r16
    3080:	80 85       	ldd	r24, Z+8	; 0x08
    3082:	0e 94 de 06 	call	0xdbc	; 0xdbc <ikb_setKeyProp>

00003086 <.LVL3>:
		for (int i=0; i<BASKET_MAXSIZE; i++)
    3086:	06 5e       	subi	r16, 0xE6	; 230
    3088:	1f 4f       	sbci	r17, 0xFF	; 255
    308a:	f7 e0       	ldi	r31, 0x07	; 7
    308c:	0a 35       	cpi	r16, 0x5A	; 90
    308e:	1f 07       	cpc	r17, r31
    3090:	81 f7       	brne	.-32     	; 0x3072 <.L3>

00003092 <.L17>:
		fryer.ps_viewTemp.sm0++;
	}
	else if (fryer.ps_viewTemp.sm0 == 1)
	{
		disp7s_update_data_array(DIPS7S_MSG_OIL, BASKETLEFT_DISP_CURSOR_START_X, BASKET_DISP_MAX_CHARS_PERBASKET);
		fryer.ps_viewTemp.sm0++;
    3092:	80 91 5e 07 	lds	r24, 0x075E	; 0x80075e <fryer+0x38>
    3096:	8f 5f       	subi	r24, 0xFF	; 255
    3098:	80 93 5e 07 	sts	0x075E, r24	; 0x80075e <fryer+0x38>

0000309c <.L18>:
	else if (fryer.ps_viewTemp.sm0 == 2)
	{
		MAX6675_formatText3dig(TCtemperature, str);
		disp7s_update_data_array(str, BASKETRIGHT_DISP_CURSOR_START_X, BASKET_DISP_MAX_CHARS_PERBASKET);
	}
	else if (fryer.ps_viewTemp.sm0 == 3)
    309c:	10 e0       	ldi	r17, 0x00	; 0
    309e:	1d c0       	rjmp	.+58     	; 0x30da <.L6>

000030a0 <.L2>:
	else if (fryer.ps_viewTemp.sm0 == 1)
    30a0:	39 f4       	brne	.+14     	; 0x30b0 <.L5>

000030a2 <.Loc.22>:
		disp7s_update_data_array(DIPS7S_MSG_OIL, BASKETLEFT_DISP_CURSOR_START_X, BASKET_DISP_MAX_CHARS_PERBASKET);
    30a2:	44 e0       	ldi	r20, 0x04	; 4
    30a4:	60 e0       	ldi	r22, 0x00	; 0
    30a6:	89 ec       	ldi	r24, 0xC9	; 201
    30a8:	94 e0       	ldi	r25, 0x04	; 4
    30aa:	0e 94 ea 0d 	call	0x1bd4	; 0x1bd4 <disp7s_update_data_array>

000030ae <.LVL4>:
    30ae:	f1 cf       	rjmp	.-30     	; 0x3092 <.L17>

000030b0 <.L5>:
	else if (fryer.ps_viewTemp.sm0 == 2)
    30b0:	82 30       	cpi	r24, 0x02	; 2
    30b2:	81 f4       	brne	.+32     	; 0x30d4 <.L7>

000030b4 <.Loc.25>:
		MAX6675_formatText3dig(TCtemperature, str);
    30b4:	be 01       	movw	r22, r28
    30b6:	6f 5f       	subi	r22, 0xFF	; 255
    30b8:	7f 4f       	sbci	r23, 0xFF	; 255
    30ba:	80 91 dc 06 	lds	r24, 0x06DC	; 0x8006dc <TCtemperature>
    30be:	90 91 dd 06 	lds	r25, 0x06DD	; 0x8006dd <TCtemperature+0x1>
    30c2:	0e 94 22 0c 	call	0x1844	; 0x1844 <MAX6675_formatText3dig>

000030c6 <.LVL5>:
		disp7s_update_data_array(str, BASKETRIGHT_DISP_CURSOR_START_X, BASKET_DISP_MAX_CHARS_PERBASKET);
    30c6:	44 e0       	ldi	r20, 0x04	; 4
    30c8:	64 e0       	ldi	r22, 0x04	; 4
    30ca:	ce 01       	movw	r24, r28
    30cc:	01 96       	adiw	r24, 0x01	; 1
    30ce:	0e 94 ea 0d 	call	0x1bd4	; 0x1bd4 <disp7s_update_data_array>

000030d2 <.LVL6>:
    30d2:	e4 cf       	rjmp	.-56     	; 0x309c <.L18>

000030d4 <.L7>:
	else if (fryer.ps_viewTemp.sm0 == 3)
    30d4:	11 e0       	ldi	r17, 0x01	; 1
    30d6:	83 30       	cpi	r24, 0x03	; 3
    30d8:	09 f7       	brne	.-62     	; 0x309c <.L18>

000030da <.L6>:
			codret = 1;
		}
	}

	//al ultimo q evalue KB PROGRAM
	if (ikb_key_is_ready2read(KB_LYOUT_PROGRAM))
    30da:	83 e0       	ldi	r24, 0x03	; 3
    30dc:	0e 94 66 07 	call	0xecc	; 0xecc <ikb_key_is_ready2read>

000030e0 <.LVL8>:
    30e0:	81 15       	cp	r24, r1
    30e2:	71 f0       	breq	.+28     	; 0x3100 <.L9>

000030e4 <.Loc.32>:
	{
		ikb_key_was_read(KB_LYOUT_PROGRAM);
    30e4:	83 e0       	ldi	r24, 0x03	; 3
    30e6:	0e 94 7a 07 	call	0xef4	; 0xef4 <ikb_key_was_read>

000030ea <.LVL9>:

		fryer.ps_viewTemp.sm0++;
    30ea:	80 91 5e 07 	lds	r24, 0x075E	; 0x80075e <fryer+0x38>
    30ee:	8f 5f       	subi	r24, 0xFF	; 255
    30f0:	80 93 5e 07 	sts	0x075E, r24	; 0x80075e <fryer+0x38>

000030f4 <.Loc.35>:
		//
		indicatorTimed_setKSysTickTime_ms(75/SYSTICK_MS);
    30f4:	8b e4       	ldi	r24, 0x4B	; 75
    30f6:	90 e0       	ldi	r25, 0x00	; 0
    30f8:	0e 94 12 06 	call	0xc24	; 0xc24 <indicatorTimed_setKSysTickTime_ms>

000030fc <.LVL10>:
		indicatorTimed_run();
    30fc:	0e 94 17 06 	call	0xc2e	; 0xc2e <indicatorTimed_run>

00003100 <.L9>:
	}

	return codret;
}
    3100:	81 2f       	mov	r24, r17
    3102:	2a 96       	adiw	r28, 0x0a	; 10
    3104:	0f b6       	in	r0, 0x3f	; 63
    3106:	f8 94       	cli
    3108:	de bf       	out	0x3e, r29	; 62
    310a:	0f be       	out	0x3f, r0	; 63
    310c:	cd bf       	out	0x3d, r28	; 61
    310e:	df 91       	pop	r29
    3110:	cf 91       	pop	r28
    3112:	1f 91       	pop	r17

00003114 <.Loc.39>:
    3114:	0f 91       	pop	r16
    3116:	08 95       	ret

00003118 <__divmodhi4>:
    3118:	97 fb       	bst	r25, 7

0000311a <.Loc.1>:
    311a:	07 2e       	mov	r0, r23

0000311c <.Loc.2>:
    311c:	16 f4       	brtc	.+4      	; 0x3122 <.L0^B1>

0000311e <.Loc.3>:
    311e:	00 94       	com	r0

00003120 <.Loc.4>:
    3120:	07 d0       	rcall	.+14     	; 0x3130 <__divmodhi4_neg1>

00003122 <.L0^B1>:
    3122:	77 fd       	sbrc	r23, 7

00003124 <.Loc.6>:
    3124:	09 d0       	rcall	.+18     	; 0x3138 <__divmodhi4_neg2>

00003126 <.Loc.7>:
    3126:	0e 94 bf 18 	call	0x317e	; 0x317e <__udivmodhi4>

0000312a <.Loc.8>:
    312a:	07 fc       	sbrc	r0, 7

0000312c <.Loc.9>:
    312c:	05 d0       	rcall	.+10     	; 0x3138 <__divmodhi4_neg2>

0000312e <.Loc.10>:
    312e:	3e f4       	brtc	.+14     	; 0x313e <__divmodhi4_exit>

00003130 <__divmodhi4_neg1>:
    3130:	90 95       	com	r25

00003132 <.Loc.12>:
    3132:	81 95       	neg	r24

00003134 <.Loc.13>:
    3134:	9f 4f       	sbci	r25, 0xFF	; 255

00003136 <.Loc.14>:
    3136:	08 95       	ret

00003138 <__divmodhi4_neg2>:
    3138:	70 95       	com	r23

0000313a <.Loc.16>:
    313a:	61 95       	neg	r22

0000313c <.Loc.17>:
    313c:	7f 4f       	sbci	r23, 0xFF	; 255

0000313e <__divmodhi4_exit>:
    313e:	08 95       	ret

00003140 <__divmodsi4>:
    3140:	05 2e       	mov	r0, r21

00003142 <.Loc.1>:
    3142:	97 fb       	bst	r25, 7

00003144 <.Loc.2>:
    3144:	1e f4       	brtc	.+6      	; 0x314c <.L0^B1>

00003146 <.Loc.3>:
    3146:	00 94       	com	r0

00003148 <.Loc.4>:
    3148:	0e 94 b7 18 	call	0x316e	; 0x316e <__negsi2>

0000314c <.L0^B1>:
    314c:	57 fd       	sbrc	r21, 7

0000314e <.Loc.6>:
    314e:	07 d0       	rcall	.+14     	; 0x315e <__divmodsi4_neg2>

00003150 <.Loc.7>:
    3150:	0e 94 d3 18 	call	0x31a6	; 0x31a6 <__udivmodsi4>

00003154 <.Loc.8>:
    3154:	07 fc       	sbrc	r0, 7

00003156 <.Loc.9>:
    3156:	03 d0       	rcall	.+6      	; 0x315e <__divmodsi4_neg2>

00003158 <.Loc.10>:
    3158:	4e f4       	brtc	.+18     	; 0x316c <__divmodsi4_exit>

0000315a <.Loc.11>:
    315a:	0c 94 b7 18 	jmp	0x316e	; 0x316e <__negsi2>

0000315e <__divmodsi4_neg2>:
    315e:	50 95       	com	r21

00003160 <.Loc.13>:
    3160:	40 95       	com	r20

00003162 <.Loc.14>:
    3162:	30 95       	com	r19

00003164 <.Loc.15>:
    3164:	21 95       	neg	r18

00003166 <.Loc.16>:
    3166:	3f 4f       	sbci	r19, 0xFF	; 255

00003168 <.Loc.17>:
    3168:	4f 4f       	sbci	r20, 0xFF	; 255

0000316a <.Loc.18>:
    316a:	5f 4f       	sbci	r21, 0xFF	; 255

0000316c <__divmodsi4_exit>:
    316c:	08 95       	ret

0000316e <__negsi2>:
    316e:	90 95       	com	r25
    3170:	80 95       	com	r24
    3172:	70 95       	com	r23
    3174:	61 95       	neg	r22
    3176:	7f 4f       	sbci	r23, 0xFF	; 255
    3178:	8f 4f       	sbci	r24, 0xFF	; 255
    317a:	9f 4f       	sbci	r25, 0xFF	; 255

0000317c <.Loc.1>:
    317c:	08 95       	ret

0000317e <__udivmodhi4>:
    317e:	aa 1b       	sub	r26, r26

00003180 <.Loc.1>:
    3180:	bb 1b       	sub	r27, r27

00003182 <.Loc.2>:
    3182:	51 e1       	ldi	r21, 0x11	; 17

00003184 <.Loc.3>:
    3184:	07 c0       	rjmp	.+14     	; 0x3194 <__udivmodhi4_ep>

00003186 <__udivmodhi4_loop>:
    3186:	aa 1f       	adc	r26, r26

00003188 <.Loc.5>:
    3188:	bb 1f       	adc	r27, r27

0000318a <.Loc.6>:
    318a:	a6 17       	cp	r26, r22

0000318c <.Loc.7>:
    318c:	b7 07       	cpc	r27, r23

0000318e <.Loc.8>:
    318e:	10 f0       	brcs	.+4      	; 0x3194 <__udivmodhi4_ep>

00003190 <.Loc.9>:
    3190:	a6 1b       	sub	r26, r22

00003192 <.Loc.10>:
    3192:	b7 0b       	sbc	r27, r23

00003194 <__udivmodhi4_ep>:
    3194:	88 1f       	adc	r24, r24

00003196 <.Loc.12>:
    3196:	99 1f       	adc	r25, r25

00003198 <.Loc.13>:
    3198:	5a 95       	dec	r21

0000319a <.Loc.14>:
    319a:	a9 f7       	brne	.-22     	; 0x3186 <__udivmodhi4_loop>

0000319c <.Loc.15>:
    319c:	80 95       	com	r24

0000319e <.Loc.16>:
    319e:	90 95       	com	r25

000031a0 <.Loc.17>:
    31a0:	bc 01       	movw	r22, r24

000031a2 <.Loc.18>:
    31a2:	cd 01       	movw	r24, r26

000031a4 <.Loc.19>:
    31a4:	08 95       	ret

000031a6 <__udivmodsi4>:
    31a6:	a1 e2       	ldi	r26, 0x21	; 33

000031a8 <.Loc.1>:
    31a8:	1a 2e       	mov	r1, r26

000031aa <.Loc.2>:
    31aa:	aa 1b       	sub	r26, r26

000031ac <.Loc.3>:
    31ac:	bb 1b       	sub	r27, r27

000031ae <.Loc.4>:
    31ae:	fd 01       	movw	r30, r26

000031b0 <.Loc.5>:
    31b0:	0d c0       	rjmp	.+26     	; 0x31cc <__udivmodsi4_ep>

000031b2 <__udivmodsi4_loop>:
    31b2:	aa 1f       	adc	r26, r26

000031b4 <.Loc.7>:
    31b4:	bb 1f       	adc	r27, r27

000031b6 <.Loc.8>:
    31b6:	ee 1f       	adc	r30, r30

000031b8 <.Loc.9>:
    31b8:	ff 1f       	adc	r31, r31

000031ba <.Loc.10>:
    31ba:	a2 17       	cp	r26, r18

000031bc <.Loc.11>:
    31bc:	b3 07       	cpc	r27, r19

000031be <.Loc.12>:
    31be:	e4 07       	cpc	r30, r20

000031c0 <.Loc.13>:
    31c0:	f5 07       	cpc	r31, r21

000031c2 <.Loc.14>:
    31c2:	20 f0       	brcs	.+8      	; 0x31cc <__udivmodsi4_ep>

000031c4 <.Loc.15>:
    31c4:	a2 1b       	sub	r26, r18

000031c6 <.Loc.16>:
    31c6:	b3 0b       	sbc	r27, r19

000031c8 <.Loc.17>:
    31c8:	e4 0b       	sbc	r30, r20

000031ca <.Loc.18>:
    31ca:	f5 0b       	sbc	r31, r21

000031cc <__udivmodsi4_ep>:
    31cc:	66 1f       	adc	r22, r22

000031ce <.Loc.20>:
    31ce:	77 1f       	adc	r23, r23

000031d0 <.Loc.21>:
    31d0:	88 1f       	adc	r24, r24

000031d2 <.Loc.22>:
    31d2:	99 1f       	adc	r25, r25

000031d4 <.Loc.23>:
    31d4:	1a 94       	dec	r1

000031d6 <.Loc.24>:
    31d6:	69 f7       	brne	.-38     	; 0x31b2 <__udivmodsi4_loop>

000031d8 <.Loc.25>:
    31d8:	60 95       	com	r22

000031da <.Loc.26>:
    31da:	70 95       	com	r23

000031dc <.Loc.27>:
    31dc:	80 95       	com	r24

000031de <.Loc.28>:
    31de:	90 95       	com	r25

000031e0 <.Loc.29>:
    31e0:	9b 01       	movw	r18, r22

000031e2 <.Loc.30>:
    31e2:	ac 01       	movw	r20, r24

000031e4 <.Loc.31>:
    31e4:	bd 01       	movw	r22, r26

000031e6 <.Loc.32>:
    31e6:	cf 01       	movw	r24, r30

000031e8 <.Loc.33>:
    31e8:	08 95       	ret

000031ea <__subsf3>:
    31ea:	50 58       	subi	r21, 0x80	; 128

000031ec <__addsf3>:
    31ec:	bb 27       	eor	r27, r27
    31ee:	aa 27       	eor	r26, r26
    31f0:	0e 94 0d 19 	call	0x321a	; 0x321a <__addsf3x>
    31f4:	0c 94 87 1a 	jmp	0x350e	; 0x350e <__fp_round>

000031f8 <.L0^B1>:
    31f8:	0e 94 79 1a 	call	0x34f2	; 0x34f2 <__fp_pscA>
    31fc:	38 f0       	brcs	.+14     	; 0x320c <.L_nan>
    31fe:	0e 94 80 1a 	call	0x3500	; 0x3500 <__fp_pscB>
    3202:	20 f0       	brcs	.+8      	; 0x320c <.L_nan>
    3204:	39 f4       	brne	.+14     	; 0x3214 <.L_inf>
    3206:	9f 3f       	cpi	r25, 0xFF	; 255
    3208:	19 f4       	brne	.+6      	; 0x3210 <.L_infB>
    320a:	26 f4       	brtc	.+8      	; 0x3214 <.L_inf>

0000320c <.L_nan>:
    320c:	0c 94 76 1a 	jmp	0x34ec	; 0x34ec <__fp_nan>

00003210 <.L_infB>:
    3210:	0e f4       	brtc	.+2      	; 0x3214 <.L_inf>
    3212:	e0 95       	com	r30

00003214 <.L_inf>:
    3214:	e7 fb       	bst	r30, 7
    3216:	0c 94 70 1a 	jmp	0x34e0	; 0x34e0 <__fp_inf>

0000321a <__addsf3x>:
    321a:	e9 2f       	mov	r30, r25
    321c:	0e 94 98 1a 	call	0x3530	; 0x3530 <__fp_split3>
    3220:	58 f3       	brcs	.-42     	; 0x31f8 <.L0^B1>
    3222:	ba 17       	cp	r27, r26
    3224:	62 07       	cpc	r22, r18
    3226:	73 07       	cpc	r23, r19
    3228:	84 07       	cpc	r24, r20
    322a:	95 07       	cpc	r25, r21
    322c:	20 f0       	brcs	.+8      	; 0x3236 <.L2^B1>
    322e:	79 f4       	brne	.+30     	; 0x324e <.L4^B1>
    3230:	a6 f5       	brtc	.+104    	; 0x329a <.L_add>
    3232:	0c 94 ba 1a 	jmp	0x3574	; 0x3574 <__fp_zero>

00003236 <.L2^B1>:
    3236:	0e f4       	brtc	.+2      	; 0x323a <.L3^B1>
    3238:	e0 95       	com	r30

0000323a <.L3^B1>:
    323a:	0b 2e       	mov	r0, r27
    323c:	ba 2f       	mov	r27, r26
    323e:	a0 2d       	mov	r26, r0
    3240:	0b 01       	movw	r0, r22
    3242:	b9 01       	movw	r22, r18
    3244:	90 01       	movw	r18, r0
    3246:	0c 01       	movw	r0, r24
    3248:	ca 01       	movw	r24, r20
    324a:	a0 01       	movw	r20, r0
    324c:	11 24       	eor	r1, r1

0000324e <.L4^B1>:
    324e:	ff 27       	eor	r31, r31
    3250:	59 1b       	sub	r21, r25

00003252 <.L5^B1>:
    3252:	99 f0       	breq	.+38     	; 0x327a <.L7^B1>
    3254:	59 3f       	cpi	r21, 0xF9	; 249
    3256:	50 f4       	brcc	.+20     	; 0x326c <.L6^B1>
    3258:	50 3e       	cpi	r21, 0xE0	; 224
    325a:	68 f1       	brcs	.+90     	; 0x32b6 <.L_ret>
    325c:	1a 16       	cp	r1, r26
    325e:	f0 40       	sbci	r31, 0x00	; 0
    3260:	a2 2f       	mov	r26, r18
    3262:	23 2f       	mov	r18, r19
    3264:	34 2f       	mov	r19, r20
    3266:	44 27       	eor	r20, r20
    3268:	58 5f       	subi	r21, 0xF8	; 248
    326a:	f3 cf       	rjmp	.-26     	; 0x3252 <.L5^B1>

0000326c <.L6^B1>:
    326c:	46 95       	lsr	r20
    326e:	37 95       	ror	r19
    3270:	27 95       	ror	r18
    3272:	a7 95       	ror	r26
    3274:	f0 40       	sbci	r31, 0x00	; 0
    3276:	53 95       	inc	r21
    3278:	c9 f7       	brne	.-14     	; 0x326c <.L6^B1>

0000327a <.L7^B1>:
    327a:	7e f4       	brtc	.+30     	; 0x329a <.L_add>
    327c:	1f 16       	cp	r1, r31
    327e:	ba 0b       	sbc	r27, r26
    3280:	62 0b       	sbc	r22, r18
    3282:	73 0b       	sbc	r23, r19
    3284:	84 0b       	sbc	r24, r20
    3286:	ba f0       	brmi	.+46     	; 0x32b6 <.L_ret>

00003288 <.L8^B1>:
    3288:	91 50       	subi	r25, 0x01	; 1
    328a:	a1 f0       	breq	.+40     	; 0x32b4 <.L9^B1>
    328c:	ff 0f       	add	r31, r31
    328e:	bb 1f       	adc	r27, r27
    3290:	66 1f       	adc	r22, r22
    3292:	77 1f       	adc	r23, r23
    3294:	88 1f       	adc	r24, r24
    3296:	c2 f7       	brpl	.-16     	; 0x3288 <.L8^B1>
    3298:	0e c0       	rjmp	.+28     	; 0x32b6 <.L_ret>

0000329a <.L_add>:
    329a:	ba 0f       	add	r27, r26
    329c:	62 1f       	adc	r22, r18
    329e:	73 1f       	adc	r23, r19
    32a0:	84 1f       	adc	r24, r20
    32a2:	48 f4       	brcc	.+18     	; 0x32b6 <.L_ret>
    32a4:	87 95       	ror	r24
    32a6:	77 95       	ror	r23
    32a8:	67 95       	ror	r22
    32aa:	b7 95       	ror	r27
    32ac:	f7 95       	ror	r31
    32ae:	9e 3f       	cpi	r25, 0xFE	; 254
    32b0:	08 f0       	brcs	.+2      	; 0x32b4 <.L9^B1>
    32b2:	b0 cf       	rjmp	.-160    	; 0x3214 <.L_inf>

000032b4 <.L9^B1>:
    32b4:	93 95       	inc	r25

000032b6 <.L_ret>:
    32b6:	88 0f       	add	r24, r24
    32b8:	08 f0       	brcs	.+2      	; 0x32bc <.L1^B1>
    32ba:	99 27       	eor	r25, r25

000032bc <.L1^B1>:
    32bc:	ee 0f       	add	r30, r30
    32be:	97 95       	ror	r25
    32c0:	87 95       	ror	r24
    32c2:	08 95       	ret

000032c4 <__cmpsf2>:
    32c4:	0e 94 4c 1a 	call	0x3498	; 0x3498 <__fp_cmp>
    32c8:	08 f4       	brcc	.+2      	; 0x32cc <.L1^B1>
    32ca:	81 e0       	ldi	r24, 0x01	; 1

000032cc <.L1^B1>:
    32cc:	08 95       	ret

000032ce <__divsf3>:
    32ce:	0e 94 7b 19 	call	0x32f6	; 0x32f6 <__divsf3x>
    32d2:	0c 94 87 1a 	jmp	0x350e	; 0x350e <__fp_round>

000032d6 <.L0^B1>:
    32d6:	0e 94 80 1a 	call	0x3500	; 0x3500 <__fp_pscB>
    32da:	58 f0       	brcs	.+22     	; 0x32f2 <.L_nan>
    32dc:	0e 94 79 1a 	call	0x34f2	; 0x34f2 <__fp_pscA>
    32e0:	40 f0       	brcs	.+16     	; 0x32f2 <.L_nan>
    32e2:	29 f4       	brne	.+10     	; 0x32ee <.L_zr>
    32e4:	5f 3f       	cpi	r21, 0xFF	; 255
    32e6:	29 f0       	breq	.+10     	; 0x32f2 <.L_nan>

000032e8 <.L_inf>:
    32e8:	0c 94 70 1a 	jmp	0x34e0	; 0x34e0 <__fp_inf>

000032ec <.L1^B1>:
    32ec:	51 11       	cpse	r21, r1

000032ee <.L_zr>:
    32ee:	0c 94 bb 1a 	jmp	0x3576	; 0x3576 <__fp_szero>

000032f2 <.L_nan>:
    32f2:	0c 94 76 1a 	jmp	0x34ec	; 0x34ec <__fp_nan>

000032f6 <__divsf3x>:
    32f6:	0e 94 98 1a 	call	0x3530	; 0x3530 <__fp_split3>
    32fa:	68 f3       	brcs	.-38     	; 0x32d6 <.L0^B1>

000032fc <__divsf3_pse>:
    32fc:	99 23       	and	r25, r25
    32fe:	b1 f3       	breq	.-20     	; 0x32ec <.L1^B1>
    3300:	55 23       	and	r21, r21
    3302:	91 f3       	breq	.-28     	; 0x32e8 <.L_inf>
    3304:	95 1b       	sub	r25, r21
    3306:	55 0b       	sbc	r21, r21
    3308:	bb 27       	eor	r27, r27
    330a:	aa 27       	eor	r26, r26

0000330c <.L2^B1>:
    330c:	62 17       	cp	r22, r18
    330e:	73 07       	cpc	r23, r19
    3310:	84 07       	cpc	r24, r20
    3312:	38 f0       	brcs	.+14     	; 0x3322 <.L3^B1>
    3314:	9f 5f       	subi	r25, 0xFF	; 255
    3316:	5f 4f       	sbci	r21, 0xFF	; 255
    3318:	22 0f       	add	r18, r18
    331a:	33 1f       	adc	r19, r19
    331c:	44 1f       	adc	r20, r20
    331e:	aa 1f       	adc	r26, r26
    3320:	a9 f3       	breq	.-22     	; 0x330c <.L2^B1>

00003322 <.L3^B1>:
    3322:	35 d0       	rcall	.+106    	; 0x338e <.L_div>
    3324:	0e 2e       	mov	r0, r30
    3326:	3a f0       	brmi	.+14     	; 0x3336 <.L5^B1>

00003328 <.L4^B1>:
    3328:	e0 e8       	ldi	r30, 0x80	; 128
    332a:	32 d0       	rcall	.+100    	; 0x3390 <.L_div1>
    332c:	91 50       	subi	r25, 0x01	; 1
    332e:	50 40       	sbci	r21, 0x00	; 0
    3330:	e6 95       	lsr	r30
    3332:	00 1c       	adc	r0, r0
    3334:	ca f7       	brpl	.-14     	; 0x3328 <.L4^B1>

00003336 <.L5^B1>:
    3336:	2b d0       	rcall	.+86     	; 0x338e <.L_div>
    3338:	fe 2f       	mov	r31, r30
    333a:	29 d0       	rcall	.+82     	; 0x338e <.L_div>
    333c:	66 0f       	add	r22, r22
    333e:	77 1f       	adc	r23, r23
    3340:	88 1f       	adc	r24, r24
    3342:	bb 1f       	adc	r27, r27
    3344:	26 17       	cp	r18, r22
    3346:	37 07       	cpc	r19, r23
    3348:	48 07       	cpc	r20, r24
    334a:	ab 07       	cpc	r26, r27
    334c:	b0 e8       	ldi	r27, 0x80	; 128
    334e:	09 f0       	breq	.+2      	; 0x3352 <.L4^B2>
    3350:	bb 0b       	sbc	r27, r27

00003352 <.L4^B2>:
    3352:	80 2d       	mov	r24, r0
    3354:	bf 01       	movw	r22, r30
    3356:	ff 27       	eor	r31, r31
    3358:	93 58       	subi	r25, 0x83	; 131
    335a:	5f 4f       	sbci	r21, 0xFF	; 255
    335c:	3a f0       	brmi	.+14     	; 0x336c <.L13^B1>
    335e:	9e 3f       	cpi	r25, 0xFE	; 254
    3360:	51 05       	cpc	r21, r1
    3362:	78 f0       	brcs	.+30     	; 0x3382 <.L15^B1>
    3364:	0c 94 70 1a 	jmp	0x34e0	; 0x34e0 <__fp_inf>

00003368 <.L12^B1>:
    3368:	0c 94 bb 1a 	jmp	0x3576	; 0x3576 <__fp_szero>

0000336c <.L13^B1>:
    336c:	5f 3f       	cpi	r21, 0xFF	; 255
    336e:	e4 f3       	brlt	.-8      	; 0x3368 <.L12^B1>
    3370:	98 3e       	cpi	r25, 0xE8	; 232
    3372:	d4 f3       	brlt	.-12     	; 0x3368 <.L12^B1>

00003374 <.L14^B1>:
    3374:	86 95       	lsr	r24
    3376:	77 95       	ror	r23
    3378:	67 95       	ror	r22
    337a:	b7 95       	ror	r27
    337c:	f7 95       	ror	r31
    337e:	9f 5f       	subi	r25, 0xFF	; 255
    3380:	c9 f7       	brne	.-14     	; 0x3374 <.L14^B1>

00003382 <.L15^B1>:
    3382:	88 0f       	add	r24, r24
    3384:	91 1d       	adc	r25, r1
    3386:	96 95       	lsr	r25
    3388:	87 95       	ror	r24
    338a:	97 f9       	bld	r25, 7
    338c:	08 95       	ret

0000338e <.L_div>:
    338e:	e1 e0       	ldi	r30, 0x01	; 1

00003390 <.L_div1>:
    3390:	66 0f       	add	r22, r22
    3392:	77 1f       	adc	r23, r23
    3394:	88 1f       	adc	r24, r24
    3396:	bb 1f       	adc	r27, r27
    3398:	62 17       	cp	r22, r18
    339a:	73 07       	cpc	r23, r19
    339c:	84 07       	cpc	r24, r20
    339e:	ba 07       	cpc	r27, r26
    33a0:	20 f0       	brcs	.+8      	; 0x33aa <.L2^B2>
    33a2:	62 1b       	sub	r22, r18
    33a4:	73 0b       	sbc	r23, r19
    33a6:	84 0b       	sbc	r24, r20
    33a8:	ba 0b       	sbc	r27, r26

000033aa <.L2^B2>:
    33aa:	ee 1f       	adc	r30, r30
    33ac:	88 f7       	brcc	.-30     	; 0x3390 <.L_div1>
    33ae:	e0 95       	com	r30
    33b0:	08 95       	ret

000033b2 <__fixsfsi>:
    33b2:	0e 94 e0 19 	call	0x33c0	; 0x33c0 <__fixunssfsi>
    33b6:	68 94       	set
    33b8:	b1 11       	cpse	r27, r1
    33ba:	0c 94 bb 1a 	jmp	0x3576	; 0x3576 <__fp_szero>
    33be:	08 95       	ret

000033c0 <__fixunssfsi>:
    33c0:	0e 94 a0 1a 	call	0x3540	; 0x3540 <__fp_splitA>
    33c4:	88 f0       	brcs	.+34     	; 0x33e8 <.L_err>
    33c6:	9f 57       	subi	r25, 0x7F	; 127
    33c8:	98 f0       	brcs	.+38     	; 0x33f0 <.L_zr>
    33ca:	b9 2f       	mov	r27, r25
    33cc:	99 27       	eor	r25, r25
    33ce:	b7 51       	subi	r27, 0x17	; 23
    33d0:	b0 f0       	brcs	.+44     	; 0x33fe <.L4^B1>
    33d2:	e1 f0       	breq	.+56     	; 0x340c <.L_sign>

000033d4 <.L1^B1>:
    33d4:	66 0f       	add	r22, r22
    33d6:	77 1f       	adc	r23, r23
    33d8:	88 1f       	adc	r24, r24
    33da:	99 1f       	adc	r25, r25
    33dc:	1a f0       	brmi	.+6      	; 0x33e4 <.L2^B1>
    33de:	ba 95       	dec	r27
    33e0:	c9 f7       	brne	.-14     	; 0x33d4 <.L1^B1>
    33e2:	14 c0       	rjmp	.+40     	; 0x340c <.L_sign>

000033e4 <.L2^B1>:
    33e4:	b1 30       	cpi	r27, 0x01	; 1
    33e6:	91 f0       	breq	.+36     	; 0x340c <.L_sign>

000033e8 <.L_err>:
    33e8:	0e 94 ba 1a 	call	0x3574	; 0x3574 <__fp_zero>
    33ec:	b1 e0       	ldi	r27, 0x01	; 1
    33ee:	08 95       	ret

000033f0 <.L_zr>:
    33f0:	0c 94 ba 1a 	jmp	0x3574	; 0x3574 <__fp_zero>

000033f4 <.L3^B1>:
    33f4:	67 2f       	mov	r22, r23
    33f6:	78 2f       	mov	r23, r24
    33f8:	88 27       	eor	r24, r24
    33fa:	b8 5f       	subi	r27, 0xF8	; 248
    33fc:	39 f0       	breq	.+14     	; 0x340c <.L_sign>

000033fe <.L4^B1>:
    33fe:	b9 3f       	cpi	r27, 0xF9	; 249
    3400:	cc f3       	brlt	.-14     	; 0x33f4 <.L3^B1>

00003402 <.L5^B1>:
    3402:	86 95       	lsr	r24
    3404:	77 95       	ror	r23
    3406:	67 95       	ror	r22
    3408:	b3 95       	inc	r27
    340a:	d9 f7       	brne	.-10     	; 0x3402 <.L5^B1>

0000340c <.L_sign>:
    340c:	3e f4       	brtc	.+14     	; 0x341c <.L6^B1>
    340e:	90 95       	com	r25
    3410:	80 95       	com	r24
    3412:	70 95       	com	r23
    3414:	61 95       	neg	r22
    3416:	7f 4f       	sbci	r23, 0xFF	; 255
    3418:	8f 4f       	sbci	r24, 0xFF	; 255
    341a:	9f 4f       	sbci	r25, 0xFF	; 255

0000341c <.L6^B1>:
    341c:	08 95       	ret

0000341e <__floatunsisf>:
    341e:	e8 94       	clt
    3420:	09 c0       	rjmp	.+18     	; 0x3434 <.L1^B1>

00003422 <__floatsisf>:
    3422:	97 fb       	bst	r25, 7
    3424:	3e f4       	brtc	.+14     	; 0x3434 <.L1^B1>
    3426:	90 95       	com	r25
    3428:	80 95       	com	r24
    342a:	70 95       	com	r23
    342c:	61 95       	neg	r22
    342e:	7f 4f       	sbci	r23, 0xFF	; 255
    3430:	8f 4f       	sbci	r24, 0xFF	; 255
    3432:	9f 4f       	sbci	r25, 0xFF	; 255

00003434 <.L1^B1>:
    3434:	99 23       	and	r25, r25
    3436:	a9 f0       	breq	.+42     	; 0x3462 <.L4^B1>
    3438:	f9 2f       	mov	r31, r25
    343a:	96 e9       	ldi	r25, 0x96	; 150
    343c:	bb 27       	eor	r27, r27

0000343e <.L2^B1>:
    343e:	93 95       	inc	r25
    3440:	f6 95       	lsr	r31
    3442:	87 95       	ror	r24
    3444:	77 95       	ror	r23
    3446:	67 95       	ror	r22
    3448:	b7 95       	ror	r27
    344a:	f1 11       	cpse	r31, r1
    344c:	f8 cf       	rjmp	.-16     	; 0x343e <.L2^B1>
    344e:	fa f4       	brpl	.+62     	; 0x348e <.L_pack>
    3450:	bb 0f       	add	r27, r27
    3452:	11 f4       	brne	.+4      	; 0x3458 <.L3^B1>
    3454:	60 ff       	sbrs	r22, 0
    3456:	1b c0       	rjmp	.+54     	; 0x348e <.L_pack>

00003458 <.L3^B1>:
    3458:	6f 5f       	subi	r22, 0xFF	; 255
    345a:	7f 4f       	sbci	r23, 0xFF	; 255
    345c:	8f 4f       	sbci	r24, 0xFF	; 255
    345e:	9f 4f       	sbci	r25, 0xFF	; 255
    3460:	16 c0       	rjmp	.+44     	; 0x348e <.L_pack>

00003462 <.L4^B1>:
    3462:	88 23       	and	r24, r24
    3464:	11 f0       	breq	.+4      	; 0x346a <.L5^B1>
    3466:	96 e9       	ldi	r25, 0x96	; 150
    3468:	11 c0       	rjmp	.+34     	; 0x348c <.L8^B1>

0000346a <.L5^B1>:
    346a:	77 23       	and	r23, r23
    346c:	21 f0       	breq	.+8      	; 0x3476 <.L6^B1>
    346e:	9e e8       	ldi	r25, 0x8E	; 142
    3470:	87 2f       	mov	r24, r23
    3472:	76 2f       	mov	r23, r22
    3474:	05 c0       	rjmp	.+10     	; 0x3480 <.L7^B1>

00003476 <.L6^B1>:
    3476:	66 23       	and	r22, r22
    3478:	71 f0       	breq	.+28     	; 0x3496 <.L9^B1>
    347a:	96 e8       	ldi	r25, 0x86	; 134
    347c:	86 2f       	mov	r24, r22
    347e:	70 e0       	ldi	r23, 0x00	; 0

00003480 <.L7^B1>:
    3480:	60 e0       	ldi	r22, 0x00	; 0
    3482:	2a f0       	brmi	.+10     	; 0x348e <.L_pack>

00003484 <.L10^B1>:
    3484:	9a 95       	dec	r25
    3486:	66 0f       	add	r22, r22
    3488:	77 1f       	adc	r23, r23
    348a:	88 1f       	adc	r24, r24

0000348c <.L8^B1>:
    348c:	da f7       	brpl	.-10     	; 0x3484 <.L10^B1>

0000348e <.L_pack>:
    348e:	88 0f       	add	r24, r24
    3490:	96 95       	lsr	r25
    3492:	87 95       	ror	r24
    3494:	97 f9       	bld	r25, 7

00003496 <.L9^B1>:
    3496:	08 95       	ret

00003498 <__fp_cmp>:
    3498:	99 0f       	add	r25, r25
    349a:	00 08       	sbc	r0, r0
    349c:	55 0f       	add	r21, r21
    349e:	aa 0b       	sbc	r26, r26
    34a0:	e0 e8       	ldi	r30, 0x80	; 128
    34a2:	fe ef       	ldi	r31, 0xFE	; 254
    34a4:	16 16       	cp	r1, r22
    34a6:	17 06       	cpc	r1, r23
    34a8:	e8 07       	cpc	r30, r24
    34aa:	f9 07       	cpc	r31, r25
    34ac:	c0 f0       	brcs	.+48     	; 0x34de <.L9^B1>
    34ae:	12 16       	cp	r1, r18
    34b0:	13 06       	cpc	r1, r19
    34b2:	e4 07       	cpc	r30, r20
    34b4:	f5 07       	cpc	r31, r21
    34b6:	98 f0       	brcs	.+38     	; 0x34de <.L9^B1>
    34b8:	62 1b       	sub	r22, r18
    34ba:	73 0b       	sbc	r23, r19
    34bc:	84 0b       	sbc	r24, r20
    34be:	95 0b       	sbc	r25, r21
    34c0:	39 f4       	brne	.+14     	; 0x34d0 <.L1^B1>
    34c2:	0a 26       	eor	r0, r26
    34c4:	61 f0       	breq	.+24     	; 0x34de <.L9^B1>
    34c6:	23 2b       	or	r18, r19
    34c8:	24 2b       	or	r18, r20
    34ca:	25 2b       	or	r18, r21
    34cc:	21 f4       	brne	.+8      	; 0x34d6 <.L2^B1>
    34ce:	08 95       	ret

000034d0 <.L1^B1>:
    34d0:	0a 26       	eor	r0, r26
    34d2:	09 f4       	brne	.+2      	; 0x34d6 <.L2^B1>
    34d4:	a1 40       	sbci	r26, 0x01	; 1

000034d6 <.L2^B1>:
    34d6:	a6 95       	lsr	r26
    34d8:	8f ef       	ldi	r24, 0xFF	; 255
    34da:	81 1d       	adc	r24, r1
    34dc:	81 1d       	adc	r24, r1

000034de <.L9^B1>:
    34de:	08 95       	ret

000034e0 <__fp_inf>:
    34e0:	97 f9       	bld	r25, 7
    34e2:	9f 67       	ori	r25, 0x7F	; 127
    34e4:	80 e8       	ldi	r24, 0x80	; 128
    34e6:	70 e0       	ldi	r23, 0x00	; 0
    34e8:	60 e0       	ldi	r22, 0x00	; 0
    34ea:	08 95       	ret

000034ec <__fp_nan>:
    34ec:	9f ef       	ldi	r25, 0xFF	; 255
    34ee:	80 ec       	ldi	r24, 0xC0	; 192
    34f0:	08 95       	ret

000034f2 <__fp_pscA>:
    34f2:	00 24       	eor	r0, r0
    34f4:	0a 94       	dec	r0
    34f6:	16 16       	cp	r1, r22
    34f8:	17 06       	cpc	r1, r23
    34fa:	18 06       	cpc	r1, r24
    34fc:	09 06       	cpc	r0, r25
    34fe:	08 95       	ret

00003500 <__fp_pscB>:
    3500:	00 24       	eor	r0, r0
    3502:	0a 94       	dec	r0
    3504:	12 16       	cp	r1, r18
    3506:	13 06       	cpc	r1, r19
    3508:	14 06       	cpc	r1, r20
    350a:	05 06       	cpc	r0, r21
    350c:	08 95       	ret

0000350e <__fp_round>:
    350e:	09 2e       	mov	r0, r25
    3510:	03 94       	inc	r0
    3512:	00 0c       	add	r0, r0
    3514:	11 f4       	brne	.+4      	; 0x351a <.L1^B1>
    3516:	88 23       	and	r24, r24
    3518:	52 f0       	brmi	.+20     	; 0x352e <.L3^B1>

0000351a <.L1^B1>:
    351a:	bb 0f       	add	r27, r27
    351c:	40 f4       	brcc	.+16     	; 0x352e <.L3^B1>
    351e:	bf 2b       	or	r27, r31
    3520:	11 f4       	brne	.+4      	; 0x3526 <.L2^B1>
    3522:	60 ff       	sbrs	r22, 0
    3524:	04 c0       	rjmp	.+8      	; 0x352e <.L3^B1>

00003526 <.L2^B1>:
    3526:	6f 5f       	subi	r22, 0xFF	; 255
    3528:	7f 4f       	sbci	r23, 0xFF	; 255
    352a:	8f 4f       	sbci	r24, 0xFF	; 255
    352c:	9f 4f       	sbci	r25, 0xFF	; 255

0000352e <.L3^B1>:
    352e:	08 95       	ret

00003530 <__fp_split3>:
    3530:	57 fd       	sbrc	r21, 7
    3532:	90 58       	subi	r25, 0x80	; 128
    3534:	44 0f       	add	r20, r20
    3536:	55 1f       	adc	r21, r21
    3538:	59 f0       	breq	.+22     	; 0x3550 <.L4^B1>
    353a:	5f 3f       	cpi	r21, 0xFF	; 255
    353c:	71 f0       	breq	.+28     	; 0x355a <.L5^B1>

0000353e <.L1^B1>:
    353e:	47 95       	ror	r20

00003540 <__fp_splitA>:
    3540:	88 0f       	add	r24, r24
    3542:	97 fb       	bst	r25, 7
    3544:	99 1f       	adc	r25, r25
    3546:	61 f0       	breq	.+24     	; 0x3560 <.L6^B1>
    3548:	9f 3f       	cpi	r25, 0xFF	; 255
    354a:	79 f0       	breq	.+30     	; 0x356a <.L7^B1>

0000354c <.L3^B1>:
    354c:	87 95       	ror	r24
    354e:	08 95       	ret

00003550 <.L4^B1>:
    3550:	12 16       	cp	r1, r18
    3552:	13 06       	cpc	r1, r19
    3554:	14 06       	cpc	r1, r20
    3556:	55 1f       	adc	r21, r21
    3558:	f2 cf       	rjmp	.-28     	; 0x353e <.L1^B1>

0000355a <.L5^B1>:
    355a:	46 95       	lsr	r20
    355c:	f1 df       	rcall	.-30     	; 0x3540 <__fp_splitA>
    355e:	08 c0       	rjmp	.+16     	; 0x3570 <.L8^B1>

00003560 <.L6^B1>:
    3560:	16 16       	cp	r1, r22
    3562:	17 06       	cpc	r1, r23
    3564:	18 06       	cpc	r1, r24
    3566:	99 1f       	adc	r25, r25
    3568:	f1 cf       	rjmp	.-30     	; 0x354c <.L3^B1>

0000356a <.L7^B1>:
    356a:	86 95       	lsr	r24
    356c:	71 05       	cpc	r23, r1
    356e:	61 05       	cpc	r22, r1

00003570 <.L8^B1>:
    3570:	08 94       	sec
    3572:	08 95       	ret

00003574 <__fp_zero>:
    3574:	e8 94       	clt

00003576 <__fp_szero>:
    3576:	bb 27       	eor	r27, r27
    3578:	66 27       	eor	r22, r22
    357a:	77 27       	eor	r23, r23
    357c:	cb 01       	movw	r24, r22
    357e:	97 f9       	bld	r25, 7
    3580:	08 95       	ret

00003582 <__gesf2>:
    3582:	0e 94 4c 1a 	call	0x3498	; 0x3498 <__fp_cmp>
    3586:	08 f4       	brcc	.+2      	; 0x358a <.L1^B1>
    3588:	8f ef       	ldi	r24, 0xFF	; 255

0000358a <.L1^B1>:
    358a:	08 95       	ret

0000358c <__mulsf3>:
    358c:	0e 94 d9 1a 	call	0x35b2	; 0x35b2 <__mulsf3x>
    3590:	0c 94 87 1a 	jmp	0x350e	; 0x350e <__fp_round>

00003594 <.L0^B1>:
    3594:	0e 94 79 1a 	call	0x34f2	; 0x34f2 <__fp_pscA>
    3598:	38 f0       	brcs	.+14     	; 0x35a8 <.L1^B1>
    359a:	0e 94 80 1a 	call	0x3500	; 0x3500 <__fp_pscB>
    359e:	20 f0       	brcs	.+8      	; 0x35a8 <.L1^B1>
    35a0:	95 23       	and	r25, r21
    35a2:	11 f0       	breq	.+4      	; 0x35a8 <.L1^B1>
    35a4:	0c 94 70 1a 	jmp	0x34e0	; 0x34e0 <__fp_inf>

000035a8 <.L1^B1>:
    35a8:	0c 94 76 1a 	jmp	0x34ec	; 0x34ec <__fp_nan>

000035ac <.L2^B1>:
    35ac:	11 24       	eor	r1, r1
    35ae:	0c 94 bb 1a 	jmp	0x3576	; 0x3576 <__fp_szero>

000035b2 <__mulsf3x>:
    35b2:	0e 94 98 1a 	call	0x3530	; 0x3530 <__fp_split3>
    35b6:	70 f3       	brcs	.-36     	; 0x3594 <.L0^B1>

000035b8 <__mulsf3_pse>:
    35b8:	95 9f       	mul	r25, r21
    35ba:	c1 f3       	breq	.-16     	; 0x35ac <.L2^B1>
    35bc:	95 0f       	add	r25, r21
    35be:	50 e0       	ldi	r21, 0x00	; 0
    35c0:	55 1f       	adc	r21, r21
    35c2:	62 9f       	mul	r22, r18
    35c4:	f0 01       	movw	r30, r0
    35c6:	72 9f       	mul	r23, r18
    35c8:	bb 27       	eor	r27, r27
    35ca:	f0 0d       	add	r31, r0
    35cc:	b1 1d       	adc	r27, r1
    35ce:	63 9f       	mul	r22, r19
    35d0:	aa 27       	eor	r26, r26
    35d2:	f0 0d       	add	r31, r0
    35d4:	b1 1d       	adc	r27, r1
    35d6:	aa 1f       	adc	r26, r26
    35d8:	64 9f       	mul	r22, r20
    35da:	66 27       	eor	r22, r22
    35dc:	b0 0d       	add	r27, r0
    35de:	a1 1d       	adc	r26, r1
    35e0:	66 1f       	adc	r22, r22
    35e2:	82 9f       	mul	r24, r18
    35e4:	22 27       	eor	r18, r18
    35e6:	b0 0d       	add	r27, r0
    35e8:	a1 1d       	adc	r26, r1
    35ea:	62 1f       	adc	r22, r18
    35ec:	73 9f       	mul	r23, r19
    35ee:	b0 0d       	add	r27, r0
    35f0:	a1 1d       	adc	r26, r1
    35f2:	62 1f       	adc	r22, r18
    35f4:	83 9f       	mul	r24, r19
    35f6:	a0 0d       	add	r26, r0
    35f8:	61 1d       	adc	r22, r1
    35fa:	22 1f       	adc	r18, r18
    35fc:	74 9f       	mul	r23, r20
    35fe:	33 27       	eor	r19, r19
    3600:	a0 0d       	add	r26, r0
    3602:	61 1d       	adc	r22, r1
    3604:	23 1f       	adc	r18, r19
    3606:	84 9f       	mul	r24, r20
    3608:	60 0d       	add	r22, r0
    360a:	21 1d       	adc	r18, r1
    360c:	82 2f       	mov	r24, r18
    360e:	76 2f       	mov	r23, r22
    3610:	6a 2f       	mov	r22, r26
    3612:	11 24       	eor	r1, r1
    3614:	9f 57       	subi	r25, 0x7F	; 127
    3616:	50 40       	sbci	r21, 0x00	; 0
    3618:	9a f0       	brmi	.+38     	; 0x3640 <.L13^B1>
    361a:	f1 f0       	breq	.+60     	; 0x3658 <.L15^B1>

0000361c <.L10^B1>:
    361c:	88 23       	and	r24, r24
    361e:	4a f0       	brmi	.+18     	; 0x3632 <.L11^B1>
    3620:	ee 0f       	add	r30, r30
    3622:	ff 1f       	adc	r31, r31
    3624:	bb 1f       	adc	r27, r27
    3626:	66 1f       	adc	r22, r22
    3628:	77 1f       	adc	r23, r23
    362a:	88 1f       	adc	r24, r24
    362c:	91 50       	subi	r25, 0x01	; 1
    362e:	50 40       	sbci	r21, 0x00	; 0
    3630:	a9 f7       	brne	.-22     	; 0x361c <.L10^B1>

00003632 <.L11^B1>:
    3632:	9e 3f       	cpi	r25, 0xFE	; 254
    3634:	51 05       	cpc	r21, r1
    3636:	80 f0       	brcs	.+32     	; 0x3658 <.L15^B1>
    3638:	0c 94 70 1a 	jmp	0x34e0	; 0x34e0 <__fp_inf>

0000363c <.L12^B1>:
    363c:	0c 94 bb 1a 	jmp	0x3576	; 0x3576 <__fp_szero>

00003640 <.L13^B1>:
    3640:	5f 3f       	cpi	r21, 0xFF	; 255
    3642:	e4 f3       	brlt	.-8      	; 0x363c <.L12^B1>
    3644:	98 3e       	cpi	r25, 0xE8	; 232
    3646:	d4 f3       	brlt	.-12     	; 0x363c <.L12^B1>

00003648 <.L14^B1>:
    3648:	86 95       	lsr	r24
    364a:	77 95       	ror	r23
    364c:	67 95       	ror	r22
    364e:	b7 95       	ror	r27
    3650:	f7 95       	ror	r31
    3652:	e7 95       	ror	r30
    3654:	9f 5f       	subi	r25, 0xFF	; 255
    3656:	c1 f7       	brne	.-16     	; 0x3648 <.L14^B1>

00003658 <.L15^B1>:
    3658:	fe 2b       	or	r31, r30
    365a:	88 0f       	add	r24, r24
    365c:	91 1d       	adc	r25, r1
    365e:	96 95       	lsr	r25
    3660:	87 95       	ror	r24
    3662:	97 f9       	bld	r25, 7
    3664:	08 95       	ret

00003666 <memmove>:
    3666:	68 17       	cp	r22, r24
    3668:	79 07       	cpc	r23, r25
    366a:	68 f4       	brcc	.+26     	; 0x3686 <.L_memmove_fwd>
    366c:	fb 01       	movw	r30, r22
    366e:	dc 01       	movw	r26, r24
    3670:	e4 0f       	add	r30, r20
    3672:	f5 1f       	adc	r31, r21
    3674:	a4 0f       	add	r26, r20
    3676:	b5 1f       	adc	r27, r21
    3678:	02 c0       	rjmp	.+4      	; 0x367e <.L_memmove_start>

0000367a <.L_memmove_loop>:
    367a:	02 90       	ld	r0, -Z
    367c:	0e 92       	st	-X, r0

0000367e <.L_memmove_start>:
    367e:	41 50       	subi	r20, 0x01	; 1
    3680:	50 40       	sbci	r21, 0x00	; 0
    3682:	d8 f7       	brcc	.-10     	; 0x367a <.L_memmove_loop>
    3684:	08 95       	ret

00003686 <.L_memmove_fwd>:
    3686:	0c 94 54 1b 	jmp	0x36a8	; 0x36a8 <memcpy>

0000368a <strncpy>:
    368a:	fb 01       	movw	r30, r22
    368c:	dc 01       	movw	r26, r24

0000368e <.L_strncpy_loop>:
    368e:	41 50       	subi	r20, 0x01	; 1
    3690:	50 40       	sbci	r21, 0x00	; 0
    3692:	48 f0       	brcs	.+18     	; 0x36a6 <.L_strncpy_done>
    3694:	01 90       	ld	r0, Z+
    3696:	0d 92       	st	X+, r0
    3698:	00 20       	and	r0, r0
    369a:	c9 f7       	brne	.-14     	; 0x368e <.L_strncpy_loop>
    369c:	01 c0       	rjmp	.+2      	; 0x36a0 <.L_strncpy_clr_start>

0000369e <.L_strncpy_clr_loop>:
    369e:	1d 92       	st	X+, r1

000036a0 <.L_strncpy_clr_start>:
    36a0:	41 50       	subi	r20, 0x01	; 1
    36a2:	50 40       	sbci	r21, 0x00	; 0
    36a4:	e0 f7       	brcc	.-8      	; 0x369e <.L_strncpy_clr_loop>

000036a6 <.L_strncpy_done>:
    36a6:	08 95       	ret

000036a8 <memcpy>:
    36a8:	fb 01       	movw	r30, r22
    36aa:	dc 01       	movw	r26, r24
    36ac:	02 c0       	rjmp	.+4      	; 0x36b2 <.L_memcpy_start>

000036ae <.L_memcpy_loop>:
    36ae:	01 90       	ld	r0, Z+
    36b0:	0d 92       	st	X+, r0

000036b2 <.L_memcpy_start>:
    36b2:	41 50       	subi	r20, 0x01	; 1
    36b4:	50 40       	sbci	r21, 0x00	; 0
    36b6:	d8 f7       	brcc	.-10     	; 0x36ae <.L_memcpy_loop>
    36b8:	08 95       	ret

000036ba <eeprom_read_block>:
    36ba:	dc 01       	movw	r26, r24
    36bc:	cb 01       	movw	r24, r22

000036be <eeprom_read_blraw>:
    36be:	fc 01       	movw	r30, r24

000036c0 <.L1^B1>:
    36c0:	e1 99       	sbic	0x1c, 1	; 28
    36c2:	fe cf       	rjmp	.-4      	; 0x36c0 <.L1^B1>
    36c4:	06 c0       	rjmp	.+12     	; 0x36d2 <.L3^B1>

000036c6 <.L2^B1>:
    36c6:	ff bb       	out	0x1f, r31	; 31
    36c8:	ee bb       	out	0x1e, r30	; 30
    36ca:	e0 9a       	sbi	0x1c, 0	; 28
    36cc:	31 96       	adiw	r30, 0x01	; 1
    36ce:	0d b2       	in	r0, 0x1d	; 29
    36d0:	0d 92       	st	X+, r0

000036d2 <.L3^B1>:
    36d2:	41 50       	subi	r20, 0x01	; 1
    36d4:	50 40       	sbci	r21, 0x00	; 0
    36d6:	b8 f7       	brcc	.-18     	; 0x36c6 <.L2^B1>
    36d8:	08 95       	ret

000036da <eeprom_update_block>:
    36da:	dc 01       	movw	r26, r24
    36dc:	a4 0f       	add	r26, r20
    36de:	b5 1f       	adc	r27, r21
    36e0:	41 50       	subi	r20, 0x01	; 1
    36e2:	50 40       	sbci	r21, 0x00	; 0
    36e4:	48 f0       	brcs	.+18     	; 0x36f8 <.L3^B1>
    36e6:	cb 01       	movw	r24, r22
    36e8:	84 0f       	add	r24, r20
    36ea:	95 1f       	adc	r25, r21

000036ec <.L1^B1>:
    36ec:	2e 91       	ld	r18, -X
    36ee:	0e 94 7e 1b 	call	0x36fc	; 0x36fc <eeprom_update_r18>
    36f2:	41 50       	subi	r20, 0x01	; 1
    36f4:	50 40       	sbci	r21, 0x00	; 0
    36f6:	d0 f7       	brcc	.-12     	; 0x36ec <.L1^B1>

000036f8 <.L3^B1>:
    36f8:	08 95       	ret

000036fa <eeprom_update_byte>:
    36fa:	26 2f       	mov	r18, r22

000036fc <eeprom_update_r18>:
    36fc:	e1 99       	sbic	0x1c, 1	; 28
    36fe:	fe cf       	rjmp	.-4      	; 0x36fc <eeprom_update_r18>
    3700:	9f bb       	out	0x1f, r25	; 31
    3702:	8e bb       	out	0x1e, r24	; 30
    3704:	e0 9a       	sbi	0x1c, 0	; 28
    3706:	01 97       	sbiw	r24, 0x01	; 1
    3708:	0d b2       	in	r0, 0x1d	; 29
    370a:	02 16       	cp	r0, r18
    370c:	31 f0       	breq	.+12     	; 0x371a <.L2^B1>
    370e:	2d bb       	out	0x1d, r18	; 29
    3710:	0f b6       	in	r0, 0x3f	; 63
    3712:	f8 94       	cli
    3714:	e2 9a       	sbi	0x1c, 2	; 28
    3716:	e1 9a       	sbi	0x1c, 1	; 28
    3718:	0f be       	out	0x3f, r0	; 63

0000371a <.L2^B1>:
    371a:	08 95       	ret

0000371c <_exit>:
    371c:	f8 94       	cli

0000371e <__stop_program>:
    371e:	ff cf       	rjmp	.-2      	; 0x371e <__stop_program>
