
DigitalFryerDisplay8Seg-EncendidoManual.elf:     file format elf32-avr

Sections:
Idx Name          Size      VMA       LMA       File off  Algn
  0 .text         000047fe  00000000  00000000  000000b4  2**1
                  CONTENTS, ALLOC, LOAD, READONLY, CODE
  1 .data         000002aa  00800060  000047fe  000048b2  2**0
                  CONTENTS, ALLOC, LOAD, DATA
  2 .bss          00000218  0080030a  0080030a  00004b5c  2**0
                  ALLOC
  3 .eeprom       0000000a  00810000  00810000  00004b5c  2**0
                  CONTENTS, ALLOC, LOAD, DATA
  4 .comment      00000012  00000000  00000000  00004b66  2**0
                  CONTENTS, READONLY
  5 .note.gnu.avr.deviceinfo 0000003c  00000000  00000000  00004b78  2**2
                  CONTENTS, READONLY, OCTETS
  6 .debug_info   000004e6  00000000  00000000  00004bb4  2**0
                  CONTENTS, READONLY, DEBUGGING, OCTETS
  7 .debug_abbrev 000004a3  00000000  00000000  0000509a  2**0
                  CONTENTS, READONLY, DEBUGGING, OCTETS
  8 .debug_line   0000001d  00000000  00000000  0000553d  2**0
                  CONTENTS, READONLY, DEBUGGING, OCTETS
  9 .debug_str    00000196  00000000  00000000  0000555a  2**0
                  CONTENTS, READONLY, DEBUGGING, OCTETS

Disassembly of section .text:

00000000 <__vectors>:
       0:	0c 94 2a 00 	jmp	0x54	; 0x54 <__ctors_end>
       4:	0c 94 47 00 	jmp	0x8e	; 0x8e <__bad_interrupt>
       8:	0c 94 47 00 	jmp	0x8e	; 0x8e <__bad_interrupt>
       c:	0c 94 47 00 	jmp	0x8e	; 0x8e <__bad_interrupt>
      10:	0c 94 47 00 	jmp	0x8e	; 0x8e <__bad_interrupt>
      14:	0c 94 47 00 	jmp	0x8e	; 0x8e <__bad_interrupt>
      18:	0c 94 47 00 	jmp	0x8e	; 0x8e <__bad_interrupt>
      1c:	0c 94 47 00 	jmp	0x8e	; 0x8e <__bad_interrupt>
      20:	0c 94 47 00 	jmp	0x8e	; 0x8e <__bad_interrupt>
      24:	0c 94 47 00 	jmp	0x8e	; 0x8e <__bad_interrupt>
      28:	0c 94 b1 19 	jmp	0x3362	; 0x3362 <__vector_10>
      2c:	0c 94 47 00 	jmp	0x8e	; 0x8e <__bad_interrupt>
      30:	0c 94 47 00 	jmp	0x8e	; 0x8e <__bad_interrupt>
      34:	0c 94 47 00 	jmp	0x8e	; 0x8e <__bad_interrupt>
      38:	0c 94 47 00 	jmp	0x8e	; 0x8e <__bad_interrupt>
      3c:	0c 94 47 00 	jmp	0x8e	; 0x8e <__bad_interrupt>
      40:	0c 94 47 00 	jmp	0x8e	; 0x8e <__bad_interrupt>
      44:	0c 94 47 00 	jmp	0x8e	; 0x8e <__bad_interrupt>
      48:	0c 94 47 00 	jmp	0x8e	; 0x8e <__bad_interrupt>
      4c:	0c 94 47 00 	jmp	0x8e	; 0x8e <__bad_interrupt>
      50:	0c 94 47 00 	jmp	0x8e	; 0x8e <__bad_interrupt>

00000054 <__ctors_end>:
      54:	11 24       	eor	r1, r1
      56:	1f be       	out	0x3f, r1	; 63

00000058 <__init_sp>:
      58:	cf e5       	ldi	r28, 0x5F	; 95
      5a:	d8 e0       	ldi	r29, 0x08	; 8
      5c:	de bf       	out	0x3e, r29	; 62
      5e:	cd bf       	out	0x3d, r28	; 61

00000060 <__do_copy_data>:
      60:	13 e0       	ldi	r17, 0x03	; 3

00000062 <.Loc.1>:
      62:	a0 e6       	ldi	r26, 0x60	; 96

00000064 <.Loc.2>:
      64:	b0 e0       	ldi	r27, 0x00	; 0

00000066 <.Loc.3>:
      66:	ee ef       	ldi	r30, 0xFE	; 254

00000068 <.Loc.4>:
      68:	f7 e4       	ldi	r31, 0x47	; 71

0000006a <.Loc.5>:
      6a:	02 c0       	rjmp	.+4      	; 0x70 <.L__do_copy_data_start>

0000006c <.L__do_copy_data_loop>:
      6c:	05 90       	lpm	r0, Z+

0000006e <.Loc.7>:
      6e:	0d 92       	st	X+, r0

00000070 <.L__do_copy_data_start>:
      70:	aa 30       	cpi	r26, 0x0A	; 10

00000072 <.Loc.9>:
      72:	b1 07       	cpc	r27, r17

00000074 <.Loc.10>:
      74:	d9 f7       	brne	.-10     	; 0x6c <.L__do_copy_data_loop>

00000076 <__do_clear_bss>:
      76:	25 e0       	ldi	r18, 0x05	; 5

00000078 <.Loc.1>:
      78:	aa e0       	ldi	r26, 0x0A	; 10

0000007a <.Loc.2>:
      7a:	b3 e0       	ldi	r27, 0x03	; 3

0000007c <.Loc.3>:
      7c:	01 c0       	rjmp	.+2      	; 0x80 <.Loc.5>

0000007e <.Loc.4>:
      7e:	1d 92       	st	X+, r1

00000080 <.Loc.5>:
      80:	a2 32       	cpi	r26, 0x22	; 34

00000082 <.Loc.6>:
      82:	b2 07       	cpc	r27, r18

00000084 <.Loc.7>:
      84:	e1 f7       	brne	.-8      	; 0x7e <.Loc.4>

00000086 <__call_main>:
      86:	0e 94 d9 16 	call	0x2db2	; 0x2db2 <main>
      8a:	0c 94 fd 23 	jmp	0x47fa	; 0x47fa <_exit>

0000008e <__bad_interrupt>:
      8e:	0c 94 00 00 	jmp	0	; 0x0 <__vectors>

00000092 <integer_to_arraybcd_msb_lsb>:
      92:	8f 92       	push	r8
      94:	9f 92       	push	r9
      96:	af 92       	push	r10
      98:	bf 92       	push	r11
      9a:	cf 92       	push	r12
      9c:	df 92       	push	r13
      9e:	ef 92       	push	r14
      a0:	ff 92       	push	r15
      a2:	0f 93       	push	r16
      a4:	1f 93       	push	r17
      a6:	cf 93       	push	r28
      a8:	df 93       	push	r29
      aa:	ac 01       	movw	r20, r24
      ac:	4b 01       	movw	r8, r22
      ae:	97 fd       	sbrc	r25, 7
      b0:	7b c0       	rjmp	.+246    	; 0x1a8 <.L8>
      b2:	fb 01       	movw	r30, r22
      b4:	db 01       	movw	r26, r22
      b6:	80 e0       	ldi	r24, 0x00	; 0
      b8:	90 e0       	ldi	r25, 0x00	; 0
      ba:	7d ec       	ldi	r23, 0xCD	; 205
      bc:	a7 2e       	mov	r10, r23
      be:	cd ec       	ldi	r28, 0xCD	; 205
      c0:	dc ec       	ldi	r29, 0xCC	; 204
      c2:	15 e0       	ldi	r17, 0x05	; 5
      c4:	b1 2e       	mov	r11, r17

000000c6 <.L5>:
      c6:	35 2f       	mov	r19, r21
      c8:	33 0f       	add	r19, r19
      ca:	33 0b       	sbc	r19, r19
      cc:	13 2f       	mov	r17, r19
      ce:	13 70       	andi	r17, 0x03	; 3
      d0:	04 2f       	mov	r16, r20
      d2:	02 95       	swap	r16
      d4:	0f 70       	andi	r16, 0x0F	; 15
      d6:	24 2f       	mov	r18, r20
      d8:	2f 70       	andi	r18, 0x0F	; 15
      da:	20 0f       	add	r18, r16
      dc:	05 2f       	mov	r16, r21
      de:	0f 70       	andi	r16, 0x0F	; 15
      e0:	20 0f       	add	r18, r16
      e2:	05 2f       	mov	r16, r21
      e4:	02 95       	swap	r16
      e6:	0f 70       	andi	r16, 0x0F	; 15
      e8:	20 0f       	add	r18, r16
      ea:	21 0f       	add	r18, r17
      ec:	2a 9d       	mul	r18, r10
      ee:	11 2d       	mov	r17, r1
      f0:	11 24       	eor	r1, r1
      f2:	01 2f       	mov	r16, r17
      f4:	06 95       	lsr	r16
      f6:	06 95       	lsr	r16
      f8:	1c 7f       	andi	r17, 0xFC	; 252
      fa:	10 0f       	add	r17, r16
      fc:	21 1b       	sub	r18, r17
      fe:	3c 7f       	andi	r19, 0xFC	; 252
     100:	23 0f       	add	r18, r19
     102:	32 2f       	mov	r19, r18
     104:	33 0f       	add	r19, r19
     106:	33 0b       	sbc	r19, r19
     108:	7a 01       	movw	r14, r20
     10a:	e2 1a       	sub	r14, r18
     10c:	f3 0a       	sbc	r15, r19
     10e:	ec 9e       	mul	r14, r28
     110:	80 01       	movw	r16, r0
     112:	ed 9e       	mul	r14, r29
     114:	10 0d       	add	r17, r0
     116:	fc 9e       	mul	r15, r28
     118:	10 0d       	add	r17, r0
     11a:	11 24       	eor	r1, r1
     11c:	78 01       	movw	r14, r16
     11e:	61 e0       	ldi	r22, 0x01	; 1
     120:	e6 22       	and	r14, r22
     122:	60 e8       	ldi	r22, 0x80	; 128
     124:	f6 22       	and	r15, r22
     126:	17 ff       	sbrs	r17, 7
     128:	08 c0       	rjmp	.+16     	; 0x13a <.L3>
     12a:	ea 94       	dec	r14
     12c:	6e ef       	ldi	r22, 0xFE	; 254
     12e:	e6 2a       	or	r14, r22
     130:	6f ef       	ldi	r22, 0xFF	; 255
     132:	f6 2e       	mov	r15, r22
     134:	6f ef       	ldi	r22, 0xFF	; 255
     136:	e6 1a       	sub	r14, r22
     138:	f6 0a       	sbc	r15, r22

0000013a <.L3>:
     13a:	be 9c       	mul	r11, r14
     13c:	60 01       	movw	r12, r0
     13e:	bf 9c       	mul	r11, r15
     140:	d0 0c       	add	r13, r0
     142:	11 24       	eor	r1, r1
     144:	2c 0d       	add	r18, r12
     146:	17 ff       	sbrs	r17, 7
     148:	02 c0       	rjmp	.+4      	; 0x14e <.L4>
     14a:	0f 5f       	subi	r16, 0xFF	; 255
     14c:	1f 4f       	sbci	r17, 0xFF	; 255

0000014e <.L4>:
     14e:	7c 01       	movw	r14, r24
     150:	01 96       	adiw	r24, 0x01	; 1
     152:	2d 93       	st	X+, r18
     154:	9a 01       	movw	r18, r20
     156:	a8 01       	movw	r20, r16
     158:	55 95       	asr	r21
     15a:	47 95       	ror	r20
     15c:	2a 30       	cpi	r18, 0x0A	; 10
     15e:	31 05       	cpc	r19, r1
     160:	0c f0       	brlt	.+2      	; 0x164 <.Lname64+0x1>

00000162 <L0^A>:
     162:	b1 cf       	rjmp	.-158    	; 0xc6 <.L5>
     164:	9c 01       	movw	r18, r24
     166:	35 95       	asr	r19
     168:	27 95       	ror	r18
     16a:	21 15       	cp	r18, r1
     16c:	31 05       	cpc	r19, r1
     16e:	79 f0       	breq	.+30     	; 0x18e <.L1>
     170:	d4 01       	movw	r26, r8
     172:	11 96       	adiw	r26, 0x01	; 1
     174:	ae 0d       	add	r26, r14
     176:	bf 1d       	adc	r27, r15
     178:	b4 01       	movw	r22, r8
     17a:	62 0f       	add	r22, r18
     17c:	73 1f       	adc	r23, r19

0000017e <.L7>:
     17e:	21 91       	ld	r18, Z+
     180:	3e 91       	ld	r19, -X
     182:	ef 01       	movw	r28, r30
     184:	3a 93       	st	-Y, r19
     186:	2c 93       	st	X, r18
     188:	e6 17       	cp	r30, r22
     18a:	f7 07       	cpc	r31, r23
     18c:	c1 f7       	brne	.-16     	; 0x17e <.L7>

0000018e <.L1>:
     18e:	df 91       	pop	r29
     190:	cf 91       	pop	r28
     192:	1f 91       	pop	r17
     194:	0f 91       	pop	r16
     196:	ff 90       	pop	r15
     198:	ef 90       	pop	r14
     19a:	df 90       	pop	r13
     19c:	cf 90       	pop	r12
     19e:	bf 90       	pop	r11
     1a0:	af 90       	pop	r10
     1a2:	9f 90       	pop	r9
     1a4:	8f 90       	pop	r8
     1a6:	08 95       	ret

000001a8 <.L8>:
     1a8:	80 e0       	ldi	r24, 0x00	; 0
     1aa:	90 e0       	ldi	r25, 0x00	; 0
     1ac:	f0 cf       	rjmp	.-32     	; 0x18e <.L1>

000001ae <paddingLeftw_>:
     1ae:	af 92       	push	r10
     1b0:	bf 92       	push	r11
     1b2:	cf 92       	push	r12
     1b4:	df 92       	push	r13
     1b6:	ef 92       	push	r14
     1b8:	ff 92       	push	r15
     1ba:	0f 93       	push	r16
     1bc:	1f 93       	push	r17
     1be:	cf 93       	push	r28
     1c0:	df 93       	push	r29
     1c2:	00 d0       	rcall	.+0      	; 0x1c4 <L0^A>

000001c4 <L0^A>:
     1c4:	0f 92       	push	r0
     1c6:	cd b7       	in	r28, 0x3d	; 61
     1c8:	de b7       	in	r29, 0x3e	; 62
     1ca:	7c 01       	movw	r14, r24
     1cc:	6a 83       	std	Y+2, r22	; 0x02
     1ce:	7b 83       	std	Y+3, r23	; 0x03
     1d0:	49 83       	std	Y+1, r20	; 0x01
     1d2:	0e 94 ab 23 	call	0x4756	; 0x4756 <strlen>
     1d6:	2a 81       	ldd	r18, Y+2	; 0x02
     1d8:	3b 81       	ldd	r19, Y+3	; 0x03
     1da:	28 17       	cp	r18, r24
     1dc:	39 07       	cpc	r19, r25
     1de:	d8 f1       	brcs	.+118    	; 0x256 <.L24>
     1e0:	12 16       	cp	r1, r18
     1e2:	13 06       	cpc	r1, r19
     1e4:	c4 f5       	brge	.+112    	; 0x256 <.L24>
     1e6:	f7 01       	movw	r30, r14
     1e8:	80 e0       	ldi	r24, 0x00	; 0
     1ea:	90 e0       	ldi	r25, 0x00	; 0
     1ec:	07 c0       	rjmp	.+14     	; 0x1fc <.L18>

000001ee <.L28>:
     1ee:	31 96       	adiw	r30, 0x01	; 1
     1f0:	01 96       	adiw	r24, 0x01	; 1
     1f2:	2a 81       	ldd	r18, Y+2	; 0x02
     1f4:	3b 81       	ldd	r19, Y+3	; 0x03
     1f6:	28 17       	cp	r18, r24
     1f8:	39 07       	cpc	r19, r25
     1fa:	69 f1       	breq	.+90     	; 0x256 <.L24>

000001fc <.L18>:
     1fc:	20 81       	ld	r18, Z
     1fe:	21 11       	cpse	r18, r1
     200:	f6 cf       	rjmp	.-20     	; 0x1ee <.L28>
     202:	00 97       	sbiw	r24, 0x00	; 0
     204:	41 f1       	breq	.+80     	; 0x256 <.L24>
     206:	2a 81       	ldd	r18, Y+2	; 0x02
     208:	3b 81       	ldd	r19, Y+3	; 0x03
     20a:	28 17       	cp	r18, r24
     20c:	39 07       	cpc	r19, r25
     20e:	19 f1       	breq	.+70     	; 0x256 <.L24>
     210:	f9 01       	movw	r30, r18
     212:	ee 0d       	add	r30, r14
     214:	ff 1d       	adc	r31, r15
     216:	10 82       	st	Z, r1
     218:	69 01       	movw	r12, r18
     21a:	c8 1a       	sub	r12, r24
     21c:	d9 0a       	sbc	r13, r25
     21e:	c9 f0       	breq	.+50     	; 0x252 <.L20>
     220:	c2 f0       	brmi	.+48     	; 0x252 <.L20>
     222:	00 e0       	ldi	r16, 0x00	; 0
     224:	10 e0       	ldi	r17, 0x00	; 0
     226:	57 01       	movw	r10, r14
     228:	31 e0       	ldi	r19, 0x01	; 1
     22a:	a3 1a       	sub	r10, r19
     22c:	b1 08       	sbc	r11, r1

0000022e <.L19>:
     22e:	4a 81       	ldd	r20, Y+2	; 0x02
     230:	5b 81       	ldd	r21, Y+3	; 0x03
     232:	b5 01       	movw	r22, r10
     234:	c7 01       	movw	r24, r14
     236:	0e 94 92 23 	call	0x4724	; 0x4724 <memmove>
     23a:	0f 5f       	subi	r16, 0xFF	; 255
     23c:	1f 4f       	sbci	r17, 0xFF	; 255
     23e:	0c 15       	cp	r16, r12
     240:	1d 05       	cpc	r17, r13
     242:	a9 f7       	brne	.-22     	; 0x22e <.L19>
     244:	89 81       	ldd	r24, Y+1	; 0x01
     246:	68 2f       	mov	r22, r24
     248:	70 e0       	ldi	r23, 0x00	; 0
     24a:	a8 01       	movw	r20, r16
     24c:	c7 01       	movw	r24, r14
     24e:	0e 94 a4 23 	call	0x4748	; 0x4748 <memset>

00000252 <.L20>:
     252:	81 e0       	ldi	r24, 0x01	; 1
     254:	01 c0       	rjmp	.+2      	; 0x258 <.L15>

00000256 <.L24>:
     256:	80 e0       	ldi	r24, 0x00	; 0

00000258 <.L15>:
     258:	0f 90       	pop	r0
     25a:	0f 90       	pop	r0
     25c:	0f 90       	pop	r0
     25e:	df 91       	pop	r29
     260:	cf 91       	pop	r28
     262:	1f 91       	pop	r17
     264:	0f 91       	pop	r16
     266:	ff 90       	pop	r15
     268:	ef 90       	pop	r14
     26a:	df 90       	pop	r13
     26c:	cf 90       	pop	r12
     26e:	bf 90       	pop	r11
     270:	af 90       	pop	r10
     272:	08 95       	ret

00000274 <paddingLeftwZeroes>:
     274:	40 e3       	ldi	r20, 0x30	; 48
     276:	0c 94 d7 00 	jmp	0x1ae	; 0x1ae <paddingLeftw_>

0000027a <paddingLeftwBlanks>:
     27a:	40 e2       	ldi	r20, 0x20	; 32
     27c:	0c 94 d7 00 	jmp	0x1ae	; 0x1ae <paddingLeftw_>

00000280 <USART_Init>:
     280:	90 bd       	out	0x20, r25	; 32
     282:	89 b9       	out	0x09, r24	; 9
     284:	88 e0       	ldi	r24, 0x08	; 8
     286:	8a b9       	out	0x0a, r24	; 10
     288:	88 e1       	ldi	r24, 0x18	; 24
     28a:	8a b9       	out	0x0a, r24	; 10
     28c:	86 e8       	ldi	r24, 0x86	; 134
     28e:	80 bd       	out	0x20, r24	; 32
     290:	08 95       	ret

00000292 <USART_Transmit>:
     292:	5d 9b       	sbis	0x0b, 5	; 11
     294:	fe cf       	rjmp	.-4      	; 0x292 <USART_Transmit>
     296:	8c b9       	out	0x0c, r24	; 12
     298:	08 95       	ret

0000029a <USART_Receive>:
     29a:	5f 9b       	sbis	0x0b, 7	; 11
     29c:	fe cf       	rjmp	.-4      	; 0x29a <USART_Receive>
     29e:	8c b1       	in	r24, 0x0c	; 12
     2a0:	08 95       	ret

000002a2 <USART_RX_vect>:
     2a2:	1f 92       	push	r1
     2a4:	0f 92       	push	r0
     2a6:	0f b6       	in	r0, 0x3f	; 63
     2a8:	0f 92       	push	r0
     2aa:	11 24       	eor	r1, r1
     2ac:	2f 93       	push	r18
     2ae:	3f 93       	push	r19
     2b0:	4f 93       	push	r20
     2b2:	5f 93       	push	r21
     2b4:	6f 93       	push	r22
     2b6:	7f 93       	push	r23
     2b8:	8f 93       	push	r24
     2ba:	9f 93       	push	r25
     2bc:	af 93       	push	r26
     2be:	bf 93       	push	r27
     2c0:	ef 93       	push	r30
     2c2:	ff 93       	push	r31
     2c4:	0e 94 bb 05 	call	0xb76	; 0xb76 <rx_handler>
     2c8:	ff 91       	pop	r31
     2ca:	ef 91       	pop	r30
     2cc:	bf 91       	pop	r27
     2ce:	af 91       	pop	r26
     2d0:	9f 91       	pop	r25
     2d2:	8f 91       	pop	r24
     2d4:	7f 91       	pop	r23
     2d6:	6f 91       	pop	r22
     2d8:	5f 91       	pop	r21
     2da:	4f 91       	pop	r20
     2dc:	3f 91       	pop	r19
     2de:	2f 91       	pop	r18
     2e0:	0f 90       	pop	r0
     2e2:	0f be       	out	0x3f, r0	; 63
     2e4:	0f 90       	pop	r0
     2e6:	1f 90       	pop	r1
     2e8:	18 95       	reti

000002ea <usart_print_string>:
     2ea:	fc 01       	movw	r30, r24
     2ec:	90 81       	ld	r25, Z
     2ee:	91 15       	cp	r25, r1
     2f0:	39 f0       	breq	.+14     	; 0x300 <.L11>
     2f2:	31 96       	adiw	r30, 0x01	; 1

000002f4 <.L13>:
     2f4:	5d 9b       	sbis	0x0b, 5	; 11
     2f6:	fe cf       	rjmp	.-4      	; 0x2f4 <.L13>
     2f8:	9c b9       	out	0x0c, r25	; 12
     2fa:	91 91       	ld	r25, Z+
     2fc:	91 11       	cpse	r25, r1
     2fe:	fa cf       	rjmp	.-12     	; 0x2f4 <.L13>

00000300 <.L11>:
     300:	08 95       	ret

00000302 <usart_println_string>:
     302:	fc 01       	movw	r30, r24
     304:	90 81       	ld	r25, Z
     306:	91 15       	cp	r25, r1
     308:	39 f0       	breq	.+14     	; 0x318 <.L25>
     30a:	31 96       	adiw	r30, 0x01	; 1

0000030c <.L23>:
     30c:	5d 9b       	sbis	0x0b, 5	; 11
     30e:	fe cf       	rjmp	.-4      	; 0x30c <.L23>
     310:	9c b9       	out	0x0c, r25	; 12
     312:	91 91       	ld	r25, Z+
     314:	91 11       	cpse	r25, r1
     316:	fa cf       	rjmp	.-12     	; 0x30c <.L23>

00000318 <.L25>:
     318:	5d 9b       	sbis	0x0b, 5	; 11
     31a:	fe cf       	rjmp	.-4      	; 0x318 <.L25>
     31c:	8a e0       	ldi	r24, 0x0A	; 10
     31e:	8c b9       	out	0x0c, r24	; 12
     320:	08 95       	ret

00000322 <usart_print_PSTRstring>:
     322:	fc 01       	movw	r30, r24
     324:	84 91       	lpm	r24, Z
     326:	81 15       	cp	r24, r1
     328:	39 f0       	breq	.+14     	; 0x338 <.L34>

0000032a <.L36>:
     32a:	5d 9b       	sbis	0x0b, 5	; 11
     32c:	fe cf       	rjmp	.-4      	; 0x32a <.L36>
     32e:	8c b9       	out	0x0c, r24	; 12
     330:	31 96       	adiw	r30, 0x01	; 1
     332:	84 91       	lpm	r24, Z
     334:	81 11       	cpse	r24, r1
     336:	f9 cf       	rjmp	.-14     	; 0x32a <.L36>

00000338 <.L34>:
     338:	08 95       	ret

0000033a <usart_println_PSTRstring>:
     33a:	fc 01       	movw	r30, r24
     33c:	84 91       	lpm	r24, Z
     33e:	81 15       	cp	r24, r1
     340:	39 f0       	breq	.+14     	; 0x350 <.L48>

00000342 <.L46>:
     342:	5d 9b       	sbis	0x0b, 5	; 11
     344:	fe cf       	rjmp	.-4      	; 0x342 <.L46>
     346:	8c b9       	out	0x0c, r24	; 12
     348:	31 96       	adiw	r30, 0x01	; 1
     34a:	84 91       	lpm	r24, Z
     34c:	81 11       	cpse	r24, r1
     34e:	f9 cf       	rjmp	.-14     	; 0x342 <.L46>

00000350 <.L48>:
     350:	5d 9b       	sbis	0x0b, 5	; 11
     352:	fe cf       	rjmp	.-4      	; 0x350 <.L48>
     354:	8a e0       	ldi	r24, 0x0A	; 10
     356:	8c b9       	out	0x0c, r24	; 12
     358:	08 95       	ret

0000035a <time_set>:
     35a:	08 95       	ret

0000035c <time_dec>:
     35c:	fc 01       	movw	r30, r24
     35e:	91 81       	ldd	r25, Z+1	; 0x01
     360:	91 11       	cpse	r25, r1
     362:	09 c0       	rjmp	.+18     	; 0x376 <.L4>
     364:	80 81       	ld	r24, Z
     366:	81 15       	cp	r24, r1
     368:	81 f0       	breq	.+32     	; 0x38a <.L15>

0000036a <.L6>:
     36a:	9b e3       	ldi	r25, 0x3B	; 59
     36c:	91 83       	std	Z+1, r25	; 0x01
     36e:	81 50       	subi	r24, 0x01	; 1
     370:	80 83       	st	Z, r24
     372:	80 e0       	ldi	r24, 0x00	; 0
     374:	08 95       	ret

00000376 <.L4>:
     376:	91 50       	subi	r25, 0x01	; 1
     378:	91 83       	std	Z+1, r25	; 0x01
     37a:	91 15       	cp	r25, r1
     37c:	41 f4       	brne	.+16     	; 0x38e <.L7>
     37e:	81 e0       	ldi	r24, 0x01	; 1
     380:	90 81       	ld	r25, Z
     382:	91 15       	cp	r25, r1
     384:	19 f0       	breq	.+6      	; 0x38c <.L3>

00000386 <.L10>:
     386:	80 e0       	ldi	r24, 0x00	; 0
     388:	08 95       	ret

0000038a <.L15>:
     38a:	81 e0       	ldi	r24, 0x01	; 1

0000038c <.L3>:
     38c:	08 95       	ret

0000038e <.L7>:
     38e:	0c f0       	brlt	.+2      	; 0x392 <.L9>
     390:	fa cf       	rjmp	.-12     	; 0x386 <.L10>

00000392 <.L9>:
     392:	80 81       	ld	r24, Z
     394:	ea cf       	rjmp	.-44     	; 0x36a <.L6>

00000396 <time_inc>:
     396:	fc 01       	movw	r30, r24
     398:	81 81       	ldd	r24, Z+1	; 0x01
     39a:	90 81       	ld	r25, Z
     39c:	8b 33       	cpi	r24, 0x3B	; 59
     39e:	81 f0       	breq	.+32     	; 0x3c0 <.L29>
     3a0:	9b 33       	cpi	r25, 0x3B	; 59
     3a2:	1c f0       	brlt	.+6      	; 0x3aa <.L20>
     3a4:	89 f0       	breq	.+34     	; 0x3c8 <.L30>

000003a6 <.L25>:
     3a6:	81 e0       	ldi	r24, 0x01	; 1
     3a8:	08 95       	ret

000003aa <.L20>:
     3aa:	21 e0       	ldi	r18, 0x01	; 1
     3ac:	28 0f       	add	r18, r24
     3ae:	21 83       	std	Z+1, r18	; 0x01
     3b0:	8b 53       	subi	r24, 0x3B	; 59
     3b2:	84 34       	cpi	r24, 0x44	; 68
     3b4:	18 f4       	brcc	.+6      	; 0x3bc <.L22>

000003b6 <.L19>:
     3b6:	11 82       	std	Z+1, r1	; 0x01
     3b8:	9f 5f       	subi	r25, 0xFF	; 255
     3ba:	90 83       	st	Z, r25

000003bc <.L22>:
     3bc:	80 e0       	ldi	r24, 0x00	; 0
     3be:	08 95       	ret

000003c0 <.L29>:
     3c0:	9b 33       	cpi	r25, 0x3B	; 59
     3c2:	cc f3       	brlt	.-14     	; 0x3b6 <.L19>
     3c4:	81 e0       	ldi	r24, 0x01	; 1
     3c6:	08 95       	ret

000003c8 <.L30>:
     3c8:	8c 33       	cpi	r24, 0x3C	; 60
     3ca:	6c f7       	brge	.-38     	; 0x3a6 <.L25>
     3cc:	91 e0       	ldi	r25, 0x01	; 1
     3ce:	98 0f       	add	r25, r24
     3d0:	91 83       	std	Z+1, r25	; 0x01
     3d2:	81 e0       	ldi	r24, 0x01	; 1
     3d4:	9b 33       	cpi	r25, 0x3B	; 59
     3d6:	91 f7       	brne	.-28     	; 0x3bc <.L22>
     3d8:	08 95       	ret

000003da <termopile_job>:
     3da:	cf 93       	push	r28
     3dc:	df 93       	push	r29
     3de:	00 d0       	rcall	.+0      	; 0x3e0 <L0^A>

000003e0 <L0^A>:
     3e0:	00 d0       	rcall	.+0      	; 0x3e2 <L0^A>

000003e2 <L0^A>:
     3e2:	cd b7       	in	r28, 0x3d	; 61
     3e4:	de b7       	in	r29, 0x3e	; 62
     3e6:	19 82       	std	Y+1, r1	; 0x01
     3e8:	1a 82       	std	Y+2, r1	; 0x02
     3ea:	1b 82       	std	Y+3, r1	; 0x03
     3ec:	1c 82       	std	Y+4, r1	; 0x04
     3ee:	80 91 0c 03 	lds	r24, 0x030C	; 0x80030c <termopila>
     3f2:	90 91 0d 03 	lds	r25, 0x030D	; 0x80030d <termopila+0x1>
     3f6:	89 2b       	or	r24, r25
     3f8:	41 f5       	brne	.+80     	; 0x44a <.L2>
     3fa:	44 b1       	in	r20, 0x04	; 4
     3fc:	85 b1       	in	r24, 0x05	; 5
     3fe:	20 91 98 04 	lds	r18, 0x0498	; 0x800498 <job_captureTermopile+0x1>
     402:	30 91 99 04 	lds	r19, 0x0499	; 0x800499 <job_captureTermopile+0x2>
     406:	f9 01       	movw	r30, r18
     408:	ee 0f       	add	r30, r30
     40a:	ff 1f       	adc	r31, r31
     40c:	e1 5d       	subi	r30, 0xD1	; 209
     40e:	fc 4f       	sbci	r31, 0xFC	; 252
     410:	40 83       	st	Z, r20
     412:	81 83       	std	Z+1, r24	; 0x01
     414:	2f 5f       	subi	r18, 0xFF	; 255
     416:	3f 4f       	sbci	r19, 0xFF	; 255
     418:	2e 31       	cpi	r18, 0x1E	; 30
     41a:	31 05       	cpc	r19, r1
     41c:	60 f4       	brcc	.+24     	; 0x436 <.L3>
     41e:	20 93 98 04 	sts	0x0498, r18	; 0x800498 <job_captureTermopile+0x1>
     422:	30 93 99 04 	sts	0x0499, r19	; 0x800499 <job_captureTermopile+0x2>

00000426 <.L5>:
     426:	80 e0       	ldi	r24, 0x00	; 0
     428:	0f 90       	pop	r0
     42a:	0f 90       	pop	r0
     42c:	0f 90       	pop	r0
     42e:	0f 90       	pop	r0
     430:	df 91       	pop	r29
     432:	cf 91       	pop	r28
     434:	08 95       	ret

00000436 <.L3>:
     436:	10 92 98 04 	sts	0x0498, r1	; 0x800498 <job_captureTermopile+0x1>
     43a:	10 92 99 04 	sts	0x0499, r1	; 0x800499 <job_captureTermopile+0x2>
     43e:	81 e0       	ldi	r24, 0x01	; 1
     440:	80 93 0c 03 	sts	0x030C, r24	; 0x80030c <termopila>
     444:	10 92 0d 03 	sts	0x030D, r1	; 0x80030d <termopila+0x1>
     448:	ee cf       	rjmp	.-36     	; 0x426 <.L5>

0000044a <.L2>:
     44a:	9e 01       	movw	r18, r28
     44c:	2f 5f       	subi	r18, 0xFF	; 255
     44e:	3f 4f       	sbci	r19, 0xFF	; 255
     450:	4e e1       	ldi	r20, 0x1E	; 30
     452:	50 e0       	ldi	r21, 0x00	; 0
     454:	6f e2       	ldi	r22, 0x2F	; 47
     456:	73 e0       	ldi	r23, 0x03	; 3
     458:	8a e1       	ldi	r24, 0x1A	; 26
     45a:	93 e0       	ldi	r25, 0x03	; 3
     45c:	0e 94 70 02 	call	0x4e0	; 0x4e0 <smoothAlg_nonblock>
     460:	81 15       	cp	r24, r1
     462:	09 f3       	breq	.-62     	; 0x426 <.L5>
     464:	69 81       	ldd	r22, Y+1	; 0x01
     466:	7a 81       	ldd	r23, Y+2	; 0x02
     468:	8b 81       	ldd	r24, Y+3	; 0x03
     46a:	9c 81       	ldd	r25, Y+4	; 0x04
     46c:	0e 94 4a 22 	call	0x4494	; 0x4494 <__fixunssfsi>
     470:	67 33       	cpi	r22, 0x37	; 55
     472:	71 05       	cpc	r23, r1
     474:	48 f4       	brcc	.+18     	; 0x488 <.L7>
     476:	80 91 14 03 	lds	r24, 0x0314	; 0x800314 <termopila+0x8>
     47a:	90 91 15 03 	lds	r25, 0x0315	; 0x800315 <termopila+0x9>
     47e:	01 96       	adiw	r24, 0x01	; 1
     480:	80 93 14 03 	sts	0x0314, r24	; 0x800314 <termopila+0x8>
     484:	90 93 15 03 	sts	0x0315, r25	; 0x800315 <termopila+0x9>

00000488 <.L7>:
     488:	80 91 10 03 	lds	r24, 0x0310	; 0x800310 <termopila+0x4>
     48c:	90 91 11 03 	lds	r25, 0x0311	; 0x800311 <termopila+0x5>
     490:	01 96       	adiw	r24, 0x01	; 1
     492:	82 30       	cpi	r24, 0x02	; 2
     494:	91 05       	cpc	r25, r1
     496:	fc f0       	brlt	.+62     	; 0x4d6 <.L15>
     498:	10 92 10 03 	sts	0x0310, r1	; 0x800310 <termopila+0x4>
     49c:	10 92 11 03 	sts	0x0311, r1	; 0x800311 <termopila+0x5>
     4a0:	81 e0       	ldi	r24, 0x01	; 1
     4a2:	20 91 14 03 	lds	r18, 0x0314	; 0x800314 <termopila+0x8>
     4a6:	30 91 15 03 	lds	r19, 0x0315	; 0x800315 <termopila+0x9>
     4aa:	22 30       	cpi	r18, 0x02	; 2
     4ac:	31 05       	cpc	r19, r1
     4ae:	0c f4       	brge	.+2      	; 0x4b2 <.L10>
     4b0:	80 e0       	ldi	r24, 0x00	; 0

000004b2 <.L10>:
     4b2:	80 93 45 04 	sts	0x0445, r24	; 0x800445 <e+0x7>
     4b6:	10 92 14 03 	sts	0x0314, r1	; 0x800314 <termopila+0x8>
     4ba:	10 92 15 03 	sts	0x0315, r1	; 0x800315 <termopila+0x9>

000004be <.L9>:
     4be:	10 92 0c 03 	sts	0x030C, r1	; 0x80030c <termopila>
     4c2:	10 92 0d 03 	sts	0x030D, r1	; 0x80030d <termopila+0x1>
     4c6:	81 e0       	ldi	r24, 0x01	; 1
     4c8:	0f 90       	pop	r0
     4ca:	0f 90       	pop	r0
     4cc:	0f 90       	pop	r0
     4ce:	0f 90       	pop	r0
     4d0:	df 91       	pop	r29
     4d2:	cf 91       	pop	r28
     4d4:	08 95       	ret

000004d6 <.L15>:
     4d6:	80 93 10 03 	sts	0x0310, r24	; 0x800310 <termopila+0x4>
     4da:	90 93 11 03 	sts	0x0311, r25	; 0x800311 <termopila+0x5>
     4de:	ef cf       	rjmp	.-34     	; 0x4be <.L9>

000004e0 <smoothAlg_nonblock>:
     4e0:	cf 93       	push	r28
     4e2:	df 93       	push	r29
     4e4:	cd b7       	in	r28, 0x3d	; 61
     4e6:	de b7       	in	r29, 0x3e	; 62
     4e8:	67 97       	sbiw	r28, 0x17	; 23
     4ea:	0f b6       	in	r0, 0x3f	; 63
     4ec:	f8 94       	cli
     4ee:	de bf       	out	0x3e, r29	; 62
     4f0:	0f be       	out	0x3f, r0	; 63
     4f2:	cd bf       	out	0x3d, r28	; 61
     4f4:	8e 8b       	std	Y+22, r24	; 0x16
     4f6:	9f 8b       	std	Y+23, r25	; 0x17
     4f8:	fb 01       	movw	r30, r22
     4fa:	4f 83       	std	Y+7, r20	; 0x07
     4fc:	58 87       	std	Y+8, r21	; 0x08
     4fe:	2d 83       	std	Y+5, r18	; 0x05
     500:	3e 83       	std	Y+6, r19	; 0x06
     502:	dc 01       	movw	r26, r24
     504:	8c 91       	ld	r24, X
     506:	81 30       	cpi	r24, 0x01	; 1
     508:	08 f0       	brcs	.+2      	; 0x50c <L0^A+0x2>

0000050a <L0^A>:
     50a:	62 c0       	rjmp	.+196    	; 0x5d0 <.L2>
     50c:	11 96       	adiw	r26, 0x01	; 1
     50e:	1d 92       	st	X+, r1
     510:	1d 92       	st	X+, r1
     512:	13 97       	sbiw	r26, 0x03	; 3
     514:	81 e0       	ldi	r24, 0x01	; 1
     516:	8c 93       	st	X, r24
     518:	21 e0       	ldi	r18, 0x01	; 1
     51a:	2d 83       	std	Y+5, r18	; 0x05
     51c:	1e 82       	std	Y+6, r1	; 0x06
     51e:	19 82       	std	Y+1, r1	; 0x01
     520:	1a 82       	std	Y+2, r1	; 0x02
     522:	1b 82       	std	Y+3, r1	; 0x03
     524:	1c 82       	std	Y+4, r1	; 0x04

00000526 <.L3>:
     526:	60 81       	ld	r22, Z
     528:	71 81       	ldd	r23, Z+1	; 0x01
     52a:	80 e0       	ldi	r24, 0x00	; 0
     52c:	90 e0       	ldi	r25, 0x00	; 0
     52e:	0e 94 73 22 	call	0x44e6	; 0x44e6 <__floatunsisf>
     532:	29 81       	ldd	r18, Y+1	; 0x01
     534:	3a 81       	ldd	r19, Y+2	; 0x02
     536:	4b 81       	ldd	r20, Y+3	; 0x03
     538:	5c 81       	ldd	r21, Y+4	; 0x04
     53a:	0e 94 60 21 	call	0x42c0	; 0x42c0 <__addsf3>
     53e:	69 83       	std	Y+1, r22	; 0x01
     540:	7a 83       	std	Y+2, r23	; 0x02
     542:	8b 83       	std	Y+3, r24	; 0x03
     544:	9c 83       	std	Y+4, r25	; 0x04
     546:	ae 89       	ldd	r26, Y+22	; 0x16
     548:	bf 89       	ldd	r27, Y+23	; 0x17
     54a:	13 96       	adiw	r26, 0x03	; 3
     54c:	6d 93       	st	X+, r22
     54e:	7d 93       	st	X+, r23
     550:	8d 93       	st	X+, r24
     552:	9d 93       	st	X+, r25
     554:	17 97       	sbiw	r26, 0x07	; 7
     556:	ed 81       	ldd	r30, Y+5	; 0x05
     558:	fe 81       	ldd	r31, Y+6	; 0x06
     55a:	2f 81       	ldd	r18, Y+7	; 0x07
     55c:	38 85       	ldd	r19, Y+8	; 0x08
     55e:	e2 17       	cp	r30, r18
     560:	f3 07       	cpc	r31, r19
     562:	08 f4       	brcc	.+2      	; 0x566 <L0^A+0x2>

00000564 <L0^A>:
     564:	aa c0       	rjmp	.+340    	; 0x6ba <.L19>
     566:	f9 01       	movw	r30, r18
     568:	11 96       	adiw	r26, 0x01	; 1
     56a:	1d 92       	st	X+, r1
     56c:	1d 92       	st	X+, r1
     56e:	bf 01       	movw	r22, r30
     570:	ff 0f       	add	r31, r31
     572:	88 0b       	sbc	r24, r24
     574:	98 2f       	mov	r25, r24
     576:	0e 94 75 22 	call	0x44ea	; 0x44ea <__floatsisf>
     57a:	9b 01       	movw	r18, r22
     57c:	ac 01       	movw	r20, r24
     57e:	69 81       	ldd	r22, Y+1	; 0x01
     580:	7a 81       	ldd	r23, Y+2	; 0x02
     582:	8b 81       	ldd	r24, Y+3	; 0x03
     584:	9c 81       	ldd	r25, Y+4	; 0x04
     586:	0e 94 d1 21 	call	0x43a2	; 0x43a2 <__divsf3>
     58a:	ae 89       	ldd	r26, Y+22	; 0x16
     58c:	bf 89       	ldd	r27, Y+23	; 0x17
     58e:	13 96       	adiw	r26, 0x03	; 3
     590:	6d 93       	st	X+, r22
     592:	7d 93       	st	X+, r23
     594:	8d 93       	st	X+, r24
     596:	9d 93       	st	X+, r25
     598:	1d 92       	st	X+, r1
     59a:	1d 92       	st	X+, r1
     59c:	1d 92       	st	X+, r1
     59e:	1d 92       	st	X+, r1
     5a0:	1b 97       	sbiw	r26, 0x0b	; 11
     5a2:	fd 01       	movw	r30, r26
     5a4:	13 86       	std	Z+11, r1	; 0x0b
     5a6:	14 86       	std	Z+12, r1	; 0x0c
     5a8:	15 86       	std	Z+13, r1	; 0x0d
     5aa:	16 86       	std	Z+14, r1	; 0x0e
     5ac:	1f 96       	adiw	r26, 0x0f	; 15
     5ae:	1d 92       	st	X+, r1
     5b0:	1d 92       	st	X+, r1
     5b2:	1d 92       	st	X+, r1
     5b4:	1d 92       	st	X+, r1
     5b6:	53 97       	sbiw	r26, 0x13	; 19
     5b8:	82 e0       	ldi	r24, 0x02	; 2
     5ba:	8c 93       	st	X, r24

000005bc <.L6>:
     5bc:	80 e0       	ldi	r24, 0x00	; 0

000005be <.L1>:
     5be:	67 96       	adiw	r28, 0x17	; 23
     5c0:	0f b6       	in	r0, 0x3f	; 63
     5c2:	f8 94       	cli
     5c4:	de bf       	out	0x3e, r29	; 62
     5c6:	0f be       	out	0x3f, r0	; 63
     5c8:	cd bf       	out	0x3d, r28	; 61
     5ca:	df 91       	pop	r29
     5cc:	cf 91       	pop	r28
     5ce:	08 95       	ret

000005d0 <.L2>:
     5d0:	09 f4       	brne	.+2      	; 0x5d4 <L0^A+0x2>

000005d2 <L0^A>:
     5d2:	fb c0       	rjmp	.+502    	; 0x7ca <.L20>
     5d4:	82 30       	cpi	r24, 0x02	; 2
     5d6:	91 f7       	brne	.-28     	; 0x5bc <.L6>
     5d8:	ae 89       	ldd	r26, Y+22	; 0x16
     5da:	bf 89       	ldd	r27, Y+23	; 0x17
     5dc:	11 96       	adiw	r26, 0x01	; 1
     5de:	0d 90       	ld	r0, X+
     5e0:	bc 91       	ld	r27, X
     5e2:	a0 2d       	mov	r26, r0
     5e4:	aa 8b       	std	Y+18, r26	; 0x12
     5e6:	bb 8b       	std	Y+19, r27	; 0x13
     5e8:	cd 01       	movw	r24, r26
     5ea:	88 0f       	add	r24, r24
     5ec:	99 1f       	adc	r25, r25
     5ee:	9b 01       	movw	r18, r22
     5f0:	28 0f       	add	r18, r24
     5f2:	39 1f       	adc	r19, r25
     5f4:	2c 8b       	std	Y+20, r18	; 0x14
     5f6:	3d 8b       	std	Y+21, r19	; 0x15
     5f8:	d9 01       	movw	r26, r18
     5fa:	6d 91       	ld	r22, X+
     5fc:	7d 91       	ld	r23, X+
     5fe:	80 e0       	ldi	r24, 0x00	; 0
     600:	90 e0       	ldi	r25, 0x00	; 0
     602:	0e 94 73 22 	call	0x44e6	; 0x44e6 <__floatunsisf>
     606:	6b 87       	std	Y+11, r22	; 0x0b
     608:	7f 87       	std	Y+15, r23	; 0x0f
     60a:	88 8b       	std	Y+16, r24	; 0x10
     60c:	99 8b       	std	Y+17, r25	; 0x11
     60e:	ae 89       	ldd	r26, Y+22	; 0x16
     610:	bf 89       	ldd	r27, Y+23	; 0x17
     612:	13 96       	adiw	r26, 0x03	; 3
     614:	8d 91       	ld	r24, X+
     616:	9d 91       	ld	r25, X+
     618:	0d 90       	ld	r0, X+
     61a:	bc 91       	ld	r27, X
     61c:	a0 2d       	mov	r26, r0
     61e:	89 83       	std	Y+1, r24	; 0x01
     620:	9a 83       	std	Y+2, r25	; 0x02
     622:	ab 83       	std	Y+3, r26	; 0x03
     624:	bc 83       	std	Y+4, r27	; 0x04
     626:	26 2f       	mov	r18, r22
     628:	3f 85       	ldd	r19, Y+15	; 0x0f
     62a:	48 89       	ldd	r20, Y+16	; 0x10
     62c:	59 89       	ldd	r21, Y+17	; 0x11
     62e:	69 81       	ldd	r22, Y+1	; 0x01
     630:	7a 81       	ldd	r23, Y+2	; 0x02
     632:	8b 81       	ldd	r24, Y+3	; 0x03
     634:	9c 81       	ldd	r25, Y+4	; 0x04
     636:	0e 94 cc 21 	call	0x4398	; 0x4398 <__cmpsf2>
     63a:	87 fd       	sbrc	r24, 7
     63c:	42 c0       	rjmp	.+132    	; 0x6c2 <.L21>
     63e:	6b 85       	ldd	r22, Y+11	; 0x0b
     640:	7f 85       	ldd	r23, Y+15	; 0x0f
     642:	88 89       	ldd	r24, Y+16	; 0x10
     644:	99 89       	ldd	r25, Y+17	; 0x11

00000646 <.L9>:
     646:	9b 01       	movw	r18, r22
     648:	ac 01       	movw	r20, r24
     64a:	69 81       	ldd	r22, Y+1	; 0x01
     64c:	7a 81       	ldd	r23, Y+2	; 0x02
     64e:	8b 81       	ldd	r24, Y+3	; 0x03
     650:	9c 81       	ldd	r25, Y+4	; 0x04
     652:	0e 94 20 23 	call	0x4640	; 0x4640 <__gesf2>
     656:	18 16       	cp	r1, r24
     658:	14 f5       	brge	.+68     	; 0x69e <.L11>
     65a:	ee 89       	ldd	r30, Y+22	; 0x16
     65c:	ff 89       	ldd	r31, Y+23	; 0x17
     65e:	81 85       	ldd	r24, Z+9	; 0x09
     660:	92 85       	ldd	r25, Z+10	; 0x0a
     662:	01 96       	adiw	r24, 0x01	; 1
     664:	81 87       	std	Z+9, r24	; 0x09
     666:	92 87       	std	Z+10, r25	; 0x0a
     668:	2b 85       	ldd	r18, Y+11	; 0x0b
     66a:	3f 85       	ldd	r19, Y+15	; 0x0f
     66c:	48 89       	ldd	r20, Y+16	; 0x10
     66e:	59 89       	ldd	r21, Y+17	; 0x11
     670:	69 81       	ldd	r22, Y+1	; 0x01
     672:	7a 81       	ldd	r23, Y+2	; 0x02
     674:	8b 81       	ldd	r24, Y+3	; 0x03
     676:	9c 81       	ldd	r25, Y+4	; 0x04
     678:	0e 94 5f 21 	call	0x42be	; 0x42be <__subsf3>
     67c:	9b 01       	movw	r18, r22
     67e:	ac 01       	movw	r20, r24
     680:	ae 89       	ldd	r26, Y+22	; 0x16
     682:	bf 89       	ldd	r27, Y+23	; 0x17
     684:	1f 96       	adiw	r26, 0x0f	; 15
     686:	6d 91       	ld	r22, X+
     688:	7d 91       	ld	r23, X+
     68a:	8d 91       	ld	r24, X+
     68c:	9d 91       	ld	r25, X+
     68e:	0e 94 60 21 	call	0x42c0	; 0x42c0 <__addsf3>
     692:	ee 89       	ldd	r30, Y+22	; 0x16
     694:	ff 89       	ldd	r31, Y+23	; 0x17
     696:	67 87       	std	Z+15, r22	; 0x0f
     698:	70 8b       	std	Z+16, r23	; 0x10
     69a:	81 8b       	std	Z+17, r24	; 0x11
     69c:	92 8b       	std	Z+18, r25	; 0x12

0000069e <.L11>:
     69e:	8a 89       	ldd	r24, Y+18	; 0x12
     6a0:	9b 89       	ldd	r25, Y+19	; 0x13
     6a2:	01 96       	adiw	r24, 0x01	; 1
     6a4:	2f 81       	ldd	r18, Y+7	; 0x07
     6a6:	38 85       	ldd	r19, Y+8	; 0x08
     6a8:	82 17       	cp	r24, r18
     6aa:	93 07       	cpc	r25, r19
     6ac:	a8 f5       	brcc	.+106    	; 0x718 <.L13>
     6ae:	ae 89       	ldd	r26, Y+22	; 0x16
     6b0:	bf 89       	ldd	r27, Y+23	; 0x17
     6b2:	11 96       	adiw	r26, 0x01	; 1
     6b4:	8d 93       	st	X+, r24
     6b6:	9d 93       	st	X+, r25
     6b8:	81 cf       	rjmp	.-254    	; 0x5bc <.L6>

000006ba <.L19>:
     6ba:	11 96       	adiw	r26, 0x01	; 1
     6bc:	ed 93       	st	X+, r30
     6be:	fd 93       	st	X+, r31
     6c0:	7d cf       	rjmp	.-262    	; 0x5bc <.L6>

000006c2 <.L21>:
     6c2:	ee 89       	ldd	r30, Y+22	; 0x16
     6c4:	ff 89       	ldd	r31, Y+23	; 0x17
     6c6:	87 81       	ldd	r24, Z+7	; 0x07
     6c8:	90 85       	ldd	r25, Z+8	; 0x08
     6ca:	01 96       	adiw	r24, 0x01	; 1
     6cc:	87 83       	std	Z+7, r24	; 0x07
     6ce:	90 87       	std	Z+8, r25	; 0x08
     6d0:	29 81       	ldd	r18, Y+1	; 0x01
     6d2:	3a 81       	ldd	r19, Y+2	; 0x02
     6d4:	4b 81       	ldd	r20, Y+3	; 0x03
     6d6:	5c 81       	ldd	r21, Y+4	; 0x04
     6d8:	6b 85       	ldd	r22, Y+11	; 0x0b
     6da:	7f 85       	ldd	r23, Y+15	; 0x0f
     6dc:	88 89       	ldd	r24, Y+16	; 0x10
     6de:	99 89       	ldd	r25, Y+17	; 0x11
     6e0:	0e 94 5f 21 	call	0x42be	; 0x42be <__subsf3>
     6e4:	9b 01       	movw	r18, r22
     6e6:	ac 01       	movw	r20, r24
     6e8:	ae 89       	ldd	r26, Y+22	; 0x16
     6ea:	bf 89       	ldd	r27, Y+23	; 0x17
     6ec:	1b 96       	adiw	r26, 0x0b	; 11
     6ee:	6d 91       	ld	r22, X+
     6f0:	7d 91       	ld	r23, X+
     6f2:	8d 91       	ld	r24, X+
     6f4:	9d 91       	ld	r25, X+
     6f6:	0e 94 60 21 	call	0x42c0	; 0x42c0 <__addsf3>
     6fa:	ee 89       	ldd	r30, Y+22	; 0x16
     6fc:	ff 89       	ldd	r31, Y+23	; 0x17
     6fe:	63 87       	std	Z+11, r22	; 0x0b
     700:	74 87       	std	Z+12, r23	; 0x0c
     702:	85 87       	std	Z+13, r24	; 0x0d
     704:	96 87       	std	Z+14, r25	; 0x0e
     706:	ac 89       	ldd	r26, Y+20	; 0x14
     708:	bd 89       	ldd	r27, Y+21	; 0x15
     70a:	6d 91       	ld	r22, X+
     70c:	7d 91       	ld	r23, X+
     70e:	80 e0       	ldi	r24, 0x00	; 0
     710:	90 e0       	ldi	r25, 0x00	; 0
     712:	0e 94 73 22 	call	0x44e6	; 0x44e6 <__floatunsisf>
     716:	97 cf       	rjmp	.-210    	; 0x646 <.L9>

00000718 <.L13>:
     718:	ee 89       	ldd	r30, Y+22	; 0x16
     71a:	ff 89       	ldd	r31, Y+23	; 0x17
     71c:	11 82       	std	Z+1, r1	; 0x01
     71e:	12 82       	std	Z+2, r1	; 0x02
     720:	10 82       	st	Z, r1
     722:	b9 01       	movw	r22, r18
     724:	33 0f       	add	r19, r19
     726:	88 0b       	sbc	r24, r24
     728:	98 2f       	mov	r25, r24
     72a:	0e 94 75 22 	call	0x44ea	; 0x44ea <__floatsisf>
     72e:	6f 83       	std	Y+7, r22	; 0x07
     730:	78 87       	std	Y+8, r23	; 0x08
     732:	89 87       	std	Y+9, r24	; 0x09
     734:	9a 87       	std	Y+10, r25	; 0x0a
     736:	ae 89       	ldd	r26, Y+22	; 0x16
     738:	bf 89       	ldd	r27, Y+23	; 0x17
     73a:	1f 96       	adiw	r26, 0x0f	; 15
     73c:	2d 91       	ld	r18, X+
     73e:	3d 91       	ld	r19, X+
     740:	4d 91       	ld	r20, X+
     742:	5d 91       	ld	r21, X+
     744:	18 97       	sbiw	r26, 0x08	; 8
     746:	6d 91       	ld	r22, X+
     748:	7d 91       	ld	r23, X+
     74a:	8d 91       	ld	r24, X+
     74c:	9d 91       	ld	r25, X+
     74e:	0e 94 60 21 	call	0x42c0	; 0x42c0 <__addsf3>
     752:	6b 87       	std	Y+11, r22	; 0x0b
     754:	7c 87       	std	Y+12, r23	; 0x0c
     756:	8d 87       	std	Y+13, r24	; 0x0d
     758:	9e 87       	std	Y+14, r25	; 0x0e
     75a:	ee 89       	ldd	r30, Y+22	; 0x16
     75c:	ff 89       	ldd	r31, Y+23	; 0x17
     75e:	67 81       	ldd	r22, Z+7	; 0x07
     760:	70 85       	ldd	r23, Z+8	; 0x08
     762:	81 85       	ldd	r24, Z+9	; 0x09
     764:	92 85       	ldd	r25, Z+10	; 0x0a
     766:	68 1b       	sub	r22, r24
     768:	79 0b       	sbc	r23, r25
     76a:	87 2f       	mov	r24, r23
     76c:	88 0f       	add	r24, r24
     76e:	88 0b       	sbc	r24, r24
     770:	98 2f       	mov	r25, r24
     772:	0e 94 75 22 	call	0x44ea	; 0x44ea <__floatsisf>
     776:	9b 01       	movw	r18, r22
     778:	ac 01       	movw	r20, r24
     77a:	6b 85       	ldd	r22, Y+11	; 0x0b
     77c:	7c 85       	ldd	r23, Y+12	; 0x0c
     77e:	8d 85       	ldd	r24, Y+13	; 0x0d
     780:	9e 85       	ldd	r25, Y+14	; 0x0e
     782:	0e 94 25 23 	call	0x464a	; 0x464a <__mulsf3>
     786:	6b 87       	std	Y+11, r22	; 0x0b
     788:	7c 87       	std	Y+12, r23	; 0x0c
     78a:	8d 87       	std	Y+13, r24	; 0x0d
     78c:	9e 87       	std	Y+14, r25	; 0x0e
     78e:	2f 81       	ldd	r18, Y+7	; 0x07
     790:	38 85       	ldd	r19, Y+8	; 0x08
     792:	49 85       	ldd	r20, Y+9	; 0x09
     794:	5a 85       	ldd	r21, Y+10	; 0x0a
     796:	b9 01       	movw	r22, r18
     798:	ca 01       	movw	r24, r20
     79a:	0e 94 25 23 	call	0x464a	; 0x464a <__mulsf3>
     79e:	9b 01       	movw	r18, r22
     7a0:	ac 01       	movw	r20, r24
     7a2:	6b 85       	ldd	r22, Y+11	; 0x0b
     7a4:	7c 85       	ldd	r23, Y+12	; 0x0c
     7a6:	8d 85       	ldd	r24, Y+13	; 0x0d
     7a8:	9e 85       	ldd	r25, Y+14	; 0x0e
     7aa:	0e 94 d1 21 	call	0x43a2	; 0x43a2 <__divsf3>
     7ae:	29 81       	ldd	r18, Y+1	; 0x01
     7b0:	3a 81       	ldd	r19, Y+2	; 0x02
     7b2:	4b 81       	ldd	r20, Y+3	; 0x03
     7b4:	5c 81       	ldd	r21, Y+4	; 0x04
     7b6:	0e 94 60 21 	call	0x42c0	; 0x42c0 <__addsf3>
     7ba:	ad 81       	ldd	r26, Y+5	; 0x05
     7bc:	be 81       	ldd	r27, Y+6	; 0x06
     7be:	6d 93       	st	X+, r22
     7c0:	7d 93       	st	X+, r23
     7c2:	8d 93       	st	X+, r24
     7c4:	9d 93       	st	X+, r25
     7c6:	81 e0       	ldi	r24, 0x01	; 1
     7c8:	fa ce       	rjmp	.-524    	; 0x5be <.L1>

000007ca <.L20>:
     7ca:	ae 89       	ldd	r26, Y+22	; 0x16
     7cc:	bf 89       	ldd	r27, Y+23	; 0x17
     7ce:	13 96       	adiw	r26, 0x03	; 3
     7d0:	8d 91       	ld	r24, X+
     7d2:	9d 91       	ld	r25, X+
     7d4:	0d 90       	ld	r0, X+
     7d6:	bc 91       	ld	r27, X
     7d8:	a0 2d       	mov	r26, r0
     7da:	89 83       	std	Y+1, r24	; 0x01
     7dc:	9a 83       	std	Y+2, r25	; 0x02
     7de:	ab 83       	std	Y+3, r26	; 0x03
     7e0:	bc 83       	std	Y+4, r27	; 0x04
     7e2:	ae 89       	ldd	r26, Y+22	; 0x16
     7e4:	bf 89       	ldd	r27, Y+23	; 0x17
     7e6:	11 96       	adiw	r26, 0x01	; 1
     7e8:	8d 91       	ld	r24, X+
     7ea:	9d 91       	ld	r25, X+
     7ec:	9c 01       	movw	r18, r24
     7ee:	22 0f       	add	r18, r18
     7f0:	33 1f       	adc	r19, r19
     7f2:	e2 0f       	add	r30, r18
     7f4:	f3 1f       	adc	r31, r19
     7f6:	9c 01       	movw	r18, r24
     7f8:	2f 5f       	subi	r18, 0xFF	; 255
     7fa:	3f 4f       	sbci	r19, 0xFF	; 255
     7fc:	2d 83       	std	Y+5, r18	; 0x05
     7fe:	3e 83       	std	Y+6, r19	; 0x06
     800:	92 ce       	rjmp	.-732    	; 0x526 <.L3>

00000802 <scirbuf_bytes_available>:
     802:	80 91 92 03 	lds	r24, 0x0392	; 0x800392 <scirbuf+0x22>
     806:	80 fd       	sbrc	r24, 0
     808:	06 c0       	rjmp	.+12     	; 0x816 <.L2>
     80a:	80 91 91 03 	lds	r24, 0x0391	; 0x800391 <scirbuf+0x21>
     80e:	90 91 90 03 	lds	r25, 0x0390	; 0x800390 <scirbuf+0x20>
     812:	89 1b       	sub	r24, r25
     814:	08 95       	ret

00000816 <.L2>:
     816:	80 91 92 03 	lds	r24, 0x0392	; 0x800392 <scirbuf+0x22>
     81a:	81 ff       	sbrs	r24, 1
     81c:	07 c0       	rjmp	.+14     	; 0x82c <.L7>
     81e:	90 91 91 03 	lds	r25, 0x0391	; 0x800391 <scirbuf+0x21>
     822:	80 91 91 03 	lds	r24, 0x0391	; 0x800391 <scirbuf+0x21>
     826:	80 5e       	subi	r24, 0xE0	; 224
     828:	89 1b       	sub	r24, r25
     82a:	08 95       	ret

0000082c <.L7>:
     82c:	90 91 90 03 	lds	r25, 0x0390	; 0x800390 <scirbuf+0x20>
     830:	80 91 91 03 	lds	r24, 0x0391	; 0x800391 <scirbuf+0x21>
     834:	80 5e       	subi	r24, 0xE0	; 224
     836:	89 1b       	sub	r24, r25
     838:	08 95       	ret

0000083a <scirbuf_write>:
     83a:	e0 91 91 03 	lds	r30, 0x0391	; 0x800391 <scirbuf+0x21>
     83e:	f0 e0       	ldi	r31, 0x00	; 0
     840:	e0 59       	subi	r30, 0x90	; 144
     842:	fc 4f       	sbci	r31, 0xFC	; 252
     844:	80 83       	st	Z, r24
     846:	80 91 92 03 	lds	r24, 0x0392	; 0x800392 <scirbuf+0x22>
     84a:	80 fd       	sbrc	r24, 0
     84c:	10 c0       	rjmp	.+32     	; 0x86e <.L11>

0000084e <.L9>:
     84e:	80 91 91 03 	lds	r24, 0x0391	; 0x800391 <scirbuf+0x21>
     852:	8f 5f       	subi	r24, 0xFF	; 255
     854:	80 93 91 03 	sts	0x0391, r24	; 0x800391 <scirbuf+0x21>
     858:	80 32       	cpi	r24, 0x20	; 32
     85a:	09 f0       	breq	.+2      	; 0x85e <.L12>
     85c:	08 95       	ret

0000085e <.L12>:
     85e:	10 92 91 03 	sts	0x0391, r1	; 0x800391 <scirbuf+0x21>
     862:	80 91 92 03 	lds	r24, 0x0392	; 0x800392 <scirbuf+0x22>
     866:	81 60       	ori	r24, 0x01	; 1
     868:	80 93 92 03 	sts	0x0392, r24	; 0x800392 <scirbuf+0x22>
     86c:	08 95       	ret

0000086e <.L11>:
     86e:	90 91 91 03 	lds	r25, 0x0391	; 0x800391 <scirbuf+0x21>
     872:	80 91 90 03 	lds	r24, 0x0390	; 0x800390 <scirbuf+0x20>
     876:	98 13       	cpse	r25, r24
     878:	ea cf       	rjmp	.-44     	; 0x84e <.L9>
     87a:	80 91 92 03 	lds	r24, 0x0392	; 0x800392 <scirbuf+0x22>
     87e:	82 60       	ori	r24, 0x02	; 2
     880:	80 93 92 03 	sts	0x0392, r24	; 0x800392 <scirbuf+0x22>
     884:	e4 cf       	rjmp	.-56     	; 0x84e <.L9>

00000886 <scirbuf_read>:
     886:	e0 91 90 03 	lds	r30, 0x0390	; 0x800390 <scirbuf+0x20>
     88a:	f0 e0       	ldi	r31, 0x00	; 0
     88c:	e0 59       	subi	r30, 0x90	; 144
     88e:	fc 4f       	sbci	r31, 0xFC	; 252
     890:	80 81       	ld	r24, Z
     892:	90 91 90 03 	lds	r25, 0x0390	; 0x800390 <scirbuf+0x20>
     896:	9f 5f       	subi	r25, 0xFF	; 255
     898:	90 93 90 03 	sts	0x0390, r25	; 0x800390 <scirbuf+0x20>
     89c:	90 91 90 03 	lds	r25, 0x0390	; 0x800390 <scirbuf+0x20>
     8a0:	9f 71       	andi	r25, 0x1F	; 31
     8a2:	90 93 90 03 	sts	0x0390, r25	; 0x800390 <scirbuf+0x20>
     8a6:	20 91 90 03 	lds	r18, 0x0390	; 0x800390 <scirbuf+0x20>
     8aa:	90 91 91 03 	lds	r25, 0x0391	; 0x800391 <scirbuf+0x21>
     8ae:	29 13       	cpse	r18, r25
     8b0:	08 95       	ret
     8b2:	90 91 92 03 	lds	r25, 0x0392	; 0x800392 <scirbuf+0x22>
     8b6:	9e 7f       	andi	r25, 0xFE	; 254
     8b8:	90 93 92 03 	sts	0x0392, r25	; 0x800392 <scirbuf+0x22>
     8bc:	90 91 92 03 	lds	r25, 0x0392	; 0x800392 <scirbuf+0x22>
     8c0:	9d 7f       	andi	r25, 0xFD	; 253
     8c2:	90 93 92 03 	sts	0x0392, r25	; 0x800392 <scirbuf+0x22>
     8c6:	08 95       	ret

000008c8 <scirbuf_read_nbytes>:
     8c8:	cf 93       	push	r28
     8ca:	df 93       	push	r29
     8cc:	0f 92       	push	r0
     8ce:	cd b7       	in	r28, 0x3d	; 61
     8d0:	de b7       	in	r29, 0x3e	; 62
     8d2:	dc 01       	movw	r26, r24
     8d4:	86 2f       	mov	r24, r22
     8d6:	61 15       	cp	r22, r1
     8d8:	11 f1       	breq	.+68     	; 0x91e <.L17>
     8da:	90 91 92 03 	lds	r25, 0x0392	; 0x800392 <scirbuf+0x22>
     8de:	90 fd       	sbrc	r25, 0
     8e0:	22 c0       	rjmp	.+68     	; 0x926 <.L18>
     8e2:	ad 01       	movw	r20, r26
     8e4:	46 0f       	add	r20, r22
     8e6:	51 1d       	adc	r21, r1

000008e8 <.L22>:
     8e8:	e0 91 90 03 	lds	r30, 0x0390	; 0x800390 <scirbuf+0x20>
     8ec:	f0 e0       	ldi	r31, 0x00	; 0
     8ee:	e0 59       	subi	r30, 0x90	; 144
     8f0:	fc 4f       	sbci	r31, 0xFC	; 252
     8f2:	30 81       	ld	r19, Z
     8f4:	90 91 90 03 	lds	r25, 0x0390	; 0x800390 <scirbuf+0x20>
     8f8:	9f 5f       	subi	r25, 0xFF	; 255
     8fa:	90 93 90 03 	sts	0x0390, r25	; 0x800390 <scirbuf+0x20>
     8fe:	90 91 90 03 	lds	r25, 0x0390	; 0x800390 <scirbuf+0x20>
     902:	9f 71       	andi	r25, 0x1F	; 31
     904:	90 93 90 03 	sts	0x0390, r25	; 0x800390 <scirbuf+0x20>
     908:	20 91 90 03 	lds	r18, 0x0390	; 0x800390 <scirbuf+0x20>
     90c:	90 91 91 03 	lds	r25, 0x0391	; 0x800391 <scirbuf+0x21>
     910:	29 17       	cp	r18, r25
     912:	09 f4       	brne	.+2      	; 0x916 <L0^A+0x2>

00000914 <L0^A>:
     914:	71 c0       	rjmp	.+226    	; 0x9f8 <.L46>
     916:	3d 93       	st	X+, r19
     918:	a4 17       	cp	r26, r20
     91a:	b5 07       	cpc	r27, r21
     91c:	29 f7       	brne	.-54     	; 0x8e8 <.L22>

0000091e <.L17>:
     91e:	0f 90       	pop	r0
     920:	df 91       	pop	r29
     922:	cf 91       	pop	r28
     924:	08 95       	ret

00000926 <.L18>:
     926:	90 91 92 03 	lds	r25, 0x0392	; 0x800392 <scirbuf+0x22>
     92a:	94 60       	ori	r25, 0x04	; 4
     92c:	90 93 92 03 	sts	0x0392, r25	; 0x800392 <scirbuf+0x22>
     930:	90 91 92 03 	lds	r25, 0x0392	; 0x800392 <scirbuf+0x22>
     934:	91 fd       	sbrc	r25, 1
     936:	96 c0       	rjmp	.+300    	; 0xa64 <.L47>

00000938 <.L23>:
     938:	20 91 90 03 	lds	r18, 0x0390	; 0x800390 <scirbuf+0x20>
     93c:	29 83       	std	Y+1, r18	; 0x01
     93e:	90 e2       	ldi	r25, 0x20	; 32
     940:	92 1b       	sub	r25, r18
     942:	98 17       	cp	r25, r24
     944:	08 f0       	brcs	.+2      	; 0x948 <L0^A+0x2>

00000946 <L0^A>:
     946:	68 c0       	rjmp	.+208    	; 0xa18 <.L24>
     948:	ad 01       	movw	r20, r26
     94a:	30 e0       	ldi	r19, 0x00	; 0
     94c:	20 32       	cpi	r18, 0x20	; 32
     94e:	39 f4       	brne	.+14     	; 0x95e <.L35>
     950:	b0 c0       	rjmp	.+352    	; 0xab2 <.L48>

00000952 <.L32>:
     952:	fa 01       	movw	r30, r20
     954:	70 83       	st	Z, r23
     956:	39 17       	cp	r19, r25
     958:	38 f5       	brcc	.+78     	; 0x9a8 <.L33>

0000095a <.L44>:
     95a:	4f 5f       	subi	r20, 0xFF	; 255
     95c:	5f 4f       	sbci	r21, 0xFF	; 255

0000095e <.L35>:
     95e:	3f 5f       	subi	r19, 0xFF	; 255
     960:	e0 91 90 03 	lds	r30, 0x0390	; 0x800390 <scirbuf+0x20>
     964:	f0 e0       	ldi	r31, 0x00	; 0
     966:	e0 59       	subi	r30, 0x90	; 144
     968:	fc 4f       	sbci	r31, 0xFC	; 252
     96a:	70 81       	ld	r23, Z
     96c:	20 91 90 03 	lds	r18, 0x0390	; 0x800390 <scirbuf+0x20>
     970:	2f 5f       	subi	r18, 0xFF	; 255
     972:	20 93 90 03 	sts	0x0390, r18	; 0x800390 <scirbuf+0x20>
     976:	20 91 90 03 	lds	r18, 0x0390	; 0x800390 <scirbuf+0x20>
     97a:	2f 71       	andi	r18, 0x1F	; 31
     97c:	20 93 90 03 	sts	0x0390, r18	; 0x800390 <scirbuf+0x20>
     980:	60 91 90 03 	lds	r22, 0x0390	; 0x800390 <scirbuf+0x20>
     984:	20 91 91 03 	lds	r18, 0x0391	; 0x800391 <scirbuf+0x21>
     988:	62 13       	cpse	r22, r18
     98a:	e3 cf       	rjmp	.-58     	; 0x952 <.L32>
     98c:	20 91 92 03 	lds	r18, 0x0392	; 0x800392 <scirbuf+0x22>
     990:	2e 7f       	andi	r18, 0xFE	; 254
     992:	20 93 92 03 	sts	0x0392, r18	; 0x800392 <scirbuf+0x22>
     996:	20 91 92 03 	lds	r18, 0x0392	; 0x800392 <scirbuf+0x22>
     99a:	2d 7f       	andi	r18, 0xFD	; 253
     99c:	20 93 92 03 	sts	0x0392, r18	; 0x800392 <scirbuf+0x22>
     9a0:	fa 01       	movw	r30, r20
     9a2:	70 83       	st	Z, r23
     9a4:	39 17       	cp	r19, r25
     9a6:	c8 f2       	brcs	.-78     	; 0x95a <.L44>

000009a8 <.L33>:
     9a8:	29 81       	ldd	r18, Y+1	; 0x01
     9aa:	20 52       	subi	r18, 0x20	; 32
     9ac:	82 0f       	add	r24, r18
     9ae:	09 f4       	brne	.+2      	; 0x9b2 <.L26>

000009b0 <L0^A>:
     9b0:	7e c0       	rjmp	.+252    	; 0xaae <.L40>

000009b2 <.L26>:
     9b2:	89 0f       	add	r24, r25

000009b4 <.L39>:
     9b4:	21 e0       	ldi	r18, 0x01	; 1
     9b6:	29 0f       	add	r18, r25
     9b8:	ad 01       	movw	r20, r26
     9ba:	49 0f       	add	r20, r25
     9bc:	51 1d       	adc	r21, r1
     9be:	e0 91 90 03 	lds	r30, 0x0390	; 0x800390 <scirbuf+0x20>
     9c2:	f0 e0       	ldi	r31, 0x00	; 0
     9c4:	e0 59       	subi	r30, 0x90	; 144
     9c6:	fc 4f       	sbci	r31, 0xFC	; 252
     9c8:	60 81       	ld	r22, Z
     9ca:	90 91 90 03 	lds	r25, 0x0390	; 0x800390 <scirbuf+0x20>
     9ce:	9f 5f       	subi	r25, 0xFF	; 255
     9d0:	90 93 90 03 	sts	0x0390, r25	; 0x800390 <scirbuf+0x20>
     9d4:	90 91 90 03 	lds	r25, 0x0390	; 0x800390 <scirbuf+0x20>
     9d8:	9f 71       	andi	r25, 0x1F	; 31
     9da:	90 93 90 03 	sts	0x0390, r25	; 0x800390 <scirbuf+0x20>
     9de:	30 91 90 03 	lds	r19, 0x0390	; 0x800390 <scirbuf+0x20>
     9e2:	90 91 91 03 	lds	r25, 0x0391	; 0x800391 <scirbuf+0x21>
     9e6:	39 17       	cp	r19, r25
     9e8:	09 f4       	brne	.+2      	; 0x9ec <L0^A+0x2>

000009ea <L0^A>:
     9ea:	41 c0       	rjmp	.+130    	; 0xa6e <.L49>
     9ec:	fa 01       	movw	r30, r20
     9ee:	60 83       	st	Z, r22
     9f0:	28 17       	cp	r18, r24
     9f2:	79 f1       	breq	.+94     	; 0xa52 <.L30>
     9f4:	92 2f       	mov	r25, r18
     9f6:	de cf       	rjmp	.-68     	; 0x9b4 <.L39>

000009f8 <.L46>:
     9f8:	90 91 92 03 	lds	r25, 0x0392	; 0x800392 <scirbuf+0x22>
     9fc:	9e 7f       	andi	r25, 0xFE	; 254
     9fe:	90 93 92 03 	sts	0x0392, r25	; 0x800392 <scirbuf+0x22>
     a02:	90 91 92 03 	lds	r25, 0x0392	; 0x800392 <scirbuf+0x22>
     a06:	9d 7f       	andi	r25, 0xFD	; 253
     a08:	90 93 92 03 	sts	0x0392, r25	; 0x800392 <scirbuf+0x22>
     a0c:	3d 93       	st	X+, r19
     a0e:	4a 17       	cp	r20, r26
     a10:	5b 07       	cpc	r21, r27
     a12:	09 f0       	breq	.+2      	; 0xa16 <L0^A+0x2>

00000a14 <L0^A>:
     a14:	69 cf       	rjmp	.-302    	; 0x8e8 <.L22>
     a16:	83 cf       	rjmp	.-250    	; 0x91e <.L17>

00000a18 <.L24>:
     a18:	ad 01       	movw	r20, r26
     a1a:	48 0f       	add	r20, r24
     a1c:	51 1d       	adc	r21, r1

00000a1e <.L31>:
     a1e:	e0 91 90 03 	lds	r30, 0x0390	; 0x800390 <scirbuf+0x20>
     a22:	f0 e0       	ldi	r31, 0x00	; 0
     a24:	e0 59       	subi	r30, 0x90	; 144
     a26:	fc 4f       	sbci	r31, 0xFC	; 252
     a28:	30 81       	ld	r19, Z
     a2a:	90 91 90 03 	lds	r25, 0x0390	; 0x800390 <scirbuf+0x20>
     a2e:	9f 5f       	subi	r25, 0xFF	; 255
     a30:	90 93 90 03 	sts	0x0390, r25	; 0x800390 <scirbuf+0x20>
     a34:	90 91 90 03 	lds	r25, 0x0390	; 0x800390 <scirbuf+0x20>
     a38:	9f 71       	andi	r25, 0x1F	; 31
     a3a:	90 93 90 03 	sts	0x0390, r25	; 0x800390 <scirbuf+0x20>
     a3e:	20 91 90 03 	lds	r18, 0x0390	; 0x800390 <scirbuf+0x20>
     a42:	90 91 91 03 	lds	r25, 0x0391	; 0x800391 <scirbuf+0x21>
     a46:	29 17       	cp	r18, r25
     a48:	11 f1       	breq	.+68     	; 0xa8e <.L50>
     a4a:	3d 93       	st	X+, r19
     a4c:	a4 17       	cp	r26, r20
     a4e:	b5 07       	cpc	r27, r21
     a50:	31 f7       	brne	.-52     	; 0xa1e <.L31>

00000a52 <.L30>:
     a52:	90 91 92 03 	lds	r25, 0x0392	; 0x800392 <scirbuf+0x22>
     a56:	9b 7f       	andi	r25, 0xFB	; 251
     a58:	90 93 92 03 	sts	0x0392, r25	; 0x800392 <scirbuf+0x22>
     a5c:	0f 90       	pop	r0
     a5e:	df 91       	pop	r29
     a60:	cf 91       	pop	r28
     a62:	08 95       	ret

00000a64 <.L47>:
     a64:	90 91 91 03 	lds	r25, 0x0391	; 0x800391 <scirbuf+0x21>
     a68:	90 93 90 03 	sts	0x0390, r25	; 0x800390 <scirbuf+0x20>
     a6c:	65 cf       	rjmp	.-310    	; 0x938 <.L23>

00000a6e <.L49>:
     a6e:	90 91 92 03 	lds	r25, 0x0392	; 0x800392 <scirbuf+0x22>
     a72:	9e 7f       	andi	r25, 0xFE	; 254
     a74:	90 93 92 03 	sts	0x0392, r25	; 0x800392 <scirbuf+0x22>
     a78:	90 91 92 03 	lds	r25, 0x0392	; 0x800392 <scirbuf+0x22>
     a7c:	9d 7f       	andi	r25, 0xFD	; 253
     a7e:	90 93 92 03 	sts	0x0392, r25	; 0x800392 <scirbuf+0x22>
     a82:	fa 01       	movw	r30, r20
     a84:	60 83       	st	Z, r22
     a86:	28 17       	cp	r18, r24
     a88:	21 f3       	breq	.-56     	; 0xa52 <.L30>
     a8a:	92 2f       	mov	r25, r18
     a8c:	93 cf       	rjmp	.-218    	; 0x9b4 <.L39>

00000a8e <.L50>:
     a8e:	90 91 92 03 	lds	r25, 0x0392	; 0x800392 <scirbuf+0x22>
     a92:	9e 7f       	andi	r25, 0xFE	; 254
     a94:	90 93 92 03 	sts	0x0392, r25	; 0x800392 <scirbuf+0x22>
     a98:	90 91 92 03 	lds	r25, 0x0392	; 0x800392 <scirbuf+0x22>
     a9c:	9d 7f       	andi	r25, 0xFD	; 253
     a9e:	90 93 92 03 	sts	0x0392, r25	; 0x800392 <scirbuf+0x22>
     aa2:	3d 93       	st	X+, r19
     aa4:	a4 17       	cp	r26, r20
     aa6:	b5 07       	cpc	r27, r21
     aa8:	09 f0       	breq	.+2      	; 0xaac <L0^A+0x2>

00000aaa <L0^A>:
     aaa:	b9 cf       	rjmp	.-142    	; 0xa1e <.L31>
     aac:	d2 cf       	rjmp	.-92     	; 0xa52 <.L30>

00000aae <.L40>:
     aae:	89 2f       	mov	r24, r25
     ab0:	d0 cf       	rjmp	.-96     	; 0xa52 <.L30>

00000ab2 <.L48>:
     ab2:	90 e0       	ldi	r25, 0x00	; 0
     ab4:	7e cf       	rjmp	.-260    	; 0x9b2 <.L26>

00000ab6 <scirbuf_read_1byte>:
     ab6:	80 91 92 03 	lds	r24, 0x0392	; 0x800392 <scirbuf+0x22>
     aba:	80 fd       	sbrc	r24, 0
     abc:	17 c0       	rjmp	.+46     	; 0xaec <.L52>
     abe:	e0 91 90 03 	lds	r30, 0x0390	; 0x800390 <scirbuf+0x20>
     ac2:	f0 e0       	ldi	r31, 0x00	; 0
     ac4:	e0 59       	subi	r30, 0x90	; 144
     ac6:	fc 4f       	sbci	r31, 0xFC	; 252
     ac8:	80 81       	ld	r24, Z
     aca:	90 91 90 03 	lds	r25, 0x0390	; 0x800390 <scirbuf+0x20>
     ace:	9f 5f       	subi	r25, 0xFF	; 255
     ad0:	90 93 90 03 	sts	0x0390, r25	; 0x800390 <scirbuf+0x20>
     ad4:	90 91 90 03 	lds	r25, 0x0390	; 0x800390 <scirbuf+0x20>
     ad8:	9f 71       	andi	r25, 0x1F	; 31
     ada:	90 93 90 03 	sts	0x0390, r25	; 0x800390 <scirbuf+0x20>
     ade:	20 91 90 03 	lds	r18, 0x0390	; 0x800390 <scirbuf+0x20>
     ae2:	90 91 91 03 	lds	r25, 0x0391	; 0x800391 <scirbuf+0x21>
     ae6:	29 17       	cp	r18, r25
     ae8:	b1 f1       	breq	.+108    	; 0xb56 <.L58>
     aea:	08 95       	ret

00000aec <.L52>:
     aec:	80 91 92 03 	lds	r24, 0x0392	; 0x800392 <scirbuf+0x22>
     af0:	84 60       	ori	r24, 0x04	; 4
     af2:	80 93 92 03 	sts	0x0392, r24	; 0x800392 <scirbuf+0x22>
     af6:	80 91 92 03 	lds	r24, 0x0392	; 0x800392 <scirbuf+0x22>
     afa:	81 fd       	sbrc	r24, 1
     afc:	37 c0       	rjmp	.+110    	; 0xb6c <.L59>

00000afe <.L56>:
     afe:	e0 91 90 03 	lds	r30, 0x0390	; 0x800390 <scirbuf+0x20>
     b02:	f0 e0       	ldi	r31, 0x00	; 0
     b04:	e0 59       	subi	r30, 0x90	; 144
     b06:	fc 4f       	sbci	r31, 0xFC	; 252
     b08:	80 81       	ld	r24, Z
     b0a:	90 91 90 03 	lds	r25, 0x0390	; 0x800390 <scirbuf+0x20>
     b0e:	9f 5f       	subi	r25, 0xFF	; 255
     b10:	90 93 90 03 	sts	0x0390, r25	; 0x800390 <scirbuf+0x20>
     b14:	90 91 90 03 	lds	r25, 0x0390	; 0x800390 <scirbuf+0x20>
     b18:	9f 71       	andi	r25, 0x1F	; 31
     b1a:	90 93 90 03 	sts	0x0390, r25	; 0x800390 <scirbuf+0x20>
     b1e:	20 91 90 03 	lds	r18, 0x0390	; 0x800390 <scirbuf+0x20>
     b22:	90 91 91 03 	lds	r25, 0x0391	; 0x800391 <scirbuf+0x21>
     b26:	29 17       	cp	r18, r25
     b28:	31 f0       	breq	.+12     	; 0xb36 <.L60>
     b2a:	90 91 92 03 	lds	r25, 0x0392	; 0x800392 <scirbuf+0x22>
     b2e:	9b 7f       	andi	r25, 0xFB	; 251
     b30:	90 93 92 03 	sts	0x0392, r25	; 0x800392 <scirbuf+0x22>
     b34:	08 95       	ret

00000b36 <.L60>:
     b36:	90 91 92 03 	lds	r25, 0x0392	; 0x800392 <scirbuf+0x22>
     b3a:	9e 7f       	andi	r25, 0xFE	; 254
     b3c:	90 93 92 03 	sts	0x0392, r25	; 0x800392 <scirbuf+0x22>
     b40:	90 91 92 03 	lds	r25, 0x0392	; 0x800392 <scirbuf+0x22>
     b44:	9d 7f       	andi	r25, 0xFD	; 253
     b46:	90 93 92 03 	sts	0x0392, r25	; 0x800392 <scirbuf+0x22>
     b4a:	90 91 92 03 	lds	r25, 0x0392	; 0x800392 <scirbuf+0x22>
     b4e:	9b 7f       	andi	r25, 0xFB	; 251
     b50:	90 93 92 03 	sts	0x0392, r25	; 0x800392 <scirbuf+0x22>
     b54:	08 95       	ret

00000b56 <.L58>:
     b56:	90 91 92 03 	lds	r25, 0x0392	; 0x800392 <scirbuf+0x22>
     b5a:	9e 7f       	andi	r25, 0xFE	; 254
     b5c:	90 93 92 03 	sts	0x0392, r25	; 0x800392 <scirbuf+0x22>
     b60:	90 91 92 03 	lds	r25, 0x0392	; 0x800392 <scirbuf+0x22>
     b64:	9d 7f       	andi	r25, 0xFD	; 253
     b66:	90 93 92 03 	sts	0x0392, r25	; 0x800392 <scirbuf+0x22>
     b6a:	08 95       	ret

00000b6c <.L59>:
     b6c:	80 91 91 03 	lds	r24, 0x0391	; 0x800391 <scirbuf+0x21>
     b70:	80 93 90 03 	sts	0x0390, r24	; 0x800390 <scirbuf+0x20>
     b74:	c4 cf       	rjmp	.-120    	; 0xafe <.L56>

00000b76 <rx_handler>:
     b76:	2c b1       	in	r18, 0x0c	; 12
     b78:	80 91 92 03 	lds	r24, 0x0392	; 0x800392 <scirbuf+0x22>
     b7c:	e0 91 6f 03 	lds	r30, 0x036F	; 0x80036f <level.1>
     b80:	82 fd       	sbrc	r24, 2
     b82:	93 c0       	rjmp	.+294    	; 0xcaa <.L85>
     b84:	1e 16       	cp	r1, r30
     b86:	0c f0       	brlt	.+2      	; 0xb8a <L0^A+0x2>

00000b88 <L0^A>:
     b88:	6a c0       	rjmp	.+212    	; 0xc5e <.L64>
     b8a:	8e 2f       	mov	r24, r30
     b8c:	ee 0f       	add	r30, r30
     b8e:	99 0b       	sbc	r25, r25
     b90:	30 91 6b 03 	lds	r19, 0x036B	; 0x80036b <soft_buff.0>
     b94:	e0 91 91 03 	lds	r30, 0x0391	; 0x800391 <scirbuf+0x21>
     b98:	f0 e0       	ldi	r31, 0x00	; 0
     b9a:	e0 59       	subi	r30, 0x90	; 144
     b9c:	fc 4f       	sbci	r31, 0xFC	; 252
     b9e:	30 83       	st	Z, r19
     ba0:	30 91 92 03 	lds	r19, 0x0392	; 0x800392 <scirbuf+0x22>
     ba4:	30 fd       	sbrc	r19, 0
     ba6:	b5 c0       	rjmp	.+362    	; 0xd12 <.L86>

00000ba8 <.L65>:
     ba8:	30 91 91 03 	lds	r19, 0x0391	; 0x800391 <scirbuf+0x21>
     bac:	3f 5f       	subi	r19, 0xFF	; 255
     bae:	30 93 91 03 	sts	0x0391, r19	; 0x800391 <scirbuf+0x21>
     bb2:	30 32       	cpi	r19, 0x20	; 32
     bb4:	39 f4       	brne	.+14     	; 0xbc4 <.L66>
     bb6:	10 92 91 03 	sts	0x0391, r1	; 0x800391 <scirbuf+0x21>
     bba:	30 91 92 03 	lds	r19, 0x0392	; 0x800392 <scirbuf+0x22>
     bbe:	31 60       	ori	r19, 0x01	; 1
     bc0:	30 93 92 03 	sts	0x0392, r19	; 0x800392 <scirbuf+0x22>

00000bc4 <.L66>:
     bc4:	81 30       	cpi	r24, 0x01	; 1
     bc6:	91 05       	cpc	r25, r1
     bc8:	09 f4       	brne	.+2      	; 0xbcc <L0^A+0x2>

00000bca <L0^A>:
     bca:	47 c0       	rjmp	.+142    	; 0xc5a <.L67>
     bcc:	30 91 6c 03 	lds	r19, 0x036C	; 0x80036c <soft_buff.0+0x1>
     bd0:	e0 91 91 03 	lds	r30, 0x0391	; 0x800391 <scirbuf+0x21>
     bd4:	f0 e0       	ldi	r31, 0x00	; 0
     bd6:	e0 59       	subi	r30, 0x90	; 144
     bd8:	fc 4f       	sbci	r31, 0xFC	; 252
     bda:	30 83       	st	Z, r19
     bdc:	30 91 92 03 	lds	r19, 0x0392	; 0x800392 <scirbuf+0x22>
     be0:	30 fd       	sbrc	r19, 0
     be2:	77 c0       	rjmp	.+238    	; 0xcd2 <.L87>

00000be4 <.L68>:
     be4:	30 91 91 03 	lds	r19, 0x0391	; 0x800391 <scirbuf+0x21>
     be8:	3f 5f       	subi	r19, 0xFF	; 255
     bea:	30 93 91 03 	sts	0x0391, r19	; 0x800391 <scirbuf+0x21>
     bee:	30 32       	cpi	r19, 0x20	; 32
     bf0:	09 f4       	brne	.+2      	; 0xbf4 <.L69>

00000bf2 <L0^A>:
     bf2:	67 c0       	rjmp	.+206    	; 0xcc2 <.L88>

00000bf4 <.L69>:
     bf4:	82 30       	cpi	r24, 0x02	; 2
     bf6:	91 05       	cpc	r25, r1
     bf8:	81 f1       	breq	.+96     	; 0xc5a <.L67>
     bfa:	30 91 6d 03 	lds	r19, 0x036D	; 0x80036d <soft_buff.0+0x2>
     bfe:	e0 91 91 03 	lds	r30, 0x0391	; 0x800391 <scirbuf+0x21>
     c02:	f0 e0       	ldi	r31, 0x00	; 0
     c04:	e0 59       	subi	r30, 0x90	; 144
     c06:	fc 4f       	sbci	r31, 0xFC	; 252
     c08:	30 83       	st	Z, r19
     c0a:	30 91 92 03 	lds	r19, 0x0392	; 0x800392 <scirbuf+0x22>
     c0e:	30 fd       	sbrc	r19, 0
     c10:	74 c0       	rjmp	.+232    	; 0xcfa <.L89>

00000c12 <.L70>:
     c12:	30 91 91 03 	lds	r19, 0x0391	; 0x800391 <scirbuf+0x21>
     c16:	3f 5f       	subi	r19, 0xFF	; 255
     c18:	30 93 91 03 	sts	0x0391, r19	; 0x800391 <scirbuf+0x21>
     c1c:	30 32       	cpi	r19, 0x20	; 32
     c1e:	09 f4       	brne	.+2      	; 0xc22 <.L71>

00000c20 <L0^A>:
     c20:	64 c0       	rjmp	.+200    	; 0xcea <.L90>

00000c22 <.L71>:
     c22:	03 97       	sbiw	r24, 0x03	; 3
     c24:	d1 f0       	breq	.+52     	; 0xc5a <.L67>
     c26:	80 91 6e 03 	lds	r24, 0x036E	; 0x80036e <soft_buff.0+0x3>
     c2a:	e0 91 91 03 	lds	r30, 0x0391	; 0x800391 <scirbuf+0x21>
     c2e:	f0 e0       	ldi	r31, 0x00	; 0
     c30:	e0 59       	subi	r30, 0x90	; 144
     c32:	fc 4f       	sbci	r31, 0xFC	; 252
     c34:	80 83       	st	Z, r24
     c36:	80 91 92 03 	lds	r24, 0x0392	; 0x800392 <scirbuf+0x22>
     c3a:	80 fd       	sbrc	r24, 0
     c3c:	76 c0       	rjmp	.+236    	; 0xd2a <.L91>

00000c3e <.L72>:
     c3e:	80 91 91 03 	lds	r24, 0x0391	; 0x800391 <scirbuf+0x21>
     c42:	8f 5f       	subi	r24, 0xFF	; 255
     c44:	80 93 91 03 	sts	0x0391, r24	; 0x800391 <scirbuf+0x21>
     c48:	80 32       	cpi	r24, 0x20	; 32
     c4a:	39 f4       	brne	.+14     	; 0xc5a <.L67>
     c4c:	10 92 91 03 	sts	0x0391, r1	; 0x800391 <scirbuf+0x21>
     c50:	80 91 92 03 	lds	r24, 0x0392	; 0x800392 <scirbuf+0x22>
     c54:	81 60       	ori	r24, 0x01	; 1
     c56:	80 93 92 03 	sts	0x0392, r24	; 0x800392 <scirbuf+0x22>

00000c5a <.L67>:
     c5a:	10 92 6f 03 	sts	0x036F, r1	; 0x80036f <level.1>

00000c5e <.L64>:
     c5e:	e0 91 91 03 	lds	r30, 0x0391	; 0x800391 <scirbuf+0x21>
     c62:	f0 e0       	ldi	r31, 0x00	; 0
     c64:	e0 59       	subi	r30, 0x90	; 144
     c66:	fc 4f       	sbci	r31, 0xFC	; 252
     c68:	20 83       	st	Z, r18
     c6a:	80 91 92 03 	lds	r24, 0x0392	; 0x800392 <scirbuf+0x22>
     c6e:	80 fd       	sbrc	r24, 0
     c70:	10 c0       	rjmp	.+32     	; 0xc92 <.L92>

00000c72 <.L74>:
     c72:	80 91 91 03 	lds	r24, 0x0391	; 0x800391 <scirbuf+0x21>
     c76:	8f 5f       	subi	r24, 0xFF	; 255
     c78:	80 93 91 03 	sts	0x0391, r24	; 0x800391 <scirbuf+0x21>
     c7c:	80 32       	cpi	r24, 0x20	; 32
     c7e:	09 f0       	breq	.+2      	; 0xc82 <.L93>
     c80:	08 95       	ret

00000c82 <.L93>:
     c82:	10 92 91 03 	sts	0x0391, r1	; 0x800391 <scirbuf+0x21>
     c86:	80 91 92 03 	lds	r24, 0x0392	; 0x800392 <scirbuf+0x22>
     c8a:	81 60       	ori	r24, 0x01	; 1
     c8c:	80 93 92 03 	sts	0x0392, r24	; 0x800392 <scirbuf+0x22>
     c90:	08 95       	ret

00000c92 <.L92>:
     c92:	90 91 91 03 	lds	r25, 0x0391	; 0x800391 <scirbuf+0x21>
     c96:	80 91 90 03 	lds	r24, 0x0390	; 0x800390 <scirbuf+0x20>
     c9a:	98 13       	cpse	r25, r24
     c9c:	ea cf       	rjmp	.-44     	; 0xc72 <.L74>
     c9e:	80 91 92 03 	lds	r24, 0x0392	; 0x800392 <scirbuf+0x22>
     ca2:	82 60       	ori	r24, 0x02	; 2
     ca4:	80 93 92 03 	sts	0x0392, r24	; 0x800392 <scirbuf+0x22>
     ca8:	e4 cf       	rjmp	.-56     	; 0xc72 <.L74>

00000caa <.L85>:
     caa:	81 e0       	ldi	r24, 0x01	; 1
     cac:	8e 0f       	add	r24, r30
     cae:	80 93 6f 03 	sts	0x036F, r24	; 0x80036f <level.1>
     cb2:	e3 70       	andi	r30, 0x03	; 3
     cb4:	fe 2f       	mov	r31, r30
     cb6:	ff 0f       	add	r31, r31
     cb8:	ff 0b       	sbc	r31, r31
     cba:	e5 59       	subi	r30, 0x95	; 149
     cbc:	fc 4f       	sbci	r31, 0xFC	; 252
     cbe:	20 83       	st	Z, r18
     cc0:	08 95       	ret

00000cc2 <.L88>:
     cc2:	10 92 91 03 	sts	0x0391, r1	; 0x800391 <scirbuf+0x21>
     cc6:	30 91 92 03 	lds	r19, 0x0392	; 0x800392 <scirbuf+0x22>
     cca:	31 60       	ori	r19, 0x01	; 1
     ccc:	30 93 92 03 	sts	0x0392, r19	; 0x800392 <scirbuf+0x22>
     cd0:	91 cf       	rjmp	.-222    	; 0xbf4 <.L69>

00000cd2 <.L87>:
     cd2:	40 91 91 03 	lds	r20, 0x0391	; 0x800391 <scirbuf+0x21>
     cd6:	30 91 90 03 	lds	r19, 0x0390	; 0x800390 <scirbuf+0x20>
     cda:	43 13       	cpse	r20, r19
     cdc:	83 cf       	rjmp	.-250    	; 0xbe4 <.L68>
     cde:	30 91 92 03 	lds	r19, 0x0392	; 0x800392 <scirbuf+0x22>
     ce2:	32 60       	ori	r19, 0x02	; 2
     ce4:	30 93 92 03 	sts	0x0392, r19	; 0x800392 <scirbuf+0x22>
     ce8:	7d cf       	rjmp	.-262    	; 0xbe4 <.L68>

00000cea <.L90>:
     cea:	10 92 91 03 	sts	0x0391, r1	; 0x800391 <scirbuf+0x21>
     cee:	30 91 92 03 	lds	r19, 0x0392	; 0x800392 <scirbuf+0x22>
     cf2:	31 60       	ori	r19, 0x01	; 1
     cf4:	30 93 92 03 	sts	0x0392, r19	; 0x800392 <scirbuf+0x22>
     cf8:	94 cf       	rjmp	.-216    	; 0xc22 <.L71>

00000cfa <.L89>:
     cfa:	40 91 91 03 	lds	r20, 0x0391	; 0x800391 <scirbuf+0x21>
     cfe:	30 91 90 03 	lds	r19, 0x0390	; 0x800390 <scirbuf+0x20>
     d02:	43 13       	cpse	r20, r19
     d04:	86 cf       	rjmp	.-244    	; 0xc12 <.L70>
     d06:	30 91 92 03 	lds	r19, 0x0392	; 0x800392 <scirbuf+0x22>
     d0a:	32 60       	ori	r19, 0x02	; 2
     d0c:	30 93 92 03 	sts	0x0392, r19	; 0x800392 <scirbuf+0x22>
     d10:	80 cf       	rjmp	.-256    	; 0xc12 <.L70>

00000d12 <.L86>:
     d12:	40 91 91 03 	lds	r20, 0x0391	; 0x800391 <scirbuf+0x21>
     d16:	30 91 90 03 	lds	r19, 0x0390	; 0x800390 <scirbuf+0x20>
     d1a:	43 13       	cpse	r20, r19
     d1c:	45 cf       	rjmp	.-374    	; 0xba8 <.L65>
     d1e:	30 91 92 03 	lds	r19, 0x0392	; 0x800392 <scirbuf+0x22>
     d22:	32 60       	ori	r19, 0x02	; 2
     d24:	30 93 92 03 	sts	0x0392, r19	; 0x800392 <scirbuf+0x22>
     d28:	3f cf       	rjmp	.-386    	; 0xba8 <.L65>

00000d2a <.L91>:
     d2a:	90 91 91 03 	lds	r25, 0x0391	; 0x800391 <scirbuf+0x21>
     d2e:	80 91 90 03 	lds	r24, 0x0390	; 0x800390 <scirbuf+0x20>
     d32:	98 13       	cpse	r25, r24
     d34:	84 cf       	rjmp	.-248    	; 0xc3e <.L72>
     d36:	80 91 92 03 	lds	r24, 0x0392	; 0x800392 <scirbuf+0x22>
     d3a:	82 60       	ori	r24, 0x02	; 2
     d3c:	80 93 92 03 	sts	0x0392, r24	; 0x800392 <scirbuf+0x22>
     d40:	7e cf       	rjmp	.-260    	; 0xc3e <.L72>

00000d42 <pinGetLevel_0>:
     d42:	88 27       	eor	r24, r24
     d44:	b4 99       	sbic	0x16, 4	; 22
     d46:	83 95       	inc	r24
     d48:	08 95       	ret

00000d4a <pinGetLevel_init>:
     d4a:	c4 9a       	sbi	0x18, 4	; 24
     d4c:	bc 98       	cbi	0x17, 4	; 23
     d4e:	81 ea       	ldi	r24, 0xA1	; 161
     d50:	96 e0       	ldi	r25, 0x06	; 6
     d52:	80 93 95 03 	sts	0x0395, r24	; 0x800395 <pinGetLevel+0x2>
     d56:	90 93 96 03 	sts	0x0396, r25	; 0x800396 <pinGetLevel+0x3>
     d5a:	8f e9       	ldi	r24, 0x9F	; 159
     d5c:	9f e0       	ldi	r25, 0x0F	; 15

00000d5e <.L1^B1>:
     d5e:	01 97       	sbiw	r24, 0x01	; 1
     d60:	f1 f7       	brne	.-4      	; 0xd5e <.L1^B1>
     d62:	00 c0       	rjmp	.+0      	; 0xd64 <L0^A>

00000d64 <L0^A>:
     d64:	00 00       	nop
     d66:	e0 91 95 03 	lds	r30, 0x0395	; 0x800395 <pinGetLevel+0x2>
     d6a:	f0 91 96 03 	lds	r31, 0x0396	; 0x800396 <pinGetLevel+0x3>
     d6e:	09 95       	icall
     d70:	90 91 94 03 	lds	r25, 0x0394	; 0x800394 <pinGetLevel+0x1>
     d74:	80 fb       	bst	r24, 0
     d76:	91 f9       	bld	r25, 1
     d78:	80 fb       	bst	r24, 0
     d7a:	92 f9       	bld	r25, 2
     d7c:	89 2f       	mov	r24, r25
     d7e:	88 60       	ori	r24, 0x08	; 8
     d80:	80 93 94 03 	sts	0x0394, r24	; 0x800394 <pinGetLevel+0x1>
     d84:	08 95       	ret

00000d86 <pinGetLevel_job>:
     d86:	cf 93       	push	r28
     d88:	df 93       	push	r29
     d8a:	00 d0       	rcall	.+0      	; 0xd8c <L0^A>

00000d8c <L0^A>:
     d8c:	00 d0       	rcall	.+0      	; 0xd8e <L0^A>

00000d8e <L0^A>:
     d8e:	cd b7       	in	r28, 0x3d	; 61
     d90:	de b7       	in	r29, 0x3e	; 62
     d92:	80 91 94 03 	lds	r24, 0x0394	; 0x800394 <pinGetLevel+0x1>
     d96:	80 ff       	sbrs	r24, 0
     d98:	0f c0       	rjmp	.+30     	; 0xdb8 <.L5>
     d9a:	80 91 93 03 	lds	r24, 0x0393	; 0x800393 <pinGetLevel>
     d9e:	91 e0       	ldi	r25, 0x01	; 1
     da0:	98 0f       	add	r25, r24
     da2:	84 30       	cpi	r24, 0x04	; 4
     da4:	61 f1       	breq	.+88     	; 0xdfe <.L6>
     da6:	90 93 93 03 	sts	0x0393, r25	; 0x800393 <pinGetLevel>

00000daa <.L4>:
     daa:	0f 90       	pop	r0
     dac:	0f 90       	pop	r0
     dae:	0f 90       	pop	r0
     db0:	0f 90       	pop	r0
     db2:	df 91       	pop	r29
     db4:	cf 91       	pop	r28
     db6:	08 95       	ret

00000db8 <.L5>:
     db8:	e0 91 95 03 	lds	r30, 0x0395	; 0x800395 <pinGetLevel+0x2>
     dbc:	f0 91 96 03 	lds	r31, 0x0396	; 0x800396 <pinGetLevel+0x3>
     dc0:	09 95       	icall
     dc2:	90 91 94 03 	lds	r25, 0x0394	; 0x800394 <pinGetLevel+0x1>
     dc6:	92 fb       	bst	r25, 2
     dc8:	55 27       	eor	r21, r21
     dca:	50 f9       	bld	r21, 0
     dcc:	59 83       	std	Y+1, r21	; 0x01
     dce:	1a 82       	std	Y+2, r1	; 0x02
     dd0:	29 81       	ldd	r18, Y+1	; 0x01
     dd2:	3a 81       	ldd	r19, Y+2	; 0x02
     dd4:	08 2e       	mov	r0, r24
     dd6:	00 1c       	adc	r0, r0
     dd8:	00 08       	sbc	r0, r0
     dda:	82 17       	cp	r24, r18
     ddc:	03 06       	cpc	r0, r19
     dde:	29 f3       	breq	.-54     	; 0xdaa <.L4>
     de0:	80 fb       	bst	r24, 0
     de2:	88 27       	eor	r24, r24
     de4:	82 f9       	bld	r24, 2
     de6:	81 60       	ori	r24, 0x01	; 1
     de8:	9a 7f       	andi	r25, 0xFA	; 250
     dea:	89 2b       	or	r24, r25
     dec:	80 93 94 03 	sts	0x0394, r24	; 0x800394 <pinGetLevel+0x1>
     df0:	0f 90       	pop	r0
     df2:	0f 90       	pop	r0
     df4:	0f 90       	pop	r0
     df6:	0f 90       	pop	r0
     df8:	df 91       	pop	r29
     dfa:	cf 91       	pop	r28
     dfc:	08 95       	ret

00000dfe <.L6>:
     dfe:	10 92 93 03 	sts	0x0393, r1	; 0x800393 <pinGetLevel>
     e02:	e0 91 95 03 	lds	r30, 0x0395	; 0x800395 <pinGetLevel+0x2>
     e06:	f0 91 96 03 	lds	r31, 0x0396	; 0x800396 <pinGetLevel+0x3>
     e0a:	09 95       	icall
     e0c:	28 2f       	mov	r18, r24
     e0e:	21 70       	andi	r18, 0x01	; 1
     e10:	90 91 94 03 	lds	r25, 0x0394	; 0x800394 <pinGetLevel+0x1>
     e14:	92 fb       	bst	r25, 2
     e16:	33 27       	eor	r19, r19
     e18:	30 f9       	bld	r19, 0
     e1a:	3b 83       	std	Y+3, r19	; 0x03
     e1c:	1c 82       	std	Y+4, r1	; 0x04
     e1e:	4b 81       	ldd	r20, Y+3	; 0x03
     e20:	5c 81       	ldd	r21, Y+4	; 0x04
     e22:	08 2e       	mov	r0, r24
     e24:	00 1c       	adc	r0, r0
     e26:	00 08       	sbc	r0, r0
     e28:	84 17       	cp	r24, r20
     e2a:	05 06       	cpc	r0, r21
     e2c:	81 f0       	breq	.+32     	; 0xe4e <.L13>
     e2e:	20 fb       	bst	r18, 0
     e30:	92 f9       	bld	r25, 2
     e32:	90 93 94 03 	sts	0x0394, r25	; 0x800394 <pinGetLevel+0x1>

00000e36 <.L10>:
     e36:	80 91 94 03 	lds	r24, 0x0394	; 0x800394 <pinGetLevel+0x1>
     e3a:	8e 7f       	andi	r24, 0xFE	; 254
     e3c:	80 93 94 03 	sts	0x0394, r24	; 0x800394 <pinGetLevel+0x1>
     e40:	0f 90       	pop	r0
     e42:	0f 90       	pop	r0
     e44:	0f 90       	pop	r0
     e46:	0f 90       	pop	r0
     e48:	df 91       	pop	r29
     e4a:	cf 91       	pop	r28
     e4c:	08 95       	ret

00000e4e <.L13>:
     e4e:	20 fb       	bst	r18, 0
     e50:	91 f9       	bld	r25, 1
     e52:	98 60       	ori	r25, 0x08	; 8
     e54:	90 93 94 03 	sts	0x0394, r25	; 0x800394 <pinGetLevel+0x1>
     e58:	ee cf       	rjmp	.-36     	; 0xe36 <.L10>

00000e5a <pid_pwm_set_pin>:
     e5a:	dc 01       	movw	r26, r24
     e5c:	9d 96       	adiw	r26, 0x2d	; 45
     e5e:	ed 91       	ld	r30, X+
     e60:	fd 91       	ld	r31, X+
     e62:	2c 91       	ld	r18, X
     e64:	81 e0       	ldi	r24, 0x01	; 1
     e66:	01 c0       	rjmp	.+2      	; 0xe6a <.L2^B1>

00000e68 <.L1^B1>:
     e68:	88 0f       	add	r24, r24

00000e6a <.L2^B1>:
     e6a:	2a 95       	dec	r18
     e6c:	ea f7       	brpl	.-6      	; 0xe68 <.L1^B1>
     e6e:	90 81       	ld	r25, Z
     e70:	61 30       	cpi	r22, 0x01	; 1
     e72:	21 f0       	breq	.+8      	; 0xe7c <.L5>
     e74:	80 95       	com	r24
     e76:	89 23       	and	r24, r25
     e78:	80 83       	st	Z, r24
     e7a:	08 95       	ret

00000e7c <.L5>:
     e7c:	89 2b       	or	r24, r25
     e7e:	80 83       	st	Z, r24
     e80:	08 95       	ret

00000e82 <pid_pwm_stablish_levelpin>:
     e82:	fc 01       	movw	r30, r24
     e84:	80 a1       	ldd	r24, Z+32	; 0x20
     e86:	91 a1       	ldd	r25, Z+33	; 0x21
     e88:	82 a3       	std	Z+34, r24	; 0x22
     e8a:	93 a3       	std	Z+35, r25	; 0x23
     e8c:	a5 a5       	ldd	r26, Z+45	; 0x2d
     e8e:	b6 a5       	ldd	r27, Z+46	; 0x2e
     e90:	18 16       	cp	r1, r24
     e92:	19 06       	cpc	r1, r25
     e94:	54 f4       	brge	.+20     	; 0xeaa <.L7>
     e96:	8c 91       	ld	r24, X
     e98:	97 a5       	ldd	r25, Z+47	; 0x2f
     e9a:	21 e0       	ldi	r18, 0x01	; 1
     e9c:	01 c0       	rjmp	.+2      	; 0xea0 <.L2^B2>

00000e9e <.L1^B2>:
     e9e:	22 0f       	add	r18, r18

00000ea0 <.L2^B2>:
     ea0:	9a 95       	dec	r25
     ea2:	ea f7       	brpl	.-6      	; 0xe9e <.L1^B2>
     ea4:	82 2b       	or	r24, r18
     ea6:	8c 93       	st	X, r24
     ea8:	08 95       	ret

00000eaa <.L7>:
     eaa:	2c 91       	ld	r18, X
     eac:	37 a5       	ldd	r19, Z+47	; 0x2f
     eae:	81 e0       	ldi	r24, 0x01	; 1
     eb0:	01 c0       	rjmp	.+2      	; 0xeb4 <.L2^B3>

00000eb2 <.L1^B3>:
     eb2:	88 0f       	add	r24, r24

00000eb4 <.L2^B3>:
     eb4:	3a 95       	dec	r19
     eb6:	ea f7       	brpl	.-6      	; 0xeb2 <.L1^B3>
     eb8:	80 95       	com	r24
     eba:	82 23       	and	r24, r18
     ebc:	8c 93       	st	X, r24
     ebe:	08 95       	ret

00000ec0 <pid_find_ktop_ms>:
     ec0:	ef 92       	push	r14
     ec2:	ff 92       	push	r15
     ec4:	0f 93       	push	r16
     ec6:	1f 93       	push	r17
     ec8:	cf 93       	push	r28
     eca:	df 93       	push	r29
     ecc:	00 d0       	rcall	.+0      	; 0xece <L0^A>

00000ece <L0^A>:
     ece:	00 d0       	rcall	.+0      	; 0xed0 <L0^A>

00000ed0 <L0^A>:
     ed0:	00 d0       	rcall	.+0      	; 0xed2 <L0^A>

00000ed2 <L0^A>:
     ed2:	cd b7       	in	r28, 0x3d	; 61
     ed4:	de b7       	in	r29, 0x3e	; 62
     ed6:	8d 83       	std	Y+5, r24	; 0x05
     ed8:	9e 83       	std	Y+6, r25	; 0x06
     eda:	fc 01       	movw	r30, r24
     edc:	82 81       	ldd	r24, Z+2	; 0x02
     ede:	93 81       	ldd	r25, Z+3	; 0x03
     ee0:	86 0f       	add	r24, r22
     ee2:	97 1f       	adc	r25, r23
     ee4:	82 83       	std	Z+2, r24	; 0x02
     ee6:	93 83       	std	Z+3, r25	; 0x03
     ee8:	e0 84       	ldd	r14, Z+8	; 0x08
     eea:	f1 84       	ldd	r15, Z+9	; 0x09
     eec:	e8 16       	cp	r14, r24
     eee:	f9 06       	cpc	r15, r25
     ef0:	44 f0       	brlt	.+16     	; 0xf02 <.L15>
     ef2:	ed 81       	ldd	r30, Y+5	; 0x05
     ef4:	fe 81       	ldd	r31, Y+6	; 0x06
     ef6:	e2 84       	ldd	r14, Z+10	; 0x0a
     ef8:	f3 84       	ldd	r15, Z+11	; 0x0b
     efa:	8e 15       	cp	r24, r14
     efc:	9f 05       	cpc	r25, r15
     efe:	0c f0       	brlt	.+2      	; 0xf02 <.L15>

00000f00 <L0^A>:
     f00:	77 c0       	rjmp	.+238    	; 0xff0 <.L14>

00000f02 <.L15>:
     f02:	e2 82       	std	Z+2, r14	; 0x02
     f04:	f3 82       	std	Z+3, r15	; 0x03

00000f06 <.L11>:
     f06:	ed 81       	ldd	r30, Y+5	; 0x05
     f08:	fe 81       	ldd	r31, Y+6	; 0x06
     f0a:	84 81       	ldd	r24, Z+4	; 0x04
     f0c:	95 81       	ldd	r25, Z+5	; 0x05
     f0e:	8b 01       	movw	r16, r22
     f10:	08 1b       	sub	r16, r24
     f12:	19 0b       	sbc	r17, r25
     f14:	06 83       	std	Z+6, r16	; 0x06
     f16:	17 83       	std	Z+7, r17	; 0x07
     f18:	64 83       	std	Z+4, r22	; 0x04
     f1a:	75 83       	std	Z+5, r23	; 0x05
     f1c:	87 2f       	mov	r24, r23
     f1e:	88 0f       	add	r24, r24
     f20:	88 0b       	sbc	r24, r24
     f22:	98 2f       	mov	r25, r24
     f24:	0e 94 75 22 	call	0x44ea	; 0x44ea <__floatsisf>
     f28:	ed 81       	ldd	r30, Y+5	; 0x05
     f2a:	fe 81       	ldd	r31, Y+6	; 0x06
     f2c:	22 89       	ldd	r18, Z+18	; 0x12
     f2e:	33 89       	ldd	r19, Z+19	; 0x13
     f30:	44 89       	ldd	r20, Z+20	; 0x14
     f32:	55 89       	ldd	r21, Z+21	; 0x15
     f34:	0e 94 25 23 	call	0x464a	; 0x464a <__mulsf3>
     f38:	69 83       	std	Y+1, r22	; 0x01
     f3a:	7a 83       	std	Y+2, r23	; 0x02
     f3c:	8b 83       	std	Y+3, r24	; 0x03
     f3e:	9c 83       	std	Y+4, r25	; 0x04
     f40:	b7 01       	movw	r22, r14
     f42:	ff 0c       	add	r15, r15
     f44:	88 0b       	sbc	r24, r24
     f46:	98 2f       	mov	r25, r24
     f48:	0e 94 75 22 	call	0x44ea	; 0x44ea <__floatsisf>
     f4c:	ed 81       	ldd	r30, Y+5	; 0x05
     f4e:	fe 81       	ldd	r31, Y+6	; 0x06
     f50:	26 89       	ldd	r18, Z+22	; 0x16
     f52:	37 89       	ldd	r19, Z+23	; 0x17
     f54:	40 8d       	ldd	r20, Z+24	; 0x18
     f56:	51 8d       	ldd	r21, Z+25	; 0x19
     f58:	0e 94 25 23 	call	0x464a	; 0x464a <__mulsf3>
     f5c:	9b 01       	movw	r18, r22
     f5e:	ac 01       	movw	r20, r24
     f60:	69 81       	ldd	r22, Y+1	; 0x01
     f62:	7a 81       	ldd	r23, Y+2	; 0x02
     f64:	8b 81       	ldd	r24, Y+3	; 0x03
     f66:	9c 81       	ldd	r25, Y+4	; 0x04
     f68:	0e 94 60 21 	call	0x42c0	; 0x42c0 <__addsf3>
     f6c:	69 83       	std	Y+1, r22	; 0x01
     f6e:	7a 83       	std	Y+2, r23	; 0x02
     f70:	8b 83       	std	Y+3, r24	; 0x03
     f72:	9c 83       	std	Y+4, r25	; 0x04
     f74:	b8 01       	movw	r22, r16
     f76:	11 0f       	add	r17, r17
     f78:	88 0b       	sbc	r24, r24
     f7a:	98 2f       	mov	r25, r24
     f7c:	0e 94 75 22 	call	0x44ea	; 0x44ea <__floatsisf>
     f80:	ed 81       	ldd	r30, Y+5	; 0x05
     f82:	fe 81       	ldd	r31, Y+6	; 0x06
     f84:	22 8d       	ldd	r18, Z+26	; 0x1a
     f86:	33 8d       	ldd	r19, Z+27	; 0x1b
     f88:	44 8d       	ldd	r20, Z+28	; 0x1c
     f8a:	55 8d       	ldd	r21, Z+29	; 0x1d
     f8c:	0e 94 25 23 	call	0x464a	; 0x464a <__mulsf3>
     f90:	9b 01       	movw	r18, r22
     f92:	ac 01       	movw	r20, r24
     f94:	69 81       	ldd	r22, Y+1	; 0x01
     f96:	7a 81       	ldd	r23, Y+2	; 0x02
     f98:	8b 81       	ldd	r24, Y+3	; 0x03
     f9a:	9c 81       	ldd	r25, Y+4	; 0x04
     f9c:	0e 94 60 21 	call	0x42c0	; 0x42c0 <__addsf3>
     fa0:	0e 94 43 22 	call	0x4486	; 0x4486 <__fixsfsi>
     fa4:	ed 81       	ldd	r30, Y+5	; 0x05
     fa6:	fe 81       	ldd	r31, Y+6	; 0x06
     fa8:	20 89       	ldd	r18, Z+16	; 0x10
     faa:	31 89       	ldd	r19, Z+17	; 0x11
     fac:	26 9f       	mul	r18, r22
     fae:	a0 01       	movw	r20, r0
     fb0:	27 9f       	mul	r18, r23
     fb2:	50 0d       	add	r21, r0
     fb4:	36 9f       	mul	r19, r22
     fb6:	50 0d       	add	r21, r0
     fb8:	11 24       	eor	r1, r1
     fba:	40 a3       	std	Z+32, r20	; 0x20
     fbc:	51 a3       	std	Z+33, r21	; 0x21
     fbe:	24 85       	ldd	r18, Z+12	; 0x0c
     fc0:	35 85       	ldd	r19, Z+13	; 0x0d
     fc2:	24 17       	cp	r18, r20
     fc4:	35 07       	cpc	r19, r21
     fc6:	2c f0       	brlt	.+10     	; 0xfd2 <.L16>
     fc8:	26 85       	ldd	r18, Z+14	; 0x0e
     fca:	37 85       	ldd	r19, Z+15	; 0x0f
     fcc:	42 17       	cp	r20, r18
     fce:	53 07       	cpc	r21, r19
     fd0:	14 f4       	brge	.+4      	; 0xfd6 <.L9>

00000fd2 <.L16>:
     fd2:	20 a3       	std	Z+32, r18	; 0x20
     fd4:	31 a3       	std	Z+33, r19	; 0x21

00000fd6 <.L9>:
     fd6:	0f 90       	pop	r0
     fd8:	0f 90       	pop	r0
     fda:	0f 90       	pop	r0
     fdc:	0f 90       	pop	r0
     fde:	0f 90       	pop	r0
     fe0:	0f 90       	pop	r0
     fe2:	df 91       	pop	r29
     fe4:	cf 91       	pop	r28
     fe6:	1f 91       	pop	r17
     fe8:	0f 91       	pop	r16
     fea:	ff 90       	pop	r15
     fec:	ef 90       	pop	r14
     fee:	08 95       	ret

00000ff0 <.L14>:
     ff0:	7c 01       	movw	r14, r24
     ff2:	89 cf       	rjmp	.-238    	; 0xf06 <.L11>

00000ff4 <pid_get_output>:
     ff4:	ef 92       	push	r14
     ff6:	ff 92       	push	r15
     ff8:	0f 93       	push	r16
     ffa:	1f 93       	push	r17
     ffc:	cf 93       	push	r28
     ffe:	df 93       	push	r29
    1000:	00 d0       	rcall	.+0      	; 0x1002 <L0^A>

00001002 <L0^A>:
    1002:	00 d0       	rcall	.+0      	; 0x1004 <L0^A>

00001004 <L0^A>:
    1004:	00 d0       	rcall	.+0      	; 0x1006 <L0^A>

00001006 <L0^A>:
    1006:	cd b7       	in	r28, 0x3d	; 61
    1008:	de b7       	in	r29, 0x3e	; 62
    100a:	8d 83       	std	Y+5, r24	; 0x05
    100c:	9e 83       	std	Y+6, r25	; 0x06
    100e:	fc 01       	movw	r30, r24
    1010:	82 81       	ldd	r24, Z+2	; 0x02
    1012:	93 81       	ldd	r25, Z+3	; 0x03
    1014:	86 0f       	add	r24, r22
    1016:	97 1f       	adc	r25, r23
    1018:	82 83       	std	Z+2, r24	; 0x02
    101a:	93 83       	std	Z+3, r25	; 0x03
    101c:	e0 84       	ldd	r14, Z+8	; 0x08
    101e:	f1 84       	ldd	r15, Z+9	; 0x09
    1020:	e8 16       	cp	r14, r24
    1022:	f9 06       	cpc	r15, r25
    1024:	44 f0       	brlt	.+16     	; 0x1036 <.L21>
    1026:	ed 81       	ldd	r30, Y+5	; 0x05
    1028:	fe 81       	ldd	r31, Y+6	; 0x06
    102a:	e2 84       	ldd	r14, Z+10	; 0x0a
    102c:	f3 84       	ldd	r15, Z+11	; 0x0b
    102e:	8e 15       	cp	r24, r14
    1030:	9f 05       	cpc	r25, r15
    1032:	0c f0       	brlt	.+2      	; 0x1036 <.L21>

00001034 <L0^A>:
    1034:	5f c0       	rjmp	.+190    	; 0x10f4 <.L20>

00001036 <.L21>:
    1036:	e2 82       	std	Z+2, r14	; 0x02
    1038:	f3 82       	std	Z+3, r15	; 0x03

0000103a <.L19>:
    103a:	ed 81       	ldd	r30, Y+5	; 0x05
    103c:	fe 81       	ldd	r31, Y+6	; 0x06
    103e:	84 81       	ldd	r24, Z+4	; 0x04
    1040:	95 81       	ldd	r25, Z+5	; 0x05
    1042:	8b 01       	movw	r16, r22
    1044:	08 1b       	sub	r16, r24
    1046:	19 0b       	sbc	r17, r25
    1048:	06 83       	std	Z+6, r16	; 0x06
    104a:	17 83       	std	Z+7, r17	; 0x07
    104c:	64 83       	std	Z+4, r22	; 0x04
    104e:	75 83       	std	Z+5, r23	; 0x05
    1050:	87 2f       	mov	r24, r23
    1052:	88 0f       	add	r24, r24
    1054:	88 0b       	sbc	r24, r24
    1056:	98 2f       	mov	r25, r24
    1058:	0e 94 75 22 	call	0x44ea	; 0x44ea <__floatsisf>
    105c:	ed 81       	ldd	r30, Y+5	; 0x05
    105e:	fe 81       	ldd	r31, Y+6	; 0x06
    1060:	22 89       	ldd	r18, Z+18	; 0x12
    1062:	33 89       	ldd	r19, Z+19	; 0x13
    1064:	44 89       	ldd	r20, Z+20	; 0x14
    1066:	55 89       	ldd	r21, Z+21	; 0x15
    1068:	0e 94 25 23 	call	0x464a	; 0x464a <__mulsf3>
    106c:	69 83       	std	Y+1, r22	; 0x01
    106e:	7a 83       	std	Y+2, r23	; 0x02
    1070:	8b 83       	std	Y+3, r24	; 0x03
    1072:	9c 83       	std	Y+4, r25	; 0x04
    1074:	b7 01       	movw	r22, r14
    1076:	ff 0c       	add	r15, r15
    1078:	88 0b       	sbc	r24, r24
    107a:	98 2f       	mov	r25, r24
    107c:	0e 94 75 22 	call	0x44ea	; 0x44ea <__floatsisf>
    1080:	ed 81       	ldd	r30, Y+5	; 0x05
    1082:	fe 81       	ldd	r31, Y+6	; 0x06
    1084:	26 89       	ldd	r18, Z+22	; 0x16
    1086:	37 89       	ldd	r19, Z+23	; 0x17
    1088:	40 8d       	ldd	r20, Z+24	; 0x18
    108a:	51 8d       	ldd	r21, Z+25	; 0x19
    108c:	0e 94 25 23 	call	0x464a	; 0x464a <__mulsf3>
    1090:	9b 01       	movw	r18, r22
    1092:	ac 01       	movw	r20, r24
    1094:	69 81       	ldd	r22, Y+1	; 0x01
    1096:	7a 81       	ldd	r23, Y+2	; 0x02
    1098:	8b 81       	ldd	r24, Y+3	; 0x03
    109a:	9c 81       	ldd	r25, Y+4	; 0x04
    109c:	0e 94 60 21 	call	0x42c0	; 0x42c0 <__addsf3>
    10a0:	69 83       	std	Y+1, r22	; 0x01
    10a2:	7a 83       	std	Y+2, r23	; 0x02
    10a4:	8b 83       	std	Y+3, r24	; 0x03
    10a6:	9c 83       	std	Y+4, r25	; 0x04
    10a8:	b8 01       	movw	r22, r16
    10aa:	11 0f       	add	r17, r17
    10ac:	88 0b       	sbc	r24, r24
    10ae:	98 2f       	mov	r25, r24
    10b0:	0e 94 75 22 	call	0x44ea	; 0x44ea <__floatsisf>
    10b4:	ed 81       	ldd	r30, Y+5	; 0x05
    10b6:	fe 81       	ldd	r31, Y+6	; 0x06
    10b8:	22 8d       	ldd	r18, Z+26	; 0x1a
    10ba:	33 8d       	ldd	r19, Z+27	; 0x1b
    10bc:	44 8d       	ldd	r20, Z+28	; 0x1c
    10be:	55 8d       	ldd	r21, Z+29	; 0x1d
    10c0:	0e 94 25 23 	call	0x464a	; 0x464a <__mulsf3>
    10c4:	9b 01       	movw	r18, r22
    10c6:	ac 01       	movw	r20, r24
    10c8:	69 81       	ldd	r22, Y+1	; 0x01
    10ca:	7a 81       	ldd	r23, Y+2	; 0x02
    10cc:	8b 81       	ldd	r24, Y+3	; 0x03
    10ce:	9c 81       	ldd	r25, Y+4	; 0x04
    10d0:	0e 94 60 21 	call	0x42c0	; 0x42c0 <__addsf3>
    10d4:	0e 94 43 22 	call	0x4486	; 0x4486 <__fixsfsi>
    10d8:	cb 01       	movw	r24, r22
    10da:	0f 90       	pop	r0
    10dc:	0f 90       	pop	r0
    10de:	0f 90       	pop	r0
    10e0:	0f 90       	pop	r0
    10e2:	0f 90       	pop	r0
    10e4:	0f 90       	pop	r0
    10e6:	df 91       	pop	r29
    10e8:	cf 91       	pop	r28
    10ea:	1f 91       	pop	r17
    10ec:	0f 91       	pop	r16
    10ee:	ff 90       	pop	r15
    10f0:	ef 90       	pop	r14
    10f2:	08 95       	ret

000010f4 <.L20>:
    10f4:	7c 01       	movw	r14, r24
    10f6:	a1 cf       	rjmp	.-190    	; 0x103a <.L19>

000010f8 <pid_pwm_control>:
    10f8:	fc 01       	movw	r30, r24
    10fa:	26 8d       	ldd	r18, Z+30	; 0x1e
    10fc:	37 8d       	ldd	r19, Z+31	; 0x1f
    10fe:	2f 5f       	subi	r18, 0xFF	; 255
    1100:	3f 4f       	sbci	r19, 0xFF	; 255
    1102:	26 8f       	std	Z+30, r18	; 0x1e
    1104:	37 8f       	std	Z+31, r19	; 0x1f
    1106:	84 a1       	ldd	r24, Z+36	; 0x24
    1108:	44 85       	ldd	r20, Z+12	; 0x0c
    110a:	55 85       	ldd	r21, Z+13	; 0x0d
    110c:	87 fd       	sbrc	r24, 7
    110e:	17 c0       	rjmp	.+46     	; 0x113e <.L33>
    1110:	62 a1       	ldd	r22, Z+34	; 0x22
    1112:	73 a1       	ldd	r23, Z+35	; 0x23
    1114:	16 16       	cp	r1, r22
    1116:	17 06       	cpc	r1, r23
    1118:	94 f4       	brge	.+36     	; 0x113e <.L33>
    111a:	81 30       	cpi	r24, 0x01	; 1
    111c:	60 f4       	brcc	.+24     	; 0x1136 <.L26>
    111e:	81 a5       	ldd	r24, Z+41	; 0x29
    1120:	92 a5       	ldd	r25, Z+42	; 0x2a
    1122:	28 17       	cp	r18, r24
    1124:	39 07       	cpc	r19, r25
    1126:	68 f0       	brcs	.+26     	; 0x1142 <.L25>
    1128:	16 8e       	std	Z+30, r1	; 0x1e
    112a:	17 8e       	std	Z+31, r1	; 0x1f
    112c:	21 e0       	ldi	r18, 0x01	; 1
    112e:	24 a3       	std	Z+36, r18	; 0x24
    1130:	20 e0       	ldi	r18, 0x00	; 0
    1132:	30 e0       	ldi	r19, 0x00	; 0
    1134:	06 c0       	rjmp	.+12     	; 0x1142 <.L25>

00001136 <.L26>:
    1136:	19 f4       	brne	.+6      	; 0x113e <.L33>
    1138:	26 17       	cp	r18, r22
    113a:	37 07       	cpc	r19, r23
    113c:	68 f5       	brcc	.+90     	; 0x1198 <.L28>

0000113e <.L33>:
    113e:	81 a5       	ldd	r24, Z+41	; 0x29
    1140:	92 a5       	ldd	r25, Z+42	; 0x2a

00001142 <.L25>:
    1142:	84 0f       	add	r24, r20
    1144:	95 1f       	adc	r25, r21
    1146:	43 a5       	ldd	r20, Z+43	; 0x2b
    1148:	54 a5       	ldd	r21, Z+44	; 0x2c
    114a:	84 0f       	add	r24, r20
    114c:	95 1f       	adc	r25, r21
    114e:	28 17       	cp	r18, r24
    1150:	39 07       	cpc	r19, r25
    1152:	08 f4       	brcc	.+2      	; 0x1156 <.L34>
    1154:	08 95       	ret

00001156 <.L34>:
    1156:	16 8e       	std	Z+30, r1	; 0x1e
    1158:	17 8e       	std	Z+31, r1	; 0x1f
    115a:	14 a2       	std	Z+36, r1	; 0x24
    115c:	80 a1       	ldd	r24, Z+32	; 0x20
    115e:	91 a1       	ldd	r25, Z+33	; 0x21
    1160:	82 a3       	std	Z+34, r24	; 0x22
    1162:	93 a3       	std	Z+35, r25	; 0x23
    1164:	a5 a5       	ldd	r26, Z+45	; 0x2d
    1166:	b6 a5       	ldd	r27, Z+46	; 0x2e
    1168:	18 16       	cp	r1, r24
    116a:	19 06       	cpc	r1, r25
    116c:	54 f4       	brge	.+20     	; 0x1182 <.L31>
    116e:	8c 91       	ld	r24, X
    1170:	97 a5       	ldd	r25, Z+47	; 0x2f
    1172:	21 e0       	ldi	r18, 0x01	; 1
    1174:	01 c0       	rjmp	.+2      	; 0x1178 <.L2^B4>

00001176 <.L1^B4>:
    1176:	22 0f       	add	r18, r18

00001178 <.L2^B4>:
    1178:	9a 95       	dec	r25
    117a:	ea f7       	brpl	.-6      	; 0x1176 <.L1^B4>
    117c:	82 2b       	or	r24, r18
    117e:	8c 93       	st	X, r24
    1180:	08 95       	ret

00001182 <.L31>:
    1182:	2c 91       	ld	r18, X
    1184:	37 a5       	ldd	r19, Z+47	; 0x2f
    1186:	81 e0       	ldi	r24, 0x01	; 1
    1188:	01 c0       	rjmp	.+2      	; 0x118c <.L2^B5>

0000118a <.L1^B5>:
    118a:	88 0f       	add	r24, r24

0000118c <.L2^B5>:
    118c:	3a 95       	dec	r19
    118e:	ea f7       	brpl	.-6      	; 0x118a <.L1^B5>
    1190:	80 95       	com	r24
    1192:	82 23       	and	r24, r18
    1194:	8c 93       	st	X, r24
    1196:	08 95       	ret

00001198 <.L28>:
    1198:	64 17       	cp	r22, r20
    119a:	75 07       	cpc	r23, r21
    119c:	84 f6       	brge	.-96     	; 0x113e <.L33>
    119e:	a5 a5       	ldd	r26, Z+45	; 0x2d
    11a0:	b6 a5       	ldd	r27, Z+46	; 0x2e
    11a2:	2c 91       	ld	r18, X
    11a4:	37 a5       	ldd	r19, Z+47	; 0x2f
    11a6:	81 e0       	ldi	r24, 0x01	; 1
    11a8:	01 c0       	rjmp	.+2      	; 0x11ac <.L2^B6>

000011aa <.L1^B6>:
    11aa:	88 0f       	add	r24, r24

000011ac <.L2^B6>:
    11ac:	3a 95       	dec	r19
    11ae:	ea f7       	brpl	.-6      	; 0x11aa <.L1^B6>
    11b0:	80 95       	com	r24
    11b2:	82 23       	and	r24, r18
    11b4:	8c 93       	st	X, r24
    11b6:	26 8d       	ldd	r18, Z+30	; 0x1e
    11b8:	37 8d       	ldd	r19, Z+31	; 0x1f
    11ba:	81 a5       	ldd	r24, Z+41	; 0x29
    11bc:	92 a5       	ldd	r25, Z+42	; 0x2a
    11be:	44 85       	ldd	r20, Z+12	; 0x0c
    11c0:	55 85       	ldd	r21, Z+13	; 0x0d
    11c2:	bf cf       	rjmp	.-130    	; 0x1142 <.L25>

000011c4 <pid_job>:
    11c4:	ef 92       	push	r14
    11c6:	ff 92       	push	r15
    11c8:	0f 93       	push	r16
    11ca:	1f 93       	push	r17
    11cc:	cf 93       	push	r28
    11ce:	df 93       	push	r29
    11d0:	00 d0       	rcall	.+0      	; 0x11d2 <L0^A>

000011d2 <L0^A>:
    11d2:	00 d0       	rcall	.+0      	; 0x11d4 <L0^A>

000011d4 <L0^A>:
    11d4:	00 d0       	rcall	.+0      	; 0x11d6 <L0^A>

000011d6 <L0^A>:
    11d6:	cd b7       	in	r28, 0x3d	; 61
    11d8:	de b7       	in	r29, 0x3e	; 62
    11da:	8d 83       	std	Y+5, r24	; 0x05
    11dc:	9e 83       	std	Y+6, r25	; 0x06
    11de:	fc 01       	movw	r30, r24
    11e0:	82 81       	ldd	r24, Z+2	; 0x02
    11e2:	93 81       	ldd	r25, Z+3	; 0x03
    11e4:	86 0f       	add	r24, r22
    11e6:	97 1f       	adc	r25, r23
    11e8:	82 83       	std	Z+2, r24	; 0x02
    11ea:	93 83       	std	Z+3, r25	; 0x03
    11ec:	e0 84       	ldd	r14, Z+8	; 0x08
    11ee:	f1 84       	ldd	r15, Z+9	; 0x09
    11f0:	e8 16       	cp	r14, r24
    11f2:	f9 06       	cpc	r15, r25
    11f4:	44 f0       	brlt	.+16     	; 0x1206 <.L44>
    11f6:	ed 81       	ldd	r30, Y+5	; 0x05
    11f8:	fe 81       	ldd	r31, Y+6	; 0x06
    11fa:	e2 84       	ldd	r14, Z+10	; 0x0a
    11fc:	f3 84       	ldd	r15, Z+11	; 0x0b
    11fe:	8e 15       	cp	r24, r14
    1200:	9f 05       	cpc	r25, r15
    1202:	0c f0       	brlt	.+2      	; 0x1206 <.L44>

00001204 <L0^A>:
    1204:	88 c0       	rjmp	.+272    	; 0x1316 <.L43>

00001206 <.L44>:
    1206:	e2 82       	std	Z+2, r14	; 0x02
    1208:	f3 82       	std	Z+3, r15	; 0x03

0000120a <.L37>:
    120a:	ed 81       	ldd	r30, Y+5	; 0x05
    120c:	fe 81       	ldd	r31, Y+6	; 0x06
    120e:	84 81       	ldd	r24, Z+4	; 0x04
    1210:	95 81       	ldd	r25, Z+5	; 0x05
    1212:	8b 01       	movw	r16, r22
    1214:	08 1b       	sub	r16, r24
    1216:	19 0b       	sbc	r17, r25
    1218:	06 83       	std	Z+6, r16	; 0x06
    121a:	17 83       	std	Z+7, r17	; 0x07
    121c:	64 83       	std	Z+4, r22	; 0x04
    121e:	75 83       	std	Z+5, r23	; 0x05
    1220:	87 2f       	mov	r24, r23
    1222:	88 0f       	add	r24, r24
    1224:	88 0b       	sbc	r24, r24
    1226:	98 2f       	mov	r25, r24
    1228:	0e 94 75 22 	call	0x44ea	; 0x44ea <__floatsisf>
    122c:	ed 81       	ldd	r30, Y+5	; 0x05
    122e:	fe 81       	ldd	r31, Y+6	; 0x06
    1230:	22 89       	ldd	r18, Z+18	; 0x12
    1232:	33 89       	ldd	r19, Z+19	; 0x13
    1234:	44 89       	ldd	r20, Z+20	; 0x14
    1236:	55 89       	ldd	r21, Z+21	; 0x15
    1238:	0e 94 25 23 	call	0x464a	; 0x464a <__mulsf3>
    123c:	69 83       	std	Y+1, r22	; 0x01
    123e:	7a 83       	std	Y+2, r23	; 0x02
    1240:	8b 83       	std	Y+3, r24	; 0x03
    1242:	9c 83       	std	Y+4, r25	; 0x04
    1244:	b7 01       	movw	r22, r14
    1246:	ff 0c       	add	r15, r15
    1248:	88 0b       	sbc	r24, r24
    124a:	98 2f       	mov	r25, r24
    124c:	0e 94 75 22 	call	0x44ea	; 0x44ea <__floatsisf>
    1250:	ed 81       	ldd	r30, Y+5	; 0x05
    1252:	fe 81       	ldd	r31, Y+6	; 0x06
    1254:	26 89       	ldd	r18, Z+22	; 0x16
    1256:	37 89       	ldd	r19, Z+23	; 0x17
    1258:	40 8d       	ldd	r20, Z+24	; 0x18
    125a:	51 8d       	ldd	r21, Z+25	; 0x19
    125c:	0e 94 25 23 	call	0x464a	; 0x464a <__mulsf3>
    1260:	9b 01       	movw	r18, r22
    1262:	ac 01       	movw	r20, r24
    1264:	69 81       	ldd	r22, Y+1	; 0x01
    1266:	7a 81       	ldd	r23, Y+2	; 0x02
    1268:	8b 81       	ldd	r24, Y+3	; 0x03
    126a:	9c 81       	ldd	r25, Y+4	; 0x04
    126c:	0e 94 60 21 	call	0x42c0	; 0x42c0 <__addsf3>
    1270:	69 83       	std	Y+1, r22	; 0x01
    1272:	7a 83       	std	Y+2, r23	; 0x02
    1274:	8b 83       	std	Y+3, r24	; 0x03
    1276:	9c 83       	std	Y+4, r25	; 0x04
    1278:	b8 01       	movw	r22, r16
    127a:	11 0f       	add	r17, r17
    127c:	88 0b       	sbc	r24, r24
    127e:	98 2f       	mov	r25, r24
    1280:	0e 94 75 22 	call	0x44ea	; 0x44ea <__floatsisf>
    1284:	ed 81       	ldd	r30, Y+5	; 0x05
    1286:	fe 81       	ldd	r31, Y+6	; 0x06
    1288:	22 8d       	ldd	r18, Z+26	; 0x1a
    128a:	33 8d       	ldd	r19, Z+27	; 0x1b
    128c:	44 8d       	ldd	r20, Z+28	; 0x1c
    128e:	55 8d       	ldd	r21, Z+29	; 0x1d
    1290:	0e 94 25 23 	call	0x464a	; 0x464a <__mulsf3>
    1294:	9b 01       	movw	r18, r22
    1296:	ac 01       	movw	r20, r24
    1298:	69 81       	ldd	r22, Y+1	; 0x01
    129a:	7a 81       	ldd	r23, Y+2	; 0x02
    129c:	8b 81       	ldd	r24, Y+3	; 0x03
    129e:	9c 81       	ldd	r25, Y+4	; 0x04
    12a0:	0e 94 60 21 	call	0x42c0	; 0x42c0 <__addsf3>
    12a4:	0e 94 43 22 	call	0x4486	; 0x4486 <__fixsfsi>
    12a8:	ed 81       	ldd	r30, Y+5	; 0x05
    12aa:	fe 81       	ldd	r31, Y+6	; 0x06
    12ac:	20 89       	ldd	r18, Z+16	; 0x10
    12ae:	31 89       	ldd	r19, Z+17	; 0x11
    12b0:	26 9f       	mul	r18, r22
    12b2:	a0 01       	movw	r20, r0
    12b4:	27 9f       	mul	r18, r23
    12b6:	50 0d       	add	r21, r0
    12b8:	36 9f       	mul	r19, r22
    12ba:	50 0d       	add	r21, r0
    12bc:	11 24       	eor	r1, r1
    12be:	40 a3       	std	Z+32, r20	; 0x20
    12c0:	51 a3       	std	Z+33, r21	; 0x21
    12c2:	24 85       	ldd	r18, Z+12	; 0x0c
    12c4:	35 85       	ldd	r19, Z+13	; 0x0d
    12c6:	24 17       	cp	r18, r20
    12c8:	35 07       	cpc	r19, r21
    12ca:	14 f1       	brlt	.+68     	; 0x1310 <.L45>
    12cc:	26 85       	ldd	r18, Z+14	; 0x0e
    12ce:	37 85       	ldd	r19, Z+15	; 0x0f
    12d0:	42 17       	cp	r20, r18
    12d2:	53 07       	cpc	r21, r19
    12d4:	ec f0       	brlt	.+58     	; 0x1310 <.L45>

000012d6 <.L39>:
    12d6:	80 91 da 04 	lds	r24, 0x04DA	; 0x8004da <mainflag>
    12da:	80 ff       	sbrs	r24, 0
    12dc:	0c c0       	rjmp	.+24     	; 0x12f6 <.L35>
    12de:	ed 81       	ldd	r30, Y+5	; 0x05
    12e0:	fe 81       	ldd	r31, Y+6	; 0x06
    12e2:	85 a1       	ldd	r24, Z+37	; 0x25
    12e4:	96 a1       	ldd	r25, Z+38	; 0x26
    12e6:	01 96       	adiw	r24, 0x01	; 1
    12e8:	85 a3       	std	Z+37, r24	; 0x25
    12ea:	96 a3       	std	Z+38, r25	; 0x26
    12ec:	27 a1       	ldd	r18, Z+39	; 0x27
    12ee:	30 a5       	ldd	r19, Z+40	; 0x28
    12f0:	82 17       	cp	r24, r18
    12f2:	93 07       	cpc	r25, r19
    12f4:	90 f4       	brcc	.+36     	; 0x131a <.L46>

000012f6 <.L35>:
    12f6:	0f 90       	pop	r0
    12f8:	0f 90       	pop	r0
    12fa:	0f 90       	pop	r0
    12fc:	0f 90       	pop	r0
    12fe:	0f 90       	pop	r0
    1300:	0f 90       	pop	r0
    1302:	df 91       	pop	r29
    1304:	cf 91       	pop	r28
    1306:	1f 91       	pop	r17
    1308:	0f 91       	pop	r16
    130a:	ff 90       	pop	r15
    130c:	ef 90       	pop	r14
    130e:	08 95       	ret

00001310 <.L45>:
    1310:	20 a3       	std	Z+32, r18	; 0x20
    1312:	31 a3       	std	Z+33, r19	; 0x21
    1314:	e0 cf       	rjmp	.-64     	; 0x12d6 <.L39>

00001316 <.L43>:
    1316:	7c 01       	movw	r14, r24
    1318:	78 cf       	rjmp	.-272    	; 0x120a <.L37>

0000131a <.L46>:
    131a:	15 a2       	std	Z+37, r1	; 0x25
    131c:	16 a2       	std	Z+38, r1	; 0x26
    131e:	cf 01       	movw	r24, r30
    1320:	0f 90       	pop	r0
    1322:	0f 90       	pop	r0
    1324:	0f 90       	pop	r0
    1326:	0f 90       	pop	r0
    1328:	0f 90       	pop	r0
    132a:	0f 90       	pop	r0
    132c:	df 91       	pop	r29
    132e:	cf 91       	pop	r28
    1330:	1f 91       	pop	r17
    1332:	0f 91       	pop	r16
    1334:	ff 90       	pop	r15
    1336:	ef 90       	pop	r14
    1338:	0c 94 7c 08 	jmp	0x10f8	; 0x10f8 <pid_pwm_control>

0000133c <indicator_setPortPin>:
    133c:	e7 e9       	ldi	r30, 0x97	; 151
    133e:	f3 e0       	ldi	r31, 0x03	; 3
    1340:	90 87       	std	Z+8, r25	; 0x08
    1342:	87 83       	std	Z+7, r24	; 0x07
    1344:	61 87       	std	Z+9, r22	; 0x09
    1346:	08 95       	ret

00001348 <indicatorTimed_setKSysTickTime_ms>:
    1348:	90 93 9b 03 	sts	0x039B, r25	; 0x80039b <indicator+0x4>
    134c:	80 93 9a 03 	sts	0x039A, r24	; 0x80039a <indicator+0x3>
    1350:	08 95       	ret

00001352 <indicatorTimed_run>:
    1352:	81 e0       	ldi	r24, 0x01	; 1
    1354:	80 93 97 03 	sts	0x0397, r24	; 0x800397 <indicator>
    1358:	08 95       	ret

0000135a <indicatorTimed_stop>:
    135a:	e7 e9       	ldi	r30, 0x97	; 151
    135c:	f3 e0       	ldi	r31, 0x03	; 3
    135e:	31 85       	ldd	r19, Z+9	; 0x09
    1360:	a7 81       	ldd	r26, Z+7	; 0x07
    1362:	b0 85       	ldd	r27, Z+8	; 0x08
    1364:	2c 91       	ld	r18, X
    1366:	81 e0       	ldi	r24, 0x01	; 1
    1368:	01 c0       	rjmp	.+2      	; 0x136c <.L2^B1>

0000136a <.L1^B1>:
    136a:	88 0f       	add	r24, r24

0000136c <.L2^B1>:
    136c:	3a 95       	dec	r19
    136e:	ea f7       	brpl	.-6      	; 0x136a <.L1^B1>
    1370:	80 95       	com	r24
    1372:	82 23       	and	r24, r18
    1374:	8c 93       	st	X, r24
    1376:	10 82       	st	Z, r1
    1378:	08 95       	ret

0000137a <indicatorTimed_cycle_start>:
    137a:	83 e0       	ldi	r24, 0x03	; 3
    137c:	80 93 97 03 	sts	0x0397, r24	; 0x800397 <indicator>
    1380:	08 95       	ret

00001382 <indicator_on>:
    1382:	e7 e9       	ldi	r30, 0x97	; 151
    1384:	f3 e0       	ldi	r31, 0x03	; 3
    1386:	91 85       	ldd	r25, Z+9	; 0x09
    1388:	07 80       	ldd	r0, Z+7	; 0x07
    138a:	f0 85       	ldd	r31, Z+8	; 0x08
    138c:	e0 2d       	mov	r30, r0
    138e:	80 81       	ld	r24, Z
    1390:	21 e0       	ldi	r18, 0x01	; 1
    1392:	01 c0       	rjmp	.+2      	; 0x1396 <.L2^B2>

00001394 <.L1^B2>:
    1394:	22 0f       	add	r18, r18

00001396 <.L2^B2>:
    1396:	9a 95       	dec	r25
    1398:	ea f7       	brpl	.-6      	; 0x1394 <.L1^B2>
    139a:	82 2b       	or	r24, r18
    139c:	80 83       	st	Z, r24
    139e:	08 95       	ret

000013a0 <indicator_off>:
    13a0:	e7 e9       	ldi	r30, 0x97	; 151
    13a2:	f3 e0       	ldi	r31, 0x03	; 3
    13a4:	31 85       	ldd	r19, Z+9	; 0x09
    13a6:	07 80       	ldd	r0, Z+7	; 0x07
    13a8:	f0 85       	ldd	r31, Z+8	; 0x08
    13aa:	e0 2d       	mov	r30, r0
    13ac:	20 81       	ld	r18, Z
    13ae:	81 e0       	ldi	r24, 0x01	; 1
    13b0:	01 c0       	rjmp	.+2      	; 0x13b4 <.L2^B3>

000013b2 <.L1^B3>:
    13b2:	88 0f       	add	r24, r24

000013b4 <.L2^B3>:
    13b4:	3a 95       	dec	r19
    13b6:	ea f7       	brpl	.-6      	; 0x13b2 <.L1^B3>
    13b8:	80 95       	com	r24
    13ba:	82 23       	and	r24, r18
    13bc:	80 83       	st	Z, r24
    13be:	08 95       	ret

000013c0 <indicatorTimed_job>:
    13c0:	80 91 97 03 	lds	r24, 0x0397	; 0x800397 <indicator>
    13c4:	81 30       	cpi	r24, 0x01	; 1
    13c6:	09 f4       	brne	.+2      	; 0x13ca <L0^A+0x2>

000013c8 <L0^A>:
    13c8:	6e c0       	rjmp	.+220    	; 0x14a6 <.L24>
    13ca:	80 91 97 03 	lds	r24, 0x0397	; 0x800397 <indicator>
    13ce:	82 30       	cpi	r24, 0x02	; 2
    13d0:	21 f1       	breq	.+72     	; 0x141a <.L25>

000013d2 <.L11>:
    13d2:	80 91 97 03 	lds	r24, 0x0397	; 0x800397 <indicator>
    13d6:	83 30       	cpi	r24, 0x03	; 3
    13d8:	09 f4       	brne	.+2      	; 0x13dc <L0^A+0x2>

000013da <L0^A>:
    13da:	4d c0       	rjmp	.+154    	; 0x1476 <.L26>
    13dc:	80 91 97 03 	lds	r24, 0x0397	; 0x800397 <indicator>
    13e0:	84 30       	cpi	r24, 0x04	; 4
    13e2:	09 f0       	breq	.+2      	; 0x13e6 <.L27>

000013e4 <.L9>:
    13e4:	08 95       	ret

000013e6 <.L27>:
    13e6:	80 91 da 04 	lds	r24, 0x04DA	; 0x8004da <mainflag>
    13ea:	80 ff       	sbrs	r24, 0
    13ec:	fb cf       	rjmp	.-10     	; 0x13e4 <.L9>
    13ee:	80 91 98 03 	lds	r24, 0x0398	; 0x800398 <indicator+0x1>
    13f2:	90 91 99 03 	lds	r25, 0x0399	; 0x800399 <indicator+0x2>
    13f6:	01 96       	adiw	r24, 0x01	; 1
    13f8:	90 93 99 03 	sts	0x0399, r25	; 0x800399 <indicator+0x2>
    13fc:	80 93 98 03 	sts	0x0398, r24	; 0x800398 <indicator+0x1>
    1400:	20 91 9a 03 	lds	r18, 0x039A	; 0x80039a <indicator+0x3>
    1404:	30 91 9b 03 	lds	r19, 0x039B	; 0x80039b <indicator+0x4>
    1408:	82 17       	cp	r24, r18
    140a:	93 07       	cpc	r25, r19
    140c:	58 f3       	brcs	.-42     	; 0x13e4 <.L9>
    140e:	80 91 97 03 	lds	r24, 0x0397	; 0x800397 <indicator>
    1412:	81 50       	subi	r24, 0x01	; 1
    1414:	80 93 97 03 	sts	0x0397, r24	; 0x800397 <indicator>
    1418:	08 95       	ret

0000141a <.L25>:
    141a:	80 91 da 04 	lds	r24, 0x04DA	; 0x8004da <mainflag>
    141e:	80 ff       	sbrs	r24, 0
    1420:	d8 cf       	rjmp	.-80     	; 0x13d2 <.L11>
    1422:	80 91 98 03 	lds	r24, 0x0398	; 0x800398 <indicator+0x1>
    1426:	90 91 99 03 	lds	r25, 0x0399	; 0x800399 <indicator+0x2>
    142a:	01 96       	adiw	r24, 0x01	; 1
    142c:	90 93 99 03 	sts	0x0399, r25	; 0x800399 <indicator+0x2>
    1430:	80 93 98 03 	sts	0x0398, r24	; 0x800398 <indicator+0x1>
    1434:	20 91 98 03 	lds	r18, 0x0398	; 0x800398 <indicator+0x1>
    1438:	30 91 99 03 	lds	r19, 0x0399	; 0x800399 <indicator+0x2>
    143c:	80 91 9a 03 	lds	r24, 0x039A	; 0x80039a <indicator+0x3>
    1440:	90 91 9b 03 	lds	r25, 0x039B	; 0x80039b <indicator+0x4>
    1444:	28 17       	cp	r18, r24
    1446:	39 07       	cpc	r19, r25
    1448:	20 f2       	brcs	.-120    	; 0x13d2 <.L11>
    144a:	10 92 99 03 	sts	0x0399, r1	; 0x800399 <indicator+0x2>
    144e:	10 92 98 03 	sts	0x0398, r1	; 0x800398 <indicator+0x1>
    1452:	30 91 a0 03 	lds	r19, 0x03A0	; 0x8003a0 <indicator+0x9>
    1456:	e0 91 9e 03 	lds	r30, 0x039E	; 0x80039e <indicator+0x7>
    145a:	f0 91 9f 03 	lds	r31, 0x039F	; 0x80039f <indicator+0x8>
    145e:	20 81       	ld	r18, Z
    1460:	81 e0       	ldi	r24, 0x01	; 1
    1462:	01 c0       	rjmp	.+2      	; 0x1466 <.L2^B4>

00001464 <.L1^B4>:
    1464:	88 0f       	add	r24, r24

00001466 <.L2^B4>:
    1466:	3a 95       	dec	r19
    1468:	ea f7       	brpl	.-6      	; 0x1464 <.L1^B4>
    146a:	80 95       	com	r24
    146c:	82 23       	and	r24, r18
    146e:	80 83       	st	Z, r24
    1470:	10 92 97 03 	sts	0x0397, r1	; 0x800397 <indicator>
    1474:	ae cf       	rjmp	.-164    	; 0x13d2 <.L11>

00001476 <.L26>:
    1476:	90 91 a0 03 	lds	r25, 0x03A0	; 0x8003a0 <indicator+0x9>
    147a:	e0 91 9e 03 	lds	r30, 0x039E	; 0x80039e <indicator+0x7>
    147e:	f0 91 9f 03 	lds	r31, 0x039F	; 0x80039f <indicator+0x8>
    1482:	80 81       	ld	r24, Z
    1484:	21 e0       	ldi	r18, 0x01	; 1
    1486:	01 c0       	rjmp	.+2      	; 0x148a <.L2^B5>

00001488 <.L1^B5>:
    1488:	22 0f       	add	r18, r18

0000148a <.L2^B5>:
    148a:	9a 95       	dec	r25
    148c:	ea f7       	brpl	.-6      	; 0x1488 <.L1^B5>
    148e:	82 27       	eor	r24, r18
    1490:	80 83       	st	Z, r24
    1492:	10 92 99 03 	sts	0x0399, r1	; 0x800399 <indicator+0x2>
    1496:	10 92 98 03 	sts	0x0398, r1	; 0x800398 <indicator+0x1>
    149a:	80 91 97 03 	lds	r24, 0x0397	; 0x800397 <indicator>
    149e:	8f 5f       	subi	r24, 0xFF	; 255
    14a0:	80 93 97 03 	sts	0x0397, r24	; 0x800397 <indicator>
    14a4:	08 95       	ret

000014a6 <.L24>:
    14a6:	90 91 a0 03 	lds	r25, 0x03A0	; 0x8003a0 <indicator+0x9>
    14aa:	e0 91 9e 03 	lds	r30, 0x039E	; 0x80039e <indicator+0x7>
    14ae:	f0 91 9f 03 	lds	r31, 0x039F	; 0x80039f <indicator+0x8>
    14b2:	80 81       	ld	r24, Z
    14b4:	21 e0       	ldi	r18, 0x01	; 1
    14b6:	01 c0       	rjmp	.+2      	; 0x14ba <.L2^B6>

000014b8 <.L1^B6>:
    14b8:	22 0f       	add	r18, r18

000014ba <.L2^B6>:
    14ba:	9a 95       	dec	r25
    14bc:	ea f7       	brpl	.-6      	; 0x14b8 <.L1^B6>
    14be:	82 2b       	or	r24, r18
    14c0:	80 83       	st	Z, r24
    14c2:	10 92 99 03 	sts	0x0399, r1	; 0x800399 <indicator+0x2>
    14c6:	10 92 98 03 	sts	0x0398, r1	; 0x800398 <indicator+0x1>
    14ca:	80 91 97 03 	lds	r24, 0x0397	; 0x800397 <indicator>
    14ce:	8f 5f       	subi	r24, 0xFF	; 255
    14d0:	80 93 97 03 	sts	0x0397, r24	; 0x800397 <indicator>
    14d4:	7e cf       	rjmp	.-260    	; 0x13d2 <.L11>

000014d6 <keyRead_pin_key0>:
    14d6:	88 27       	eor	r24, r24
    14d8:	81 99       	sbic	0x10, 1	; 16
    14da:	83 95       	inc	r24
    14dc:	08 95       	ret

000014de <keyRead_pin_key1>:
    14de:	80 b3       	in	r24, 0x10	; 16
    14e0:	81 70       	andi	r24, 0x01	; 1
    14e2:	08 95       	ret

000014e4 <keyRead_pin_key2>:
    14e4:	88 27       	eor	r24, r24
    14e6:	b3 99       	sbic	0x16, 3	; 22
    14e8:	83 95       	inc	r24
    14ea:	08 95       	ret

000014ec <keyRead_pin_key3>:
    14ec:	88 27       	eor	r24, r24
    14ee:	86 99       	sbic	0x10, 6	; 16
    14f0:	83 95       	inc	r24
    14f2:	08 95       	ret

000014f4 <keyRead_pin_key4>:
    14f4:	88 27       	eor	r24, r24
    14f6:	c9 99       	sbic	0x19, 1	; 25
    14f8:	83 95       	inc	r24
    14fa:	08 95       	ret

000014fc <keyRead_pin_key5>:
    14fc:	86 b3       	in	r24, 0x16	; 22
    14fe:	81 70       	andi	r24, 0x01	; 1
    1500:	08 95       	ret

00001502 <keyRead_pin_key6>:
    1502:	88 27       	eor	r24, r24
    1504:	cb 99       	sbic	0x19, 3	; 25
    1506:	83 95       	inc	r24
    1508:	08 95       	ret

0000150a <ikb_setKeyProp>:
    150a:	cf 93       	push	r28
    150c:	df 93       	push	r29
    150e:	00 d0       	rcall	.+0      	; 0x1510 <L0^A>

00001510 <L0^A>:
    1510:	00 d0       	rcall	.+0      	; 0x1512 <L0^A>

00001512 <L0^A>:
    1512:	00 d0       	rcall	.+0      	; 0x1514 <L0^A>

00001514 <L0^A>:
    1514:	cd b7       	in	r28, 0x3d	; 61
    1516:	de b7       	in	r29, 0x3e	; 62
    1518:	29 83       	std	Y+1, r18	; 0x01
    151a:	3a 83       	std	Y+2, r19	; 0x02
    151c:	4b 83       	std	Y+3, r20	; 0x03
    151e:	5c 83       	std	Y+4, r21	; 0x04
    1520:	6d 83       	std	Y+5, r22	; 0x05
    1522:	7e 83       	std	Y+6, r23	; 0x06
    1524:	90 e1       	ldi	r25, 0x10	; 16
    1526:	89 9f       	mul	r24, r25
    1528:	d0 01       	movw	r26, r0
    152a:	11 24       	eor	r1, r1
    152c:	af 54       	subi	r26, 0x4F	; 79
    152e:	bc 4f       	sbci	r27, 0xFC	; 252
    1530:	86 e0       	ldi	r24, 0x06	; 6
    1532:	fe 01       	movw	r30, r28
    1534:	31 96       	adiw	r30, 0x01	; 1

00001536 <.L0^B1>:
    1536:	01 90       	ld	r0, Z+
    1538:	0d 92       	st	X+, r0
    153a:	8a 95       	dec	r24
    153c:	e1 f7       	brne	.-8      	; 0x1536 <.L0^B1>
    153e:	0f 90       	pop	r0
    1540:	0f 90       	pop	r0
    1542:	0f 90       	pop	r0
    1544:	0f 90       	pop	r0
    1546:	0f 90       	pop	r0
    1548:	0f 90       	pop	r0
    154a:	df 91       	pop	r29
    154c:	cf 91       	pop	r28
    154e:	08 95       	ret

00001550 <ikb_init>:
    1550:	cf 93       	push	r28
    1552:	df 93       	push	r29
    1554:	cd b7       	in	r28, 0x3d	; 61
    1556:	de b7       	in	r29, 0x3e	; 62
    1558:	2c 97       	sbiw	r28, 0x0c	; 12
    155a:	0f b6       	in	r0, 0x3f	; 63
    155c:	f8 94       	cli
    155e:	de bf       	out	0x3e, r29	; 62
    1560:	0f be       	out	0x3f, r0	; 63
    1562:	cd bf       	out	0x3d, r28	; 61
    1564:	89 98       	cbi	0x11, 1	; 17
    1566:	88 98       	cbi	0x11, 0	; 17
    1568:	bb 98       	cbi	0x17, 3	; 23
    156a:	8e 98       	cbi	0x11, 6	; 17
    156c:	d1 98       	cbi	0x1a, 1	; 26
    156e:	b8 98       	cbi	0x17, 0	; 23
    1570:	d3 98       	cbi	0x1a, 3	; 26
    1572:	e8 ea       	ldi	r30, 0xA8	; 168
    1574:	f3 e0       	ldi	r31, 0x03	; 3
    1576:	8b e6       	ldi	r24, 0x6B	; 107
    1578:	9a e0       	ldi	r25, 0x0A	; 10
    157a:	91 83       	std	Z+1, r25	; 0x01
    157c:	80 83       	st	Z, r24
    157e:	8f e6       	ldi	r24, 0x6F	; 111
    1580:	9a e0       	ldi	r25, 0x0A	; 10
    1582:	91 8b       	std	Z+17, r25	; 0x11
    1584:	80 8b       	std	Z+16, r24	; 0x10
    1586:	82 e7       	ldi	r24, 0x72	; 114
    1588:	9a e0       	ldi	r25, 0x0A	; 10
    158a:	91 a3       	std	Z+33, r25	; 0x21
    158c:	80 a3       	std	Z+32, r24	; 0x20
    158e:	86 e7       	ldi	r24, 0x76	; 118
    1590:	9a e0       	ldi	r25, 0x0A	; 10
    1592:	91 ab       	std	Z+49, r25	; 0x31
    1594:	80 ab       	std	Z+48, r24	; 0x30
    1596:	8a e7       	ldi	r24, 0x7A	; 122
    1598:	9a e0       	ldi	r25, 0x0A	; 10
    159a:	90 93 e9 03 	sts	0x03E9, r25	; 0x8003e9 <key+0x41>
    159e:	80 93 e8 03 	sts	0x03E8, r24	; 0x8003e8 <key+0x40>
    15a2:	8e e7       	ldi	r24, 0x7E	; 126
    15a4:	9a e0       	ldi	r25, 0x0A	; 10
    15a6:	90 93 f9 03 	sts	0x03F9, r25	; 0x8003f9 <key+0x51>
    15aa:	80 93 f8 03 	sts	0x03F8, r24	; 0x8003f8 <key+0x50>
    15ae:	81 e8       	ldi	r24, 0x81	; 129
    15b0:	9a e0       	ldi	r25, 0x0A	; 10
    15b2:	90 93 09 04 	sts	0x0409, r25	; 0x800409 <key+0x61>
    15b6:	80 93 08 04 	sts	0x0408, r24	; 0x800408 <key+0x60>
    15ba:	ce 01       	movw	r24, r28
    15bc:	07 96       	adiw	r24, 0x07	; 7
    15be:	26 e0       	ldi	r18, 0x06	; 6
    15c0:	fc 01       	movw	r30, r24

000015c2 <.L0^B2>:
    15c2:	11 92       	st	Z+, r1
    15c4:	2a 95       	dec	r18
    15c6:	e9 f7       	brne	.-6      	; 0x15c2 <.L0^B2>
    15c8:	2f 81       	ldd	r18, Y+7	; 0x07
    15ca:	21 60       	ori	r18, 0x01	; 1
    15cc:	2f 83       	std	Y+7, r18	; 0x07
    15ce:	26 e0       	ldi	r18, 0x06	; 6
    15d0:	fc 01       	movw	r30, r24
    15d2:	de 01       	movw	r26, r28
    15d4:	11 96       	adiw	r26, 0x01	; 1

000015d6 <.L0^B3>:
    15d6:	01 90       	ld	r0, Z+
    15d8:	0d 92       	st	X+, r0
    15da:	2a 95       	dec	r18
    15dc:	e1 f7       	brne	.-8      	; 0x15d6 <.L0^B3>
    15de:	26 e0       	ldi	r18, 0x06	; 6
    15e0:	fe 01       	movw	r30, r28
    15e2:	31 96       	adiw	r30, 0x01	; 1
    15e4:	a1 eb       	ldi	r26, 0xB1	; 177
    15e6:	b3 e0       	ldi	r27, 0x03	; 3

000015e8 <.L0^B4>:
    15e8:	01 90       	ld	r0, Z+
    15ea:	0d 92       	st	X+, r0
    15ec:	2a 95       	dec	r18
    15ee:	e1 f7       	brne	.-8      	; 0x15e8 <.L0^B4>
    15f0:	26 e0       	ldi	r18, 0x06	; 6
    15f2:	fc 01       	movw	r30, r24
    15f4:	de 01       	movw	r26, r28
    15f6:	11 96       	adiw	r26, 0x01	; 1

000015f8 <.L0^B5>:
    15f8:	01 90       	ld	r0, Z+
    15fa:	0d 92       	st	X+, r0
    15fc:	2a 95       	dec	r18
    15fe:	e1 f7       	brne	.-8      	; 0x15f8 <.L0^B5>
    1600:	26 e0       	ldi	r18, 0x06	; 6
    1602:	fe 01       	movw	r30, r28
    1604:	31 96       	adiw	r30, 0x01	; 1
    1606:	a1 ec       	ldi	r26, 0xC1	; 193
    1608:	b3 e0       	ldi	r27, 0x03	; 3

0000160a <.L0^B6>:
    160a:	01 90       	ld	r0, Z+
    160c:	0d 92       	st	X+, r0
    160e:	2a 95       	dec	r18
    1610:	e1 f7       	brne	.-8      	; 0x160a <.L0^B6>
    1612:	26 e0       	ldi	r18, 0x06	; 6
    1614:	fc 01       	movw	r30, r24
    1616:	de 01       	movw	r26, r28
    1618:	11 96       	adiw	r26, 0x01	; 1

0000161a <.L0^B7>:
    161a:	01 90       	ld	r0, Z+
    161c:	0d 92       	st	X+, r0
    161e:	2a 95       	dec	r18
    1620:	e1 f7       	brne	.-8      	; 0x161a <.L0^B7>
    1622:	26 e0       	ldi	r18, 0x06	; 6
    1624:	fe 01       	movw	r30, r28
    1626:	31 96       	adiw	r30, 0x01	; 1
    1628:	a1 ed       	ldi	r26, 0xD1	; 209
    162a:	b3 e0       	ldi	r27, 0x03	; 3

0000162c <.L0^B8>:
    162c:	01 90       	ld	r0, Z+
    162e:	0d 92       	st	X+, r0
    1630:	2a 95       	dec	r18
    1632:	e1 f7       	brne	.-8      	; 0x162c <.L0^B8>
    1634:	26 e0       	ldi	r18, 0x06	; 6
    1636:	fc 01       	movw	r30, r24
    1638:	de 01       	movw	r26, r28
    163a:	11 96       	adiw	r26, 0x01	; 1

0000163c <.L0^B9>:
    163c:	01 90       	ld	r0, Z+
    163e:	0d 92       	st	X+, r0
    1640:	2a 95       	dec	r18
    1642:	e1 f7       	brne	.-8      	; 0x163c <.L0^B9>
    1644:	26 e0       	ldi	r18, 0x06	; 6
    1646:	fe 01       	movw	r30, r28
    1648:	31 96       	adiw	r30, 0x01	; 1
    164a:	a1 ee       	ldi	r26, 0xE1	; 225
    164c:	b3 e0       	ldi	r27, 0x03	; 3

0000164e <.L0^B10>:
    164e:	01 90       	ld	r0, Z+
    1650:	0d 92       	st	X+, r0
    1652:	2a 95       	dec	r18
    1654:	e1 f7       	brne	.-8      	; 0x164e <.L0^B10>
    1656:	26 e0       	ldi	r18, 0x06	; 6
    1658:	fc 01       	movw	r30, r24
    165a:	de 01       	movw	r26, r28
    165c:	11 96       	adiw	r26, 0x01	; 1

0000165e <.L0^B11>:
    165e:	01 90       	ld	r0, Z+
    1660:	0d 92       	st	X+, r0
    1662:	2a 95       	dec	r18
    1664:	e1 f7       	brne	.-8      	; 0x165e <.L0^B11>
    1666:	26 e0       	ldi	r18, 0x06	; 6
    1668:	fe 01       	movw	r30, r28
    166a:	31 96       	adiw	r30, 0x01	; 1
    166c:	a1 ef       	ldi	r26, 0xF1	; 241
    166e:	b3 e0       	ldi	r27, 0x03	; 3

00001670 <.L0^B12>:
    1670:	01 90       	ld	r0, Z+
    1672:	0d 92       	st	X+, r0
    1674:	2a 95       	dec	r18
    1676:	e1 f7       	brne	.-8      	; 0x1670 <.L0^B12>
    1678:	26 e0       	ldi	r18, 0x06	; 6
    167a:	fc 01       	movw	r30, r24
    167c:	de 01       	movw	r26, r28
    167e:	11 96       	adiw	r26, 0x01	; 1

00001680 <.L0^B13>:
    1680:	01 90       	ld	r0, Z+
    1682:	0d 92       	st	X+, r0
    1684:	2a 95       	dec	r18
    1686:	e1 f7       	brne	.-8      	; 0x1680 <.L0^B13>
    1688:	26 e0       	ldi	r18, 0x06	; 6
    168a:	fe 01       	movw	r30, r28
    168c:	31 96       	adiw	r30, 0x01	; 1
    168e:	a1 e0       	ldi	r26, 0x01	; 1
    1690:	b4 e0       	ldi	r27, 0x04	; 4

00001692 <.L0^B14>:
    1692:	01 90       	ld	r0, Z+
    1694:	0d 92       	st	X+, r0
    1696:	2a 95       	dec	r18
    1698:	e1 f7       	brne	.-8      	; 0x1692 <.L0^B14>
    169a:	26 e0       	ldi	r18, 0x06	; 6
    169c:	fc 01       	movw	r30, r24
    169e:	de 01       	movw	r26, r28
    16a0:	11 96       	adiw	r26, 0x01	; 1

000016a2 <.L0^B15>:
    16a2:	01 90       	ld	r0, Z+
    16a4:	0d 92       	st	X+, r0
    16a6:	2a 95       	dec	r18
    16a8:	e1 f7       	brne	.-8      	; 0x16a2 <.L0^B15>
    16aa:	86 e0       	ldi	r24, 0x06	; 6
    16ac:	fe 01       	movw	r30, r28
    16ae:	31 96       	adiw	r30, 0x01	; 1
    16b0:	a1 e1       	ldi	r26, 0x11	; 17
    16b2:	b4 e0       	ldi	r27, 0x04	; 4

000016b4 <.L0^B16>:
    16b4:	01 90       	ld	r0, Z+
    16b6:	0d 92       	st	X+, r0
    16b8:	8a 95       	dec	r24
    16ba:	e1 f7       	brne	.-8      	; 0x16b4 <.L0^B16>
    16bc:	2c 96       	adiw	r28, 0x0c	; 12
    16be:	0f b6       	in	r0, 0x3f	; 63
    16c0:	f8 94       	cli
    16c2:	de bf       	out	0x3e, r29	; 62
    16c4:	0f be       	out	0x3f, r0	; 63
    16c6:	cd bf       	out	0x3d, r28	; 61
    16c8:	df 91       	pop	r29
    16ca:	cf 91       	pop	r28
    16cc:	08 95       	ret

000016ce <ikb_flush>:
    16ce:	e7 eb       	ldi	r30, 0xB7	; 183
    16d0:	f3 e0       	ldi	r31, 0x03	; 3
    16d2:	80 81       	ld	r24, Z
    16d4:	8d 7f       	andi	r24, 0xFD	; 253
    16d6:	80 83       	st	Z, r24
    16d8:	e7 ec       	ldi	r30, 0xC7	; 199
    16da:	f3 e0       	ldi	r31, 0x03	; 3
    16dc:	80 81       	ld	r24, Z
    16de:	8d 7f       	andi	r24, 0xFD	; 253
    16e0:	80 83       	st	Z, r24
    16e2:	e7 ed       	ldi	r30, 0xD7	; 215
    16e4:	f3 e0       	ldi	r31, 0x03	; 3
    16e6:	80 81       	ld	r24, Z
    16e8:	8d 7f       	andi	r24, 0xFD	; 253
    16ea:	80 83       	st	Z, r24
    16ec:	e7 ee       	ldi	r30, 0xE7	; 231
    16ee:	f3 e0       	ldi	r31, 0x03	; 3
    16f0:	80 81       	ld	r24, Z
    16f2:	8d 7f       	andi	r24, 0xFD	; 253
    16f4:	80 83       	st	Z, r24
    16f6:	e7 ef       	ldi	r30, 0xF7	; 247
    16f8:	f3 e0       	ldi	r31, 0x03	; 3
    16fa:	80 81       	ld	r24, Z
    16fc:	8d 7f       	andi	r24, 0xFD	; 253
    16fe:	80 83       	st	Z, r24
    1700:	e7 e0       	ldi	r30, 0x07	; 7
    1702:	f4 e0       	ldi	r31, 0x04	; 4
    1704:	80 81       	ld	r24, Z
    1706:	8d 7f       	andi	r24, 0xFD	; 253
    1708:	80 83       	st	Z, r24
    170a:	e7 e1       	ldi	r30, 0x17	; 23
    170c:	f4 e0       	ldi	r31, 0x04	; 4
    170e:	80 81       	ld	r24, Z
    1710:	8d 7f       	andi	r24, 0xFD	; 253
    1712:	80 83       	st	Z, r24
    1714:	08 95       	ret

00001716 <ikb_get_AtTimeExpired_BeforeOrAfter>:
    1716:	90 e1       	ldi	r25, 0x10	; 16
    1718:	89 9f       	mul	r24, r25
    171a:	f0 01       	movw	r30, r0
    171c:	11 24       	eor	r1, r1
    171e:	e9 54       	subi	r30, 0x49	; 73
    1720:	fc 4f       	sbci	r31, 0xFC	; 252
    1722:	80 81       	ld	r24, Z
    1724:	82 fb       	bst	r24, 2
    1726:	88 27       	eor	r24, r24
    1728:	80 f9       	bld	r24, 0
    172a:	08 95       	ret

0000172c <ikb_key_is_ready2read>:
    172c:	90 e1       	ldi	r25, 0x10	; 16
    172e:	89 9f       	mul	r24, r25
    1730:	f0 01       	movw	r30, r0
    1732:	11 24       	eor	r1, r1
    1734:	e9 54       	subi	r30, 0x49	; 73
    1736:	fc 4f       	sbci	r31, 0xFC	; 252
    1738:	80 81       	ld	r24, Z
    173a:	86 95       	lsr	r24
    173c:	81 70       	andi	r24, 0x01	; 1
    173e:	08 95       	ret

00001740 <ikb_set_ready2read>:
    1740:	90 e1       	ldi	r25, 0x10	; 16
    1742:	89 9f       	mul	r24, r25
    1744:	f0 01       	movw	r30, r0
    1746:	11 24       	eor	r1, r1
    1748:	e9 54       	subi	r30, 0x49	; 73
    174a:	fc 4f       	sbci	r31, 0xFC	; 252
    174c:	80 81       	ld	r24, Z
    174e:	82 60       	ori	r24, 0x02	; 2
    1750:	80 83       	st	Z, r24
    1752:	08 95       	ret

00001754 <ikb_key_was_read>:
    1754:	90 e1       	ldi	r25, 0x10	; 16
    1756:	89 9f       	mul	r24, r25
    1758:	f0 01       	movw	r30, r0
    175a:	11 24       	eor	r1, r1
    175c:	e9 54       	subi	r30, 0x49	; 73
    175e:	fc 4f       	sbci	r31, 0xFC	; 252
    1760:	80 81       	ld	r24, Z
    1762:	8d 7f       	andi	r24, 0xFD	; 253
    1764:	80 83       	st	Z, r24
    1766:	08 95       	ret

00001768 <ikb_execfunct>:
    1768:	90 e1       	ldi	r25, 0x10	; 16
    176a:	89 9f       	mul	r24, r25
    176c:	f0 01       	movw	r30, r0
    176e:	11 24       	eor	r1, r1
    1770:	e8 55       	subi	r30, 0x58	; 88
    1772:	fc 4f       	sbci	r31, 0xFC	; 252
    1774:	02 80       	ldd	r0, Z+2	; 0x02
    1776:	f3 81       	ldd	r31, Z+3	; 0x03
    1778:	e0 2d       	mov	r30, r0
    177a:	09 94       	ijmp

0000177c <ikb_getKeyState>:
    177c:	90 e1       	ldi	r25, 0x10	; 16
    177e:	89 02       	muls	r24, r25
    1780:	f0 01       	movw	r30, r0
    1782:	11 24       	eor	r1, r1
    1784:	e9 54       	subi	r30, 0x49	; 73
    1786:	fc 4f       	sbci	r31, 0xFC	; 252
    1788:	80 81       	ld	r24, Z
    178a:	81 70       	andi	r24, 0x01	; 1
    178c:	08 95       	ret

0000178e <ikb_getKeyStartPressed>:
    178e:	90 e1       	ldi	r25, 0x10	; 16
    1790:	89 02       	muls	r24, r25
    1792:	f0 01       	movw	r30, r0
    1794:	11 24       	eor	r1, r1
    1796:	e9 54       	subi	r30, 0x49	; 73
    1798:	fc 4f       	sbci	r31, 0xFC	; 252
    179a:	80 81       	ld	r24, Z
    179c:	85 fb       	bst	r24, 5
    179e:	88 27       	eor	r24, r24
    17a0:	80 f9       	bld	r24, 0
    17a2:	08 95       	ret

000017a4 <ikb_clearKeyStartPressed>:
    17a4:	90 e1       	ldi	r25, 0x10	; 16
    17a6:	89 02       	muls	r24, r25
    17a8:	f0 01       	movw	r30, r0
    17aa:	11 24       	eor	r1, r1
    17ac:	e9 54       	subi	r30, 0x49	; 73
    17ae:	fc 4f       	sbci	r31, 0xFC	; 252
    17b0:	80 81       	ld	r24, Z
    17b2:	8f 7d       	andi	r24, 0xDF	; 223
    17b4:	80 83       	st	Z, r24
    17b6:	08 95       	ret

000017b8 <ikey_scan>:
    17b8:	ef 92       	push	r14
    17ba:	ff 92       	push	r15
    17bc:	0f 93       	push	r16
    17be:	1f 93       	push	r17
    17c0:	cf 93       	push	r28
    17c2:	df 93       	push	r29
    17c4:	06 e0       	ldi	r16, 0x06	; 6
    17c6:	10 e0       	ldi	r17, 0x00	; 0
    17c8:	0c c0       	rjmp	.+24     	; 0x17e2 <.L29>

000017ca <.L34>:
    17ca:	e8 81       	ld	r30, Y
    17cc:	f9 81       	ldd	r31, Y+1	; 0x01
    17ce:	09 95       	icall
    17d0:	81 11       	cpse	r24, r1
    17d2:	03 c0       	rjmp	.+6      	; 0x17da <.L23>

000017d4 <.L31>:
    17d4:	8c 81       	ldd	r24, Y+4	; 0x04
    17d6:	8f 5f       	subi	r24, 0xFF	; 255
    17d8:	8c 83       	std	Y+4, r24	; 0x04

000017da <.L23>:
    17da:	01 50       	subi	r16, 0x01	; 1
    17dc:	11 09       	sbc	r17, r1
    17de:	08 f4       	brcc	.+2      	; 0x17e2 <.L29>

000017e0 <L0^A>:
    17e0:	40 c0       	rjmp	.+128    	; 0x1862 <.L33>

000017e2 <.L29>:
    17e2:	8a e1       	ldi	r24, 0x1A	; 26

000017e4 <.L1^B1>:
    17e4:	8a 95       	dec	r24
    17e6:	f1 f7       	brne	.-4      	; 0x17e4 <.L1^B1>
    17e8:	00 c0       	rjmp	.+0      	; 0x17ea <L0^A>

000017ea <L0^A>:
    17ea:	78 01       	movw	r14, r16
    17ec:	e2 94       	swap	r14
    17ee:	f2 94       	swap	r15
    17f0:	80 ef       	ldi	r24, 0xF0	; 240
    17f2:	f8 22       	and	r15, r24
    17f4:	fe 24       	eor	r15, r14
    17f6:	e8 22       	and	r14, r24
    17f8:	fe 24       	eor	r15, r14
    17fa:	e7 01       	movw	r28, r14
    17fc:	c8 55       	subi	r28, 0x58	; 88
    17fe:	dc 4f       	sbci	r29, 0xFC	; 252
    1800:	8c 81       	ldd	r24, Y+4	; 0x04
    1802:	81 15       	cp	r24, r1
    1804:	11 f3       	breq	.-60     	; 0x17ca <.L34>
    1806:	8c 81       	ldd	r24, Y+4	; 0x04
    1808:	81 30       	cpi	r24, 0x01	; 1
    180a:	c9 f0       	breq	.+50     	; 0x183e <.L35>
    180c:	8c 81       	ldd	r24, Y+4	; 0x04
    180e:	82 30       	cpi	r24, 0x02	; 2
    1810:	79 f1       	breq	.+94     	; 0x1870 <.L36>
    1812:	8c 81       	ldd	r24, Y+4	; 0x04
    1814:	83 30       	cpi	r24, 0x03	; 3
    1816:	09 f7       	brne	.-62     	; 0x17da <.L23>
    1818:	8d 81       	ldd	r24, Y+5	; 0x05
    181a:	8f 5f       	subi	r24, 0xFF	; 255
    181c:	8d 83       	std	Y+5, r24	; 0x05
    181e:	81 30       	cpi	r24, 0x01	; 1
    1820:	e1 f6       	brne	.-72     	; 0x17da <.L23>
    1822:	1d 82       	std	Y+5, r1	; 0x05
    1824:	e8 81       	ld	r30, Y
    1826:	f9 81       	ldd	r31, Y+1	; 0x01
    1828:	09 95       	icall
    182a:	81 30       	cpi	r24, 0x01	; 1
    182c:	41 f5       	brne	.+80     	; 0x187e <.L32>
    182e:	f7 01       	movw	r30, r14
    1830:	e9 54       	subi	r30, 0x49	; 73
    1832:	fc 4f       	sbci	r31, 0xFC	; 252
    1834:	80 81       	ld	r24, Z
    1836:	8e 7f       	andi	r24, 0xFE	; 254
    1838:	80 83       	st	Z, r24
    183a:	1c 82       	std	Y+4, r1	; 0x04
    183c:	ce cf       	rjmp	.-100    	; 0x17da <.L23>

0000183e <.L35>:
    183e:	8d 81       	ldd	r24, Y+5	; 0x05
    1840:	8f 5f       	subi	r24, 0xFF	; 255
    1842:	8d 83       	std	Y+5, r24	; 0x05
    1844:	81 30       	cpi	r24, 0x01	; 1
    1846:	49 f6       	brne	.-110    	; 0x17da <.L23>
    1848:	1d 82       	std	Y+5, r1	; 0x05
    184a:	e8 81       	ld	r30, Y
    184c:	f9 81       	ldd	r31, Y+1	; 0x01
    184e:	09 95       	icall
    1850:	81 11       	cpse	r24, r1
    1852:	15 c0       	rjmp	.+42     	; 0x187e <.L32>
    1854:	f7 01       	movw	r30, r14
    1856:	e9 54       	subi	r30, 0x49	; 73
    1858:	fc 4f       	sbci	r31, 0xFC	; 252
    185a:	80 81       	ld	r24, Z
    185c:	81 60       	ori	r24, 0x01	; 1
    185e:	80 83       	st	Z, r24
    1860:	b9 cf       	rjmp	.-142    	; 0x17d4 <.L31>

00001862 <.L33>:
    1862:	df 91       	pop	r29
    1864:	cf 91       	pop	r28
    1866:	1f 91       	pop	r17
    1868:	0f 91       	pop	r16
    186a:	ff 90       	pop	r15
    186c:	ef 90       	pop	r14
    186e:	08 95       	ret

00001870 <.L36>:
    1870:	e8 81       	ld	r30, Y
    1872:	f9 81       	ldd	r31, Y+1	; 0x01
    1874:	09 95       	icall
    1876:	81 30       	cpi	r24, 0x01	; 1
    1878:	09 f0       	breq	.+2      	; 0x187c <L0^A+0x2>

0000187a <L0^A>:
    187a:	af cf       	rjmp	.-162    	; 0x17da <.L23>
    187c:	ab cf       	rjmp	.-170    	; 0x17d4 <.L31>

0000187e <.L32>:
    187e:	8c 81       	ldd	r24, Y+4	; 0x04
    1880:	81 50       	subi	r24, 0x01	; 1
    1882:	8c 83       	std	Y+4, r24	; 0x04
    1884:	aa cf       	rjmp	.-172    	; 0x17da <.L23>

00001886 <ikb_inReptt>:
    1886:	90 e1       	ldi	r25, 0x10	; 16
    1888:	89 02       	muls	r24, r25
    188a:	f0 01       	movw	r30, r0
    188c:	11 24       	eor	r1, r1
    188e:	e8 55       	subi	r30, 0x58	; 88
    1890:	fc 4f       	sbci	r31, 0xFC	; 252
    1892:	96 81       	ldd	r25, Z+6	; 0x06
    1894:	81 e0       	ldi	r24, 0x01	; 1
    1896:	98 30       	cpi	r25, 0x08	; 8
    1898:	09 f0       	breq	.+2      	; 0x189c <.L39>
    189a:	08 95       	ret

0000189c <.L39>:
    189c:	80 e0       	ldi	r24, 0x00	; 0
    189e:	08 95       	ret

000018a0 <ikey_parsing>:
    18a0:	0f 93       	push	r16
    18a2:	1f 93       	push	r17
    18a4:	cf 93       	push	r28
    18a6:	df 93       	push	r29
    18a8:	20 e0       	ldi	r18, 0x00	; 0
    18aa:	30 e0       	ldi	r19, 0x00	; 0
    18ac:	79 e0       	ldi	r23, 0x09	; 9
    18ae:	aa e0       	ldi	r26, 0x0A	; 10
    18b0:	63 e0       	ldi	r22, 0x03	; 3
    18b2:	42 e0       	ldi	r20, 0x02	; 2
    18b4:	5b e0       	ldi	r21, 0x0B	; 11
    18b6:	52 c0       	rjmp	.+164    	; 0x195c <.L75>

000018b8 <.L53>:
    18b8:	fc 01       	movw	r30, r24
    18ba:	e8 55       	subi	r30, 0x58	; 88
    18bc:	fc 4f       	sbci	r31, 0xFC	; 252
    18be:	b6 81       	ldd	r27, Z+6	; 0x06
    18c0:	b9 30       	cpi	r27, 0x09	; 9
    18c2:	09 f4       	brne	.+2      	; 0x18c6 <.L55>

000018c4 <L0^A>:
    18c4:	9a c0       	rjmp	.+308    	; 0x19fa <.L93>

000018c6 <.L55>:
    18c6:	fc 01       	movw	r30, r24
    18c8:	e8 55       	subi	r30, 0x58	; 88
    18ca:	fc 4f       	sbci	r31, 0xFC	; 252
    18cc:	b6 81       	ldd	r27, Z+6	; 0x06
    18ce:	ba 30       	cpi	r27, 0x0A	; 10
    18d0:	09 f4       	brne	.+2      	; 0x18d4 <.L57>

000018d2 <L0^A>:
    18d2:	a4 c0       	rjmp	.+328    	; 0x1a1c <.L94>

000018d4 <.L57>:
    18d4:	fc 01       	movw	r30, r24
    18d6:	e8 55       	subi	r30, 0x58	; 88
    18d8:	fc 4f       	sbci	r31, 0xFC	; 252
    18da:	b6 81       	ldd	r27, Z+6	; 0x06
    18dc:	b6 30       	cpi	r27, 0x06	; 6
    18de:	09 f4       	brne	.+2      	; 0x18e2 <.L59>

000018e0 <L0^A>:
    18e0:	b2 c0       	rjmp	.+356    	; 0x1a46 <.L95>

000018e2 <.L59>:
    18e2:	fc 01       	movw	r30, r24
    18e4:	e8 55       	subi	r30, 0x58	; 88
    18e6:	fc 4f       	sbci	r31, 0xFC	; 252
    18e8:	b6 81       	ldd	r27, Z+6	; 0x06
    18ea:	b7 30       	cpi	r27, 0x07	; 7
    18ec:	39 f4       	brne	.+14     	; 0x18fc <.L60>
    18ee:	ec 01       	movw	r28, r24
    18f0:	c9 54       	subi	r28, 0x49	; 73
    18f2:	dc 4f       	sbci	r29, 0xFC	; 252
    18f4:	b8 81       	ld	r27, Y
    18f6:	b2 60       	ori	r27, 0x02	; 2
    18f8:	b8 83       	st	Y, r27
    18fa:	46 83       	std	Z+6, r20	; 0x06

000018fc <.L60>:
    18fc:	fc 01       	movw	r30, r24
    18fe:	e8 55       	subi	r30, 0x58	; 88
    1900:	fc 4f       	sbci	r31, 0xFC	; 252
    1902:	b6 81       	ldd	r27, Z+6	; 0x06
    1904:	b4 30       	cpi	r27, 0x04	; 4
    1906:	09 f4       	brne	.+2      	; 0x190a <.L62>

00001908 <L0^A>:
    1908:	17 c1       	rjmp	.+558    	; 0x1b38 <.L96>

0000190a <.L62>:
    190a:	fc 01       	movw	r30, r24
    190c:	e8 55       	subi	r30, 0x58	; 88
    190e:	fc 4f       	sbci	r31, 0xFC	; 252
    1910:	b6 81       	ldd	r27, Z+6	; 0x06
    1912:	b5 30       	cpi	r27, 0x05	; 5
    1914:	09 f4       	brne	.+2      	; 0x1918 <.L67>

00001916 <L0^A>:
    1916:	e0 c0       	rjmp	.+448    	; 0x1ad8 <.L97>

00001918 <.L67>:
    1918:	fc 01       	movw	r30, r24
    191a:	e8 55       	subi	r30, 0x58	; 88
    191c:	fc 4f       	sbci	r31, 0xFC	; 252
    191e:	b6 81       	ldd	r27, Z+6	; 0x06
    1920:	b1 30       	cpi	r27, 0x01	; 1
    1922:	09 f4       	brne	.+2      	; 0x1926 <.L70>

00001924 <L0^A>:
    1924:	d1 c0       	rjmp	.+418    	; 0x1ac8 <.L98>

00001926 <.L70>:
    1926:	fc 01       	movw	r30, r24
    1928:	e8 55       	subi	r30, 0x58	; 88
    192a:	fc 4f       	sbci	r31, 0xFC	; 252
    192c:	b6 81       	ldd	r27, Z+6	; 0x06
    192e:	b2 30       	cpi	r27, 0x02	; 2
    1930:	09 f4       	brne	.+2      	; 0x1934 <.L71>

00001932 <L0^A>:
    1932:	bf c0       	rjmp	.+382    	; 0x1ab2 <.L99>

00001934 <.L71>:
    1934:	fc 01       	movw	r30, r24
    1936:	e8 55       	subi	r30, 0x58	; 88
    1938:	fc 4f       	sbci	r31, 0xFC	; 252
    193a:	b6 81       	ldd	r27, Z+6	; 0x06
    193c:	b3 30       	cpi	r27, 0x03	; 3
    193e:	09 f4       	brne	.+2      	; 0x1942 <.L72>

00001940 <L0^A>:
    1940:	b0 c0       	rjmp	.+352    	; 0x1aa2 <.L100>

00001942 <.L72>:
    1942:	fc 01       	movw	r30, r24
    1944:	e8 55       	subi	r30, 0x58	; 88
    1946:	fc 4f       	sbci	r31, 0xFC	; 252
    1948:	b6 81       	ldd	r27, Z+6	; 0x06
    194a:	bb 30       	cpi	r27, 0x0B	; 11
    194c:	09 f4       	brne	.+2      	; 0x1950 <L0^A+0x2>

0000194e <L0^A>:
    194e:	86 c0       	rjmp	.+268    	; 0x1a5c <.L101>
    1950:	2f 5f       	subi	r18, 0xFF	; 255
    1952:	3f 4f       	sbci	r19, 0xFF	; 255
    1954:	27 30       	cpi	r18, 0x07	; 7
    1956:	31 05       	cpc	r19, r1
    1958:	09 f4       	brne	.+2      	; 0x195c <.L75>

0000195a <L0^A>:
    195a:	9e c0       	rjmp	.+316    	; 0x1a98 <.L102>

0000195c <.L75>:
    195c:	c9 01       	movw	r24, r18
    195e:	82 95       	swap	r24
    1960:	92 95       	swap	r25
    1962:	90 7f       	andi	r25, 0xF0	; 240
    1964:	98 27       	eor	r25, r24
    1966:	80 7f       	andi	r24, 0xF0	; 240
    1968:	98 27       	eor	r25, r24
    196a:	fc 01       	movw	r30, r24
    196c:	e8 55       	subi	r30, 0x58	; 88
    196e:	fc 4f       	sbci	r31, 0xFC	; 252
    1970:	b6 81       	ldd	r27, Z+6	; 0x06
    1972:	b1 11       	cpse	r27, r1
    1974:	13 c0       	rjmp	.+38     	; 0x199c <.L42>
    1976:	b6 85       	ldd	r27, Z+14	; 0x0e
    1978:	b1 15       	cp	r27, r1
    197a:	41 f0       	breq	.+16     	; 0x198c <.L43>
    197c:	e6 85       	ldd	r30, Z+14	; 0x0e
    197e:	f0 e0       	ldi	r31, 0x00	; 0
    1980:	ef 55       	subi	r30, 0x5F	; 95
    1982:	fc 4f       	sbci	r31, 0xFC	; 252
    1984:	e0 81       	ld	r30, Z
    1986:	e1 30       	cpi	r30, 0x01	; 1
    1988:	09 f4       	brne	.+2      	; 0x198c <.L43>

0000198a <L0^A>:
    198a:	36 c1       	rjmp	.+620    	; 0x1bf8 <.L103>

0000198c <.L43>:
    198c:	ec 01       	movw	r28, r24
    198e:	c9 54       	subi	r28, 0x49	; 73
    1990:	dc 4f       	sbci	r29, 0xFC	; 252
    1992:	e8 81       	ld	r30, Y
    1994:	be 2f       	mov	r27, r30
    1996:	b1 70       	andi	r27, 0x01	; 1
    1998:	e0 fd       	sbrc	r30, 0
    199a:	04 c1       	rjmp	.+520    	; 0x1ba4 <.L104>

0000199c <.L42>:
    199c:	fc 01       	movw	r30, r24
    199e:	e8 55       	subi	r30, 0x58	; 88
    19a0:	fc 4f       	sbci	r31, 0xFC	; 252
    19a2:	b6 81       	ldd	r27, Z+6	; 0x06
    19a4:	b8 30       	cpi	r27, 0x08	; 8
    19a6:	68 f0       	brcs	.+26     	; 0x19c2 <.L51>
    19a8:	b6 81       	ldd	r27, Z+6	; 0x06
    19aa:	bb 30       	cpi	r27, 0x0B	; 11
    19ac:	50 f4       	brcc	.+20     	; 0x19c2 <.L51>
    19ae:	ec 01       	movw	r28, r24
    19b0:	c9 54       	subi	r28, 0x49	; 73
    19b2:	dc 4f       	sbci	r29, 0xFC	; 252
    19b4:	b8 81       	ld	r27, Y
    19b6:	b0 fd       	sbrc	r27, 0
    19b8:	04 c0       	rjmp	.+8      	; 0x19c2 <.L51>
    19ba:	10 86       	std	Z+8, r1	; 0x08
    19bc:	17 82       	std	Z+7, r1	; 0x07
    19be:	b3 e0       	ldi	r27, 0x03	; 3
    19c0:	b6 83       	std	Z+6, r27	; 0x06

000019c2 <.L51>:
    19c2:	fc 01       	movw	r30, r24
    19c4:	e8 55       	subi	r30, 0x58	; 88
    19c6:	fc 4f       	sbci	r31, 0xFC	; 252
    19c8:	b6 81       	ldd	r27, Z+6	; 0x06
    19ca:	b8 30       	cpi	r27, 0x08	; 8
    19cc:	09 f0       	breq	.+2      	; 0x19d0 <L0^A+0x2>

000019ce <L0^A>:
    19ce:	74 cf       	rjmp	.-280    	; 0x18b8 <.L53>
    19d0:	c7 81       	ldd	r28, Z+7	; 0x07
    19d2:	d0 85       	ldd	r29, Z+8	; 0x08
    19d4:	21 96       	adiw	r28, 0x01	; 1
    19d6:	d0 87       	std	Z+8, r29	; 0x08
    19d8:	c7 83       	std	Z+7, r28	; 0x07
    19da:	02 85       	ldd	r16, Z+10	; 0x0a
    19dc:	13 85       	ldd	r17, Z+11	; 0x0b
    19de:	c0 17       	cp	r28, r16
    19e0:	d1 07       	cpc	r29, r17
    19e2:	08 f4       	brcc	.+2      	; 0x19e6 <L0^A+0x2>

000019e4 <L0^A>:
    19e4:	69 cf       	rjmp	.-302    	; 0x18b8 <.L53>
    19e6:	10 86       	std	Z+8, r1	; 0x08
    19e8:	17 82       	std	Z+7, r1	; 0x07
    19ea:	76 83       	std	Z+6, r23	; 0x06
    19ec:	fc 01       	movw	r30, r24
    19ee:	e8 55       	subi	r30, 0x58	; 88
    19f0:	fc 4f       	sbci	r31, 0xFC	; 252
    19f2:	b6 81       	ldd	r27, Z+6	; 0x06
    19f4:	b9 30       	cpi	r27, 0x09	; 9
    19f6:	09 f0       	breq	.+2      	; 0x19fa <.L93>

000019f8 <L0^A>:
    19f8:	66 cf       	rjmp	.-308    	; 0x18c6 <.L55>

000019fa <.L93>:
    19fa:	ec 01       	movw	r28, r24
    19fc:	c9 54       	subi	r28, 0x49	; 73
    19fe:	dc 4f       	sbci	r29, 0xFC	; 252
    1a00:	b8 81       	ld	r27, Y
    1a02:	b1 fd       	sbrc	r27, 1
    1a04:	60 cf       	rjmp	.-320    	; 0x18c6 <.L55>
    1a06:	b8 81       	ld	r27, Y
    1a08:	b2 60       	ori	r27, 0x02	; 2
    1a0a:	b8 83       	st	Y, r27
    1a0c:	a6 83       	std	Z+6, r26	; 0x06
    1a0e:	fc 01       	movw	r30, r24
    1a10:	e8 55       	subi	r30, 0x58	; 88
    1a12:	fc 4f       	sbci	r31, 0xFC	; 252
    1a14:	b6 81       	ldd	r27, Z+6	; 0x06
    1a16:	ba 30       	cpi	r27, 0x0A	; 10
    1a18:	09 f0       	breq	.+2      	; 0x1a1c <.L94>

00001a1a <L0^A>:
    1a1a:	5c cf       	rjmp	.-328    	; 0x18d4 <.L57>

00001a1c <.L94>:
    1a1c:	c7 81       	ldd	r28, Z+7	; 0x07
    1a1e:	d0 85       	ldd	r29, Z+8	; 0x08
    1a20:	21 96       	adiw	r28, 0x01	; 1
    1a22:	d0 87       	std	Z+8, r29	; 0x08
    1a24:	c7 83       	std	Z+7, r28	; 0x07
    1a26:	04 85       	ldd	r16, Z+12	; 0x0c
    1a28:	15 85       	ldd	r17, Z+13	; 0x0d
    1a2a:	c0 17       	cp	r28, r16
    1a2c:	d1 07       	cpc	r29, r17
    1a2e:	08 f4       	brcc	.+2      	; 0x1a32 <L0^A+0x2>

00001a30 <L0^A>:
    1a30:	51 cf       	rjmp	.-350    	; 0x18d4 <.L57>
    1a32:	10 86       	std	Z+8, r1	; 0x08
    1a34:	17 82       	std	Z+7, r1	; 0x07
    1a36:	76 83       	std	Z+6, r23	; 0x06
    1a38:	fc 01       	movw	r30, r24
    1a3a:	e8 55       	subi	r30, 0x58	; 88
    1a3c:	fc 4f       	sbci	r31, 0xFC	; 252
    1a3e:	b6 81       	ldd	r27, Z+6	; 0x06
    1a40:	b6 30       	cpi	r27, 0x06	; 6
    1a42:	09 f0       	breq	.+2      	; 0x1a46 <.L95>

00001a44 <L0^A>:
    1a44:	4e cf       	rjmp	.-356    	; 0x18e2 <.L59>

00001a46 <.L95>:
    1a46:	ec 01       	movw	r28, r24
    1a48:	c9 54       	subi	r28, 0x49	; 73
    1a4a:	dc 4f       	sbci	r29, 0xFC	; 252
    1a4c:	b8 81       	ld	r27, Y
    1a4e:	b0 fd       	sbrc	r27, 0
    1a50:	48 cf       	rjmp	.-368    	; 0x18e2 <.L59>
    1a52:	b8 81       	ld	r27, Y
    1a54:	b2 60       	ori	r27, 0x02	; 2
    1a56:	b8 83       	st	Y, r27
    1a58:	66 83       	std	Z+6, r22	; 0x06
    1a5a:	43 cf       	rjmp	.-378    	; 0x18e2 <.L59>

00001a5c <.L101>:
    1a5c:	b6 85       	ldd	r27, Z+14	; 0x0e
    1a5e:	b1 15       	cp	r27, r1
    1a60:	59 f0       	breq	.+22     	; 0x1a78 <.L74>
    1a62:	e6 85       	ldd	r30, Z+14	; 0x0e
    1a64:	f0 e0       	ldi	r31, 0x00	; 0
    1a66:	ef 55       	subi	r30, 0x5F	; 95
    1a68:	fc 4f       	sbci	r31, 0xFC	; 252
    1a6a:	10 82       	st	Z, r1
    1a6c:	fc 01       	movw	r30, r24
    1a6e:	e9 54       	subi	r30, 0x49	; 73
    1a70:	fc 4f       	sbci	r31, 0xFC	; 252
    1a72:	b0 81       	ld	r27, Z
    1a74:	b7 7f       	andi	r27, 0xF7	; 247
    1a76:	b0 83       	st	Z, r27

00001a78 <.L74>:
    1a78:	fc 01       	movw	r30, r24
    1a7a:	e8 55       	subi	r30, 0x58	; 88
    1a7c:	fc 4f       	sbci	r31, 0xFC	; 252
    1a7e:	16 82       	std	Z+6, r1	; 0x06
    1a80:	fc 01       	movw	r30, r24
    1a82:	e9 54       	subi	r30, 0x49	; 73
    1a84:	fc 4f       	sbci	r31, 0xFC	; 252
    1a86:	80 81       	ld	r24, Z
    1a88:	8f 7e       	andi	r24, 0xEF	; 239
    1a8a:	80 83       	st	Z, r24
    1a8c:	2f 5f       	subi	r18, 0xFF	; 255
    1a8e:	3f 4f       	sbci	r19, 0xFF	; 255
    1a90:	27 30       	cpi	r18, 0x07	; 7
    1a92:	31 05       	cpc	r19, r1
    1a94:	09 f0       	breq	.+2      	; 0x1a98 <.L102>

00001a96 <L0^A>:
    1a96:	62 cf       	rjmp	.-316    	; 0x195c <.L75>

00001a98 <.L102>:
    1a98:	df 91       	pop	r29
    1a9a:	cf 91       	pop	r28
    1a9c:	1f 91       	pop	r17
    1a9e:	0f 91       	pop	r16
    1aa0:	08 95       	ret

00001aa2 <.L100>:
    1aa2:	ec 01       	movw	r28, r24
    1aa4:	c9 54       	subi	r28, 0x49	; 73
    1aa6:	dc 4f       	sbci	r29, 0xFC	; 252
    1aa8:	b8 81       	ld	r27, Y
    1aaa:	b1 fd       	sbrc	r27, 1
    1aac:	4a cf       	rjmp	.-364    	; 0x1942 <.L72>
    1aae:	56 83       	std	Z+6, r21	; 0x06
    1ab0:	48 cf       	rjmp	.-368    	; 0x1942 <.L72>

00001ab2 <.L99>:
    1ab2:	ec 01       	movw	r28, r24
    1ab4:	c9 54       	subi	r28, 0x49	; 73
    1ab6:	dc 4f       	sbci	r29, 0xFC	; 252
    1ab8:	b8 81       	ld	r27, Y
    1aba:	b0 fd       	sbrc	r27, 0
    1abc:	3b cf       	rjmp	.-394    	; 0x1934 <.L71>
    1abe:	b8 81       	ld	r27, Y
    1ac0:	bd 7f       	andi	r27, 0xFD	; 253
    1ac2:	b8 83       	st	Y, r27
    1ac4:	56 83       	std	Z+6, r21	; 0x06
    1ac6:	36 cf       	rjmp	.-404    	; 0x1934 <.L71>

00001ac8 <.L98>:
    1ac8:	ec 01       	movw	r28, r24
    1aca:	c9 54       	subi	r28, 0x49	; 73
    1acc:	dc 4f       	sbci	r29, 0xFC	; 252
    1ace:	b8 81       	ld	r27, Y
    1ad0:	b0 fd       	sbrc	r27, 0
    1ad2:	29 cf       	rjmp	.-430    	; 0x1926 <.L70>
    1ad4:	66 83       	std	Z+6, r22	; 0x06
    1ad6:	27 cf       	rjmp	.-434    	; 0x1926 <.L70>

00001ad8 <.L97>:
    1ad8:	c7 81       	ldd	r28, Z+7	; 0x07
    1ada:	d0 85       	ldd	r29, Z+8	; 0x08
    1adc:	21 96       	adiw	r28, 0x01	; 1
    1ade:	d0 87       	std	Z+8, r29	; 0x08
    1ae0:	c7 83       	std	Z+7, r28	; 0x07
    1ae2:	ec 01       	movw	r28, r24
    1ae4:	c9 54       	subi	r28, 0x49	; 73
    1ae6:	dc 4f       	sbci	r29, 0xFC	; 252
    1ae8:	b8 81       	ld	r27, Y
    1aea:	b0 fd       	sbrc	r27, 0
    1aec:	0f c0       	rjmp	.+30     	; 0x1b0c <.L68>
    1aee:	07 81       	ldd	r16, Z+7	; 0x07
    1af0:	10 85       	ldd	r17, Z+8	; 0x08
    1af2:	03 33       	cpi	r16, 0x33	; 51
    1af4:	11 05       	cpc	r17, r1
    1af6:	50 f4       	brcc	.+20     	; 0x1b0c <.L68>
    1af8:	10 86       	std	Z+8, r1	; 0x08
    1afa:	17 82       	std	Z+7, r1	; 0x07
    1afc:	b8 81       	ld	r27, Y
    1afe:	b2 60       	ori	r27, 0x02	; 2
    1b00:	b8 83       	st	Y, r27
    1b02:	b8 81       	ld	r27, Y
    1b04:	bb 7f       	andi	r27, 0xFB	; 251
    1b06:	b8 83       	st	Y, r27
    1b08:	b3 e0       	ldi	r27, 0x03	; 3
    1b0a:	b6 83       	std	Z+6, r27	; 0x06

00001b0c <.L68>:
    1b0c:	fc 01       	movw	r30, r24
    1b0e:	e8 55       	subi	r30, 0x58	; 88
    1b10:	fc 4f       	sbci	r31, 0xFC	; 252
    1b12:	c7 81       	ldd	r28, Z+7	; 0x07
    1b14:	d0 85       	ldd	r29, Z+8	; 0x08
    1b16:	cb 34       	cpi	r28, 0x4B	; 75
    1b18:	d1 05       	cpc	r29, r1
    1b1a:	08 f4       	brcc	.+2      	; 0x1b1e <L0^A+0x2>

00001b1c <L0^A>:
    1b1c:	fd ce       	rjmp	.-518    	; 0x1918 <.L67>
    1b1e:	10 86       	std	Z+8, r1	; 0x08
    1b20:	17 82       	std	Z+7, r1	; 0x07
    1b22:	ec 01       	movw	r28, r24
    1b24:	c9 54       	subi	r28, 0x49	; 73
    1b26:	dc 4f       	sbci	r29, 0xFC	; 252
    1b28:	b8 81       	ld	r27, Y
    1b2a:	b2 60       	ori	r27, 0x02	; 2
    1b2c:	b8 83       	st	Y, r27
    1b2e:	b8 81       	ld	r27, Y
    1b30:	b4 60       	ori	r27, 0x04	; 4
    1b32:	b8 83       	st	Y, r27
    1b34:	46 83       	std	Z+6, r20	; 0x06
    1b36:	f0 ce       	rjmp	.-544    	; 0x1918 <.L67>

00001b38 <.L96>:
    1b38:	c7 81       	ldd	r28, Z+7	; 0x07
    1b3a:	d0 85       	ldd	r29, Z+8	; 0x08
    1b3c:	21 96       	adiw	r28, 0x01	; 1
    1b3e:	d0 87       	std	Z+8, r29	; 0x08
    1b40:	c7 83       	std	Z+7, r28	; 0x07
    1b42:	ec 01       	movw	r28, r24
    1b44:	c9 54       	subi	r28, 0x49	; 73
    1b46:	dc 4f       	sbci	r29, 0xFC	; 252
    1b48:	b8 81       	ld	r27, Y
    1b4a:	b0 fd       	sbrc	r27, 0
    1b4c:	0f c0       	rjmp	.+30     	; 0x1b6c <.L63>
    1b4e:	07 81       	ldd	r16, Z+7	; 0x07
    1b50:	10 85       	ldd	r17, Z+8	; 0x08
    1b52:	03 33       	cpi	r16, 0x33	; 51
    1b54:	11 05       	cpc	r17, r1
    1b56:	50 f4       	brcc	.+20     	; 0x1b6c <.L63>
    1b58:	10 86       	std	Z+8, r1	; 0x08
    1b5a:	17 82       	std	Z+7, r1	; 0x07
    1b5c:	b8 81       	ld	r27, Y
    1b5e:	b2 60       	ori	r27, 0x02	; 2
    1b60:	b8 83       	st	Y, r27
    1b62:	b8 81       	ld	r27, Y
    1b64:	bb 7f       	andi	r27, 0xFB	; 251
    1b66:	b8 83       	st	Y, r27
    1b68:	b3 e0       	ldi	r27, 0x03	; 3
    1b6a:	b6 83       	std	Z+6, r27	; 0x06

00001b6c <.L63>:
    1b6c:	fc 01       	movw	r30, r24
    1b6e:	e8 55       	subi	r30, 0x58	; 88
    1b70:	fc 4f       	sbci	r31, 0xFC	; 252
    1b72:	c7 81       	ldd	r28, Z+7	; 0x07
    1b74:	d0 85       	ldd	r29, Z+8	; 0x08
    1b76:	e3 97       	sbiw	r28, 0x33	; 51
    1b78:	08 f4       	brcc	.+2      	; 0x1b7c <L0^A+0x2>

00001b7a <L0^A>:
    1b7a:	c7 ce       	rjmp	.-626    	; 0x190a <.L62>
    1b7c:	10 86       	std	Z+8, r1	; 0x08
    1b7e:	17 82       	std	Z+7, r1	; 0x07
    1b80:	ec 01       	movw	r28, r24
    1b82:	c9 54       	subi	r28, 0x49	; 73
    1b84:	dc 4f       	sbci	r29, 0xFC	; 252
    1b86:	b8 81       	ld	r27, Y
    1b88:	b2 60       	ori	r27, 0x02	; 2
    1b8a:	b8 83       	st	Y, r27
    1b8c:	b8 81       	ld	r27, Y
    1b8e:	b4 60       	ori	r27, 0x04	; 4
    1b90:	b8 83       	st	Y, r27
    1b92:	ec 01       	movw	r28, r24
    1b94:	cf 54       	subi	r28, 0x4F	; 79
    1b96:	dc 4f       	sbci	r29, 0xFC	; 252
    1b98:	b8 81       	ld	r27, Y
    1b9a:	b1 fd       	sbrc	r27, 1
    1b9c:	2a c0       	rjmp	.+84     	; 0x1bf2 <.L65>
    1b9e:	b1 e0       	ldi	r27, 0x01	; 1
    1ba0:	b6 83       	std	Z+6, r27	; 0x06
    1ba2:	b3 ce       	rjmp	.-666    	; 0x190a <.L62>

00001ba4 <.L104>:
    1ba4:	fc 01       	movw	r30, r24
    1ba6:	ef 54       	subi	r30, 0x4F	; 79
    1ba8:	fc 4f       	sbci	r31, 0xFC	; 252
    1baa:	10 81       	ld	r17, Z
    1bac:	10 ff       	sbrs	r17, 0
    1bae:	2b c0       	rjmp	.+86     	; 0x1c06 <.L45>
    1bb0:	18 81       	ld	r17, Y
    1bb2:	12 60       	ori	r17, 0x02	; 2
    1bb4:	18 83       	st	Y, r17
    1bb6:	e0 81       	ld	r30, Z
    1bb8:	e1 fd       	sbrc	r30, 1
    1bba:	36 c0       	rjmp	.+108    	; 0x1c28 <.L105>

00001bbc <.L92>:
    1bbc:	fc 01       	movw	r30, r24
    1bbe:	e8 55       	subi	r30, 0x58	; 88
    1bc0:	fc 4f       	sbci	r31, 0xFC	; 252
    1bc2:	b6 83       	std	Z+6, r27	; 0x06

00001bc4 <.L47>:
    1bc4:	fc 01       	movw	r30, r24
    1bc6:	e9 54       	subi	r30, 0x49	; 73
    1bc8:	fc 4f       	sbci	r31, 0xFC	; 252
    1bca:	b0 81       	ld	r27, Z
    1bcc:	b0 61       	ori	r27, 0x10	; 16
    1bce:	b0 83       	st	Z, r27
    1bd0:	ec 01       	movw	r28, r24
    1bd2:	c8 55       	subi	r28, 0x58	; 88
    1bd4:	dc 4f       	sbci	r29, 0xFC	; 252
    1bd6:	be 85       	ldd	r27, Y+14	; 0x0e
    1bd8:	b1 15       	cp	r27, r1
    1bda:	09 f4       	brne	.+2      	; 0x1bde <L0^A+0x2>

00001bdc <L0^A>:
    1bdc:	df ce       	rjmp	.-578    	; 0x199c <.L42>
    1bde:	ce 85       	ldd	r28, Y+14	; 0x0e
    1be0:	d0 e0       	ldi	r29, 0x00	; 0
    1be2:	cf 55       	subi	r28, 0x5F	; 95
    1be4:	dc 4f       	sbci	r29, 0xFC	; 252
    1be6:	b1 e0       	ldi	r27, 0x01	; 1
    1be8:	b8 83       	st	Y, r27
    1bea:	b0 81       	ld	r27, Z
    1bec:	b8 60       	ori	r27, 0x08	; 8
    1bee:	b0 83       	st	Z, r27
    1bf0:	d5 ce       	rjmp	.-598    	; 0x199c <.L42>

00001bf2 <.L65>:
    1bf2:	ba e0       	ldi	r27, 0x0A	; 10
    1bf4:	b6 83       	std	Z+6, r27	; 0x06
    1bf6:	89 ce       	rjmp	.-750    	; 0x190a <.L62>

00001bf8 <.L103>:
    1bf8:	fc 01       	movw	r30, r24
    1bfa:	e9 54       	subi	r30, 0x49	; 73
    1bfc:	fc 4f       	sbci	r31, 0xFC	; 252
    1bfe:	e0 81       	ld	r30, Z
    1c00:	e3 fd       	sbrc	r30, 3
    1c02:	c4 ce       	rjmp	.-632    	; 0x198c <.L43>
    1c04:	cb ce       	rjmp	.-618    	; 0x199c <.L42>

00001c06 <.L45>:
    1c06:	b0 81       	ld	r27, Z
    1c08:	b2 ff       	sbrs	r27, 2
    1c0a:	02 c0       	rjmp	.+4      	; 0x1c10 <.L48>
    1c0c:	b6 e0       	ldi	r27, 0x06	; 6
    1c0e:	d6 cf       	rjmp	.-84     	; 0x1bbc <.L92>

00001c10 <.L48>:
    1c10:	b0 81       	ld	r27, Z
    1c12:	b3 fd       	sbrc	r27, 3
    1c14:	0f c0       	rjmp	.+30     	; 0x1c34 <.L106>
    1c16:	b0 81       	ld	r27, Z
    1c18:	b4 ff       	sbrs	r27, 4
    1c1a:	12 c0       	rjmp	.+36     	; 0x1c40 <.L50>
    1c1c:	b4 e0       	ldi	r27, 0x04	; 4
    1c1e:	fc 01       	movw	r30, r24
    1c20:	e8 55       	subi	r30, 0x58	; 88
    1c22:	fc 4f       	sbci	r31, 0xFC	; 252
    1c24:	b6 83       	std	Z+6, r27	; 0x06
    1c26:	ce cf       	rjmp	.-100    	; 0x1bc4 <.L47>

00001c28 <.L105>:
    1c28:	b8 e0       	ldi	r27, 0x08	; 8
    1c2a:	fc 01       	movw	r30, r24
    1c2c:	e8 55       	subi	r30, 0x58	; 88
    1c2e:	fc 4f       	sbci	r31, 0xFC	; 252
    1c30:	b6 83       	std	Z+6, r27	; 0x06
    1c32:	c8 cf       	rjmp	.-112    	; 0x1bc4 <.L47>

00001c34 <.L106>:
    1c34:	b7 e0       	ldi	r27, 0x07	; 7
    1c36:	fc 01       	movw	r30, r24
    1c38:	e8 55       	subi	r30, 0x58	; 88
    1c3a:	fc 4f       	sbci	r31, 0xFC	; 252
    1c3c:	b6 83       	std	Z+6, r27	; 0x06
    1c3e:	c2 cf       	rjmp	.-124    	; 0x1bc4 <.L47>

00001c40 <.L50>:
    1c40:	e0 81       	ld	r30, Z
    1c42:	e5 ff       	sbrs	r30, 5
    1c44:	bf cf       	rjmp	.-130    	; 0x1bc4 <.L47>
    1c46:	b5 e0       	ldi	r27, 0x05	; 5
    1c48:	fc 01       	movw	r30, r24
    1c4a:	e8 55       	subi	r30, 0x58	; 88
    1c4c:	fc 4f       	sbci	r31, 0xFC	; 252
    1c4e:	b6 83       	std	Z+6, r27	; 0x06
    1c50:	e8 81       	ld	r30, Y
    1c52:	e0 62       	ori	r30, 0x20	; 32
    1c54:	e8 83       	st	Y, r30
    1c56:	b6 cf       	rjmp	.-148    	; 0x1bc4 <.L47>

00001c58 <ikb_job>:
    1c58:	0e 94 dc 0b 	call	0x17b8	; 0x17b8 <ikey_scan>
    1c5c:	0c 94 50 0c 	jmp	0x18a0	; 0x18a0 <ikey_parsing>

00001c60 <ikey_is_all_hw_released>:
    1c60:	80 91 b7 03 	lds	r24, 0x03B7	; 0x8003b7 <key+0xf>
    1c64:	80 fd       	sbrc	r24, 0
    1c66:	19 c0       	rjmp	.+50     	; 0x1c9a <.L115>
    1c68:	80 91 c7 03 	lds	r24, 0x03C7	; 0x8003c7 <key+0x1f>
    1c6c:	80 fd       	sbrc	r24, 0
    1c6e:	15 c0       	rjmp	.+42     	; 0x1c9a <.L115>
    1c70:	80 91 d7 03 	lds	r24, 0x03D7	; 0x8003d7 <key+0x2f>
    1c74:	80 fd       	sbrc	r24, 0
    1c76:	11 c0       	rjmp	.+34     	; 0x1c9a <.L115>
    1c78:	80 91 e7 03 	lds	r24, 0x03E7	; 0x8003e7 <key+0x3f>
    1c7c:	80 fd       	sbrc	r24, 0
    1c7e:	0d c0       	rjmp	.+26     	; 0x1c9a <.L115>
    1c80:	80 91 f7 03 	lds	r24, 0x03F7	; 0x8003f7 <key+0x4f>
    1c84:	80 fd       	sbrc	r24, 0
    1c86:	09 c0       	rjmp	.+18     	; 0x1c9a <.L115>
    1c88:	80 91 07 04 	lds	r24, 0x0407	; 0x800407 <key+0x5f>
    1c8c:	80 fd       	sbrc	r24, 0
    1c8e:	05 c0       	rjmp	.+10     	; 0x1c9a <.L115>
    1c90:	80 91 17 04 	lds	r24, 0x0417	; 0x800417 <key+0x6f>
    1c94:	80 95       	com	r24
    1c96:	81 70       	andi	r24, 0x01	; 1
    1c98:	08 95       	ret

00001c9a <.L115>:
    1c9a:	80 e0       	ldi	r24, 0x00	; 0
    1c9c:	08 95       	ret

00001c9e <ikey_clear_all_flag>:
    1c9e:	e7 eb       	ldi	r30, 0xB7	; 183
    1ca0:	f3 e0       	ldi	r31, 0x03	; 3
    1ca2:	80 81       	ld	r24, Z
    1ca4:	8d 7f       	andi	r24, 0xFD	; 253
    1ca6:	80 83       	st	Z, r24
    1ca8:	e7 ec       	ldi	r30, 0xC7	; 199
    1caa:	f3 e0       	ldi	r31, 0x03	; 3
    1cac:	80 81       	ld	r24, Z
    1cae:	8d 7f       	andi	r24, 0xFD	; 253
    1cb0:	80 83       	st	Z, r24
    1cb2:	e7 ed       	ldi	r30, 0xD7	; 215
    1cb4:	f3 e0       	ldi	r31, 0x03	; 3
    1cb6:	80 81       	ld	r24, Z
    1cb8:	8d 7f       	andi	r24, 0xFD	; 253
    1cba:	80 83       	st	Z, r24
    1cbc:	e7 ee       	ldi	r30, 0xE7	; 231
    1cbe:	f3 e0       	ldi	r31, 0x03	; 3
    1cc0:	80 81       	ld	r24, Z
    1cc2:	8d 7f       	andi	r24, 0xFD	; 253
    1cc4:	80 83       	st	Z, r24
    1cc6:	e7 ef       	ldi	r30, 0xF7	; 247
    1cc8:	f3 e0       	ldi	r31, 0x03	; 3
    1cca:	80 81       	ld	r24, Z
    1ccc:	8d 7f       	andi	r24, 0xFD	; 253
    1cce:	80 83       	st	Z, r24
    1cd0:	e7 e0       	ldi	r30, 0x07	; 7
    1cd2:	f4 e0       	ldi	r31, 0x04	; 4
    1cd4:	80 81       	ld	r24, Z
    1cd6:	8d 7f       	andi	r24, 0xFD	; 253
    1cd8:	80 83       	st	Z, r24
    1cda:	e7 e1       	ldi	r30, 0x17	; 23
    1cdc:	f4 e0       	ldi	r31, 0x04	; 4
    1cde:	80 81       	ld	r24, Z
    1ce0:	8d 7f       	andi	r24, 0xFD	; 253
    1ce2:	80 83       	st	Z, r24
    1ce4:	08 95       	ret

00001ce6 <ikey_is_all_process_finished>:
    1ce6:	80 91 b7 03 	lds	r24, 0x03B7	; 0x8003b7 <key+0xf>
    1cea:	84 fd       	sbrc	r24, 4
    1cec:	1a c0       	rjmp	.+52     	; 0x1d22 <.L124>
    1cee:	80 91 c7 03 	lds	r24, 0x03C7	; 0x8003c7 <key+0x1f>
    1cf2:	84 fd       	sbrc	r24, 4
    1cf4:	16 c0       	rjmp	.+44     	; 0x1d22 <.L124>
    1cf6:	80 91 d7 03 	lds	r24, 0x03D7	; 0x8003d7 <key+0x2f>
    1cfa:	84 fd       	sbrc	r24, 4
    1cfc:	12 c0       	rjmp	.+36     	; 0x1d22 <.L124>
    1cfe:	80 91 e7 03 	lds	r24, 0x03E7	; 0x8003e7 <key+0x3f>
    1d02:	84 fd       	sbrc	r24, 4
    1d04:	0e c0       	rjmp	.+28     	; 0x1d22 <.L124>
    1d06:	80 91 f7 03 	lds	r24, 0x03F7	; 0x8003f7 <key+0x4f>
    1d0a:	84 fd       	sbrc	r24, 4
    1d0c:	0a c0       	rjmp	.+20     	; 0x1d22 <.L124>
    1d0e:	80 91 07 04 	lds	r24, 0x0407	; 0x800407 <key+0x5f>
    1d12:	84 fd       	sbrc	r24, 4
    1d14:	06 c0       	rjmp	.+12     	; 0x1d22 <.L124>
    1d16:	80 91 17 04 	lds	r24, 0x0417	; 0x800417 <key+0x6f>
    1d1a:	82 95       	swap	r24
    1d1c:	83 95       	inc	r24
    1d1e:	81 70       	andi	r24, 0x01	; 1
    1d20:	08 95       	ret

00001d22 <.L124>:
    1d22:	80 e0       	ldi	r24, 0x00	; 0
    1d24:	08 95       	ret

00001d26 <groupDig_setStrDig>:
    1d26:	80 93 27 04 	sts	0x0427, r24	; 0x800427 <groupDig+0xf>
    1d2a:	90 93 28 04 	sts	0x0428, r25	; 0x800428 <groupDig+0x10>
    1d2e:	08 95       	ret

00001d30 <error_job>:
    1d30:	cf 93       	push	r28
    1d32:	df 93       	push	r29
    1d34:	cd b7       	in	r28, 0x3d	; 61
    1d36:	de b7       	in	r29, 0x3e	; 62
    1d38:	2a 97       	sbiw	r28, 0x0a	; 10
    1d3a:	0f b6       	in	r0, 0x3f	; 63
    1d3c:	f8 94       	cli
    1d3e:	de bf       	out	0x3e, r29	; 62
    1d40:	0f be       	out	0x3f, r0	; 63
    1d42:	cd bf       	out	0x3d, r28	; 61
    1d44:	80 91 41 04 	lds	r24, 0x0441	; 0x800441 <e+0x3>
    1d48:	80 fd       	sbrc	r24, 0
    1d4a:	28 c0       	rjmp	.+80     	; 0x1d9c <.L2>
    1d4c:	80 91 43 04 	lds	r24, 0x0443	; 0x800443 <e+0x5>
    1d50:	18 16       	cp	r1, r24
    1d52:	0c f4       	brge	.+2      	; 0x1d56 <L0^A+0x2>

00001d54 <L0^A>:
    1d54:	5f c0       	rjmp	.+190    	; 0x1e14 <.L3>
    1d56:	80 91 45 04 	lds	r24, 0x0445	; 0x800445 <e+0x7>
    1d5a:	18 16       	cp	r1, r24
    1d5c:	0c f4       	brge	.+2      	; 0x1d60 <L0^A+0x2>

00001d5e <L0^A>:
    1d5e:	5a c0       	rjmp	.+180    	; 0x1e14 <.L3>
    1d60:	80 91 47 04 	lds	r24, 0x0447	; 0x800447 <e+0x9>
    1d64:	18 16       	cp	r1, r24
    1d66:	0c f4       	brge	.+2      	; 0x1d6a <.L4>

00001d68 <L0^A>:
    1d68:	55 c0       	rjmp	.+170    	; 0x1e14 <.L3>

00001d6a <.L4>:
    1d6a:	80 91 3e 04 	lds	r24, 0x043E	; 0x80043e <e>
    1d6e:	e8 2f       	mov	r30, r24
    1d70:	ee 0f       	add	r30, r30
    1d72:	ff 0b       	sbc	r31, r31
    1d74:	ee 5b       	subi	r30, 0xBE	; 190
    1d76:	fb 4f       	sbci	r31, 0xFB	; 251
    1d78:	90 81       	ld	r25, Z
    1d7a:	91 30       	cpi	r25, 0x01	; 1
    1d7c:	a0 f5       	brcc	.+104    	; 0x1de6 <.L7>
    1d7e:	e8 2f       	mov	r30, r24
    1d80:	ee 0f       	add	r30, r30
    1d82:	ff 0b       	sbc	r31, r31
    1d84:	e2 5c       	subi	r30, 0xC2	; 194
    1d86:	fb 4f       	sbci	r31, 0xFB	; 251
    1d88:	95 81       	ldd	r25, Z+5	; 0x05
    1d8a:	19 16       	cp	r1, r25
    1d8c:	0c f4       	brge	.+2      	; 0x1d90 <.L26>

00001d8e <L0^A>:
    1d8e:	5c c0       	rjmp	.+184    	; 0x1e48 <.L28>

00001d90 <.L26>:
    1d90:	8f 5f       	subi	r24, 0xFF	; 255
    1d92:	83 30       	cpi	r24, 0x03	; 3
    1d94:	e4 f1       	brlt	.+120    	; 0x1e0e <.L29>
    1d96:	10 92 3e 04 	sts	0x043E, r1	; 0x80043e <e>
    1d9a:	27 c0       	rjmp	.+78     	; 0x1dea <.L12>

00001d9c <.L2>:
    1d9c:	91 e0       	ldi	r25, 0x01	; 1
    1d9e:	80 91 43 04 	lds	r24, 0x0443	; 0x800443 <e+0x5>
    1da2:	81 11       	cpse	r24, r1
    1da4:	2e c0       	rjmp	.+92     	; 0x1e02 <.L30>
    1da6:	80 91 45 04 	lds	r24, 0x0445	; 0x800445 <e+0x7>
    1daa:	81 11       	cpse	r24, r1
    1dac:	de cf       	rjmp	.-68     	; 0x1d6a <.L4>

00001dae <.L32>:
    1dae:	80 91 47 04 	lds	r24, 0x0447	; 0x800447 <e+0x9>
    1db2:	81 11       	cpse	r24, r1
    1db4:	da cf       	rjmp	.-76     	; 0x1d6a <.L4>
    1db6:	91 30       	cpi	r25, 0x01	; 1
    1db8:	c1 f6       	brne	.-80     	; 0x1d6a <.L4>
    1dba:	0e 94 ad 09 	call	0x135a	; 0x135a <indicatorTimed_stop>
    1dbe:	80 91 41 04 	lds	r24, 0x0441	; 0x800441 <e+0x3>
    1dc2:	8e 7f       	andi	r24, 0xFE	; 254
    1dc4:	80 93 41 04 	sts	0x0441, r24	; 0x800441 <e+0x3>
    1dc8:	88 e0       	ldi	r24, 0x08	; 8
    1dca:	ec e2       	ldi	r30, 0x2C	; 44
    1dcc:	f4 e0       	ldi	r31, 0x04	; 4
    1dce:	af e5       	ldi	r26, 0x5F	; 95
    1dd0:	b4 e0       	ldi	r27, 0x04	; 4

00001dd2 <.L0^B1>:
    1dd2:	01 90       	ld	r0, Z+
    1dd4:	0d 92       	st	X+, r0
    1dd6:	8a 95       	dec	r24
    1dd8:	e1 f7       	brne	.-8      	; 0x1dd2 <.L0^B1>
    1dda:	f8 94       	cli
    1ddc:	88 e1       	ldi	r24, 0x18	; 24
    1dde:	81 bd       	out	0x21, r24	; 33
    1de0:	88 e0       	ldi	r24, 0x08	; 8
    1de2:	81 bd       	out	0x21, r24	; 33

00001de4 <.L6>:
    1de4:	ff cf       	rjmp	.-2      	; 0x1de4 <.L6>

00001de6 <.L7>:
    1de6:	09 f4       	brne	.+2      	; 0x1dea <.L12>

00001de8 <L0^A>:
    1de8:	5b c0       	rjmp	.+182    	; 0x1ea0 <.L31>

00001dea <.L12>:
    1dea:	80 91 41 04 	lds	r24, 0x0441	; 0x800441 <e+0x3>
    1dee:	81 70       	andi	r24, 0x01	; 1
    1df0:	2a 96       	adiw	r28, 0x0a	; 10
    1df2:	0f b6       	in	r0, 0x3f	; 63
    1df4:	f8 94       	cli
    1df6:	de bf       	out	0x3e, r29	; 62
    1df8:	0f be       	out	0x3f, r0	; 63
    1dfa:	cd bf       	out	0x3d, r28	; 61
    1dfc:	df 91       	pop	r29
    1dfe:	cf 91       	pop	r28
    1e00:	08 95       	ret

00001e02 <.L30>:
    1e02:	90 e0       	ldi	r25, 0x00	; 0
    1e04:	80 91 45 04 	lds	r24, 0x0445	; 0x800445 <e+0x7>
    1e08:	81 11       	cpse	r24, r1
    1e0a:	af cf       	rjmp	.-162    	; 0x1d6a <.L4>
    1e0c:	d0 cf       	rjmp	.-96     	; 0x1dae <.L32>

00001e0e <.L29>:
    1e0e:	80 93 3e 04 	sts	0x043E, r24	; 0x80043e <e>
    1e12:	eb cf       	rjmp	.-42     	; 0x1dea <.L12>

00001e14 <.L3>:
    1e14:	80 91 41 04 	lds	r24, 0x0441	; 0x800441 <e+0x3>
    1e18:	81 60       	ori	r24, 0x01	; 1
    1e1a:	80 93 41 04 	sts	0x0441, r24	; 0x800441 <e+0x3>
    1e1e:	86 e9       	ldi	r24, 0x96	; 150
    1e20:	90 e0       	ldi	r25, 0x00	; 0
    1e22:	0e 94 a4 09 	call	0x1348	; 0x1348 <indicatorTimed_setKSysTickTime_ms>
    1e26:	0e 94 bd 09 	call	0x137a	; 0x137a <indicatorTimed_cycle_start>
    1e2a:	60 e0       	ldi	r22, 0x00	; 0
    1e2c:	87 e6       	ldi	r24, 0x67	; 103
    1e2e:	94 e0       	ldi	r25, 0x04	; 4
    1e30:	0e 94 2d 07 	call	0xe5a	; 0xe5a <pid_pwm_set_pin>
    1e34:	88 e0       	ldi	r24, 0x08	; 8
    1e36:	ef e5       	ldi	r30, 0x5F	; 95
    1e38:	f4 e0       	ldi	r31, 0x04	; 4
    1e3a:	ac e2       	ldi	r26, 0x2C	; 44
    1e3c:	b4 e0       	ldi	r27, 0x04	; 4

00001e3e <.L0^B2>:
    1e3e:	01 90       	ld	r0, Z+
    1e40:	0d 92       	st	X+, r0
    1e42:	8a 95       	dec	r24
    1e44:	e1 f7       	brne	.-8      	; 0x1e3e <.L0^B2>
    1e46:	91 cf       	rjmp	.-222    	; 0x1d6a <.L4>

00001e48 <.L28>:
    1e48:	0e 94 51 14 	call	0x28a2	; 0x28a2 <disp7s_clear_all>
    1e4c:	44 e0       	ldi	r20, 0x04	; 4
    1e4e:	50 e0       	ldi	r21, 0x00	; 0
    1e50:	68 ea       	ldi	r22, 0xA8	; 168
    1e52:	72 e0       	ldi	r23, 0x02	; 2
    1e54:	ce 01       	movw	r24, r28
    1e56:	01 96       	adiw	r24, 0x01	; 1
    1e58:	0e 94 b4 23 	call	0x4768	; 0x4768 <strncpy>
    1e5c:	44 e0       	ldi	r20, 0x04	; 4
    1e5e:	60 e0       	ldi	r22, 0x00	; 0
    1e60:	ce 01       	movw	r24, r28
    1e62:	01 96       	adiw	r24, 0x01	; 1
    1e64:	0e 94 0e 14 	call	0x281c	; 0x281c <disp7s_update_data_array>
    1e68:	80 91 3e 04 	lds	r24, 0x043E	; 0x80043e <e>
    1e6c:	81 30       	cpi	r24, 0x01	; 1
    1e6e:	b0 f1       	brcs	.+108    	; 0x1edc <.L33>
    1e70:	f1 f1       	breq	.+124    	; 0x1eee <.L34>
    1e72:	82 30       	cpi	r24, 0x02	; 2
    1e74:	09 f4       	brne	.+2      	; 0x1e78 <.L10>

00001e76 <L0^A>:
    1e76:	44 c0       	rjmp	.+136    	; 0x1f00 <.L35>

00001e78 <.L10>:
    1e78:	44 e0       	ldi	r20, 0x04	; 4
    1e7a:	64 e0       	ldi	r22, 0x04	; 4
    1e7c:	ce 01       	movw	r24, r28
    1e7e:	01 96       	adiw	r24, 0x01	; 1
    1e80:	0e 94 0e 14 	call	0x281c	; 0x281c <disp7s_update_data_array>
    1e84:	e0 91 3e 04 	lds	r30, 0x043E	; 0x80043e <e>
    1e88:	ee 0f       	add	r30, r30
    1e8a:	ff 0b       	sbc	r31, r31
    1e8c:	ee 5b       	subi	r30, 0xBE	; 190
    1e8e:	fb 4f       	sbci	r31, 0xFB	; 251
    1e90:	80 81       	ld	r24, Z
    1e92:	8f 5f       	subi	r24, 0xFF	; 255
    1e94:	80 83       	st	Z, r24
    1e96:	10 92 3f 04 	sts	0x043F, r1	; 0x80043f <e+0x1>
    1e9a:	10 92 40 04 	sts	0x0440, r1	; 0x800440 <e+0x2>
    1e9e:	a5 cf       	rjmp	.-182    	; 0x1dea <.L12>

00001ea0 <.L31>:
    1ea0:	a8 2f       	mov	r26, r24
    1ea2:	aa 0f       	add	r26, r26
    1ea4:	bb 0b       	sbc	r27, r27
    1ea6:	a2 5c       	subi	r26, 0xC2	; 194
    1ea8:	bb 4f       	sbci	r27, 0xFB	; 251
    1eaa:	15 96       	adiw	r26, 0x05	; 5
    1eac:	9c 91       	ld	r25, X
    1eae:	91 11       	cpse	r25, r1
    1eb0:	02 c0       	rjmp	.+4      	; 0x1eb6 <.L15>
    1eb2:	10 82       	st	Z, r1
    1eb4:	9a cf       	rjmp	.-204    	; 0x1dea <.L12>

00001eb6 <.L15>:
    1eb6:	90 91 da 04 	lds	r25, 0x04DA	; 0x8004da <mainflag>
    1eba:	90 ff       	sbrs	r25, 0
    1ebc:	96 cf       	rjmp	.-212    	; 0x1dea <.L12>
    1ebe:	20 91 3f 04 	lds	r18, 0x043F	; 0x80043f <e+0x1>
    1ec2:	30 91 40 04 	lds	r19, 0x0440	; 0x800440 <e+0x2>
    1ec6:	2f 5f       	subi	r18, 0xFF	; 255
    1ec8:	3f 4f       	sbci	r19, 0xFF	; 255
    1eca:	28 3e       	cpi	r18, 0xE8	; 232
    1ecc:	93 e0       	ldi	r25, 0x03	; 3
    1ece:	39 07       	cpc	r19, r25
    1ed0:	00 f5       	brcc	.+64     	; 0x1f12 <.L16>
    1ed2:	20 93 3f 04 	sts	0x043F, r18	; 0x80043f <e+0x1>
    1ed6:	30 93 40 04 	sts	0x0440, r19	; 0x800440 <e+0x2>
    1eda:	87 cf       	rjmp	.-242    	; 0x1dea <.L12>

00001edc <.L33>:
    1edc:	44 e0       	ldi	r20, 0x04	; 4
    1ede:	50 e0       	ldi	r21, 0x00	; 0
    1ee0:	64 ea       	ldi	r22, 0xA4	; 164
    1ee2:	72 e0       	ldi	r23, 0x02	; 2
    1ee4:	ce 01       	movw	r24, r28
    1ee6:	01 96       	adiw	r24, 0x01	; 1
    1ee8:	0e 94 b4 23 	call	0x4768	; 0x4768 <strncpy>
    1eec:	c5 cf       	rjmp	.-118    	; 0x1e78 <.L10>

00001eee <.L34>:
    1eee:	44 e0       	ldi	r20, 0x04	; 4
    1ef0:	50 e0       	ldi	r21, 0x00	; 0
    1ef2:	60 ea       	ldi	r22, 0xA0	; 160
    1ef4:	72 e0       	ldi	r23, 0x02	; 2
    1ef6:	ce 01       	movw	r24, r28
    1ef8:	01 96       	adiw	r24, 0x01	; 1
    1efa:	0e 94 b4 23 	call	0x4768	; 0x4768 <strncpy>
    1efe:	bc cf       	rjmp	.-136    	; 0x1e78 <.L10>

00001f00 <.L35>:
    1f00:	44 e0       	ldi	r20, 0x04	; 4
    1f02:	50 e0       	ldi	r21, 0x00	; 0
    1f04:	6c e9       	ldi	r22, 0x9C	; 156
    1f06:	72 e0       	ldi	r23, 0x02	; 2
    1f08:	ce 01       	movw	r24, r28
    1f0a:	01 96       	adiw	r24, 0x01	; 1
    1f0c:	0e 94 b4 23 	call	0x4768	; 0x4768 <strncpy>
    1f10:	b3 cf       	rjmp	.-154    	; 0x1e78 <.L10>

00001f12 <.L16>:
    1f12:	10 92 3f 04 	sts	0x043F, r1	; 0x80043f <e+0x1>
    1f16:	10 92 40 04 	sts	0x0440, r1	; 0x800440 <e+0x2>
    1f1a:	10 82       	st	Z, r1
    1f1c:	39 cf       	rjmp	.-398    	; 0x1d90 <.L26>

00001f1e <blink_set>:
    1f1e:	80 93 48 04 	sts	0x0448, r24	; 0x800448 <blink>
    1f22:	90 93 49 04 	sts	0x0449, r25	; 0x800449 <blink+0x1>
    1f26:	08 95       	ret

00001f28 <blink_reset>:
    1f28:	e0 91 48 04 	lds	r30, 0x0448	; 0x800448 <blink>
    1f2c:	f0 91 49 04 	lds	r31, 0x0449	; 0x800449 <blink+0x1>
    1f30:	10 82       	st	Z, r1
    1f32:	11 82       	std	Z+1, r1	; 0x01
    1f34:	81 70       	andi	r24, 0x01	; 1
    1f36:	82 60       	ori	r24, 0x02	; 2
    1f38:	94 81       	ldd	r25, Z+4	; 0x04
    1f3a:	9c 7f       	andi	r25, 0xFC	; 252
    1f3c:	89 2b       	or	r24, r25
    1f3e:	84 83       	std	Z+4, r24	; 0x04
    1f40:	08 95       	ret

00001f42 <blink_timing>:
    1f42:	e0 91 48 04 	lds	r30, 0x0448	; 0x800448 <blink>
    1f46:	f0 91 49 04 	lds	r31, 0x0449	; 0x800449 <blink+0x1>
    1f4a:	80 81       	ld	r24, Z
    1f4c:	91 81       	ldd	r25, Z+1	; 0x01
    1f4e:	01 96       	adiw	r24, 0x01	; 1
    1f50:	80 83       	st	Z, r24
    1f52:	91 83       	std	Z+1, r25	; 0x01
    1f54:	22 81       	ldd	r18, Z+2	; 0x02
    1f56:	33 81       	ldd	r19, Z+3	; 0x03
    1f58:	82 17       	cp	r24, r18
    1f5a:	93 07       	cpc	r25, r19
    1f5c:	50 f0       	brcs	.+20     	; 0x1f72 <.L4>
    1f5e:	10 82       	st	Z, r1
    1f60:	11 82       	std	Z+1, r1	; 0x01
    1f62:	94 81       	ldd	r25, Z+4	; 0x04
    1f64:	89 2f       	mov	r24, r25
    1f66:	80 95       	com	r24
    1f68:	81 70       	andi	r24, 0x01	; 1
    1f6a:	82 60       	ori	r24, 0x02	; 2
    1f6c:	9c 7f       	andi	r25, 0xFC	; 252
    1f6e:	89 2b       	or	r24, r25
    1f70:	84 83       	std	Z+4, r24	; 0x04

00001f72 <.L4>:
    1f72:	08 95       	ret

00001f74 <ADC_set_channel>:
    1f74:	97 b1       	in	r25, 0x07	; 7
    1f76:	8f 71       	andi	r24, 0x1F	; 31
    1f78:	90 7e       	andi	r25, 0xE0	; 224
    1f7a:	89 2b       	or	r24, r25
    1f7c:	87 b9       	out	0x07, r24	; 7
    1f7e:	08 95       	ret

00001f80 <ADC_set_reference>:
    1f80:	97 b1       	in	r25, 0x07	; 7
    1f82:	82 95       	swap	r24
    1f84:	88 0f       	add	r24, r24
    1f86:	88 0f       	add	r24, r24
    1f88:	80 7c       	andi	r24, 0xC0	; 192
    1f8a:	9f 73       	andi	r25, 0x3F	; 63
    1f8c:	89 2b       	or	r24, r25
    1f8e:	87 b9       	out	0x07, r24	; 7
    1f90:	08 95       	ret

00001f92 <ADC_set_prescaler>:
    1f92:	96 b1       	in	r25, 0x06	; 6
    1f94:	98 7f       	andi	r25, 0xF8	; 248
    1f96:	89 2b       	or	r24, r25
    1f98:	86 b9       	out	0x06, r24	; 6
    1f9a:	08 95       	ret

00001f9c <ADC_enable>:
    1f9c:	37 9a       	sbi	0x06, 7	; 6
    1f9e:	08 95       	ret

00001fa0 <ADC_disable>:
    1fa0:	37 98       	cbi	0x06, 7	; 6
    1fa2:	08 95       	ret

00001fa4 <ADC_setBit_startConversion_On>:
    1fa4:	36 9a       	sbi	0x06, 6	; 6
    1fa6:	08 95       	ret

00001fa8 <ADC_setBit_startConversion_Off>:
    1fa8:	36 98       	cbi	0x06, 6	; 6
    1faa:	08 95       	ret

00001fac <ADC_set_adjust>:
    1fac:	81 11       	cpse	r24, r1
    1fae:	02 c0       	rjmp	.+4      	; 0x1fb4 <.L10>
    1fb0:	3d 98       	cbi	0x07, 5	; 7
    1fb2:	08 95       	ret

00001fb4 <.L10>:
    1fb4:	3d 9a       	sbi	0x07, 5	; 7
    1fb6:	08 95       	ret

00001fb8 <ADC_get_resultH>:
    1fb8:	85 b1       	in	r24, 0x05	; 5
    1fba:	08 95       	ret

00001fbc <ADC_get_resultL>:
    1fbc:	84 b1       	in	r24, 0x04	; 4
    1fbe:	08 95       	ret

00001fc0 <ADC_setAutoTrigger_disabled>:
    1fc0:	35 98       	cbi	0x06, 5	; 6
    1fc2:	08 95       	ret

00001fc4 <ADC_setAutoTrigger_source>:
    1fc4:	90 b7       	in	r25, 0x30	; 48
    1fc6:	82 95       	swap	r24
    1fc8:	88 0f       	add	r24, r24
    1fca:	80 7e       	andi	r24, 0xE0	; 224
    1fcc:	9f 70       	andi	r25, 0x0F	; 15
    1fce:	89 2b       	or	r24, r25
    1fd0:	80 bf       	out	0x30, r24	; 48
    1fd2:	08 95       	ret

00001fd4 <ADC_setAutoTrigger_enabled>:
    1fd4:	35 9a       	sbi	0x06, 5	; 6
    1fd6:	90 b7       	in	r25, 0x30	; 48
    1fd8:	9f 70       	andi	r25, 0x0F	; 15
    1fda:	82 95       	swap	r24
    1fdc:	88 0f       	add	r24, r24
    1fde:	80 7e       	andi	r24, 0xE0	; 224
    1fe0:	89 2b       	or	r24, r25
    1fe2:	80 bf       	out	0x30, r24	; 48
    1fe4:	08 95       	ret

00001fe6 <ADC_init>:
    1fe6:	97 b1       	in	r25, 0x07	; 7
    1fe8:	9f 73       	andi	r25, 0x3F	; 63
    1fea:	62 95       	swap	r22
    1fec:	66 0f       	add	r22, r22
    1fee:	66 0f       	add	r22, r22
    1ff0:	60 7c       	andi	r22, 0xC0	; 192
    1ff2:	69 2b       	or	r22, r25
    1ff4:	67 b9       	out	0x07, r22	; 7
    1ff6:	96 b1       	in	r25, 0x06	; 6
    1ff8:	98 7f       	andi	r25, 0xF8	; 248
    1ffa:	49 2b       	or	r20, r25
    1ffc:	46 b9       	out	0x06, r20	; 6
    1ffe:	8f 3f       	cpi	r24, 0xFF	; 255
    2000:	51 f0       	breq	.+20     	; 0x2016 <.L20>
    2002:	35 9a       	sbi	0x06, 5	; 6
    2004:	90 b7       	in	r25, 0x30	; 48
    2006:	9f 70       	andi	r25, 0x0F	; 15
    2008:	82 95       	swap	r24
    200a:	88 0f       	add	r24, r24
    200c:	80 7e       	andi	r24, 0xE0	; 224
    200e:	89 2b       	or	r24, r25
    2010:	80 bf       	out	0x30, r24	; 48
    2012:	37 9a       	sbi	0x06, 7	; 6
    2014:	08 95       	ret

00002016 <.L20>:
    2016:	35 98       	cbi	0x06, 5	; 6
    2018:	37 9a       	sbi	0x06, 7	; 6
    201a:	08 95       	ret

0000201c <ADC_start_conv>:
    201c:	97 b1       	in	r25, 0x07	; 7
    201e:	90 7e       	andi	r25, 0xE0	; 224
    2020:	8f 71       	andi	r24, 0x1F	; 31
    2022:	98 2b       	or	r25, r24
    2024:	97 b9       	out	0x07, r25	; 7
    2026:	36 9a       	sbi	0x06, 6	; 6
    2028:	08 95       	ret

0000202a <ADC_start_and_wait_conv>:
    202a:	97 b1       	in	r25, 0x07	; 7
    202c:	90 7e       	andi	r25, 0xE0	; 224
    202e:	8f 71       	andi	r24, 0x1F	; 31
    2030:	98 2b       	or	r25, r24
    2032:	97 b9       	out	0x07, r25	; 7
    2034:	36 9a       	sbi	0x06, 6	; 6

00002036 <.L23>:
    2036:	34 9b       	sbis	0x06, 4	; 6
    2038:	fe cf       	rjmp	.-4      	; 0x2036 <.L23>
    203a:	34 9a       	sbi	0x06, 4	; 6
    203c:	08 95       	ret

0000203e <ADC_read>:
    203e:	35 99       	sbic	0x06, 5	; 6
    2040:	19 c0       	rjmp	.+50     	; 0x2074 <.L27>
    2042:	97 b1       	in	r25, 0x07	; 7
    2044:	90 7e       	andi	r25, 0xE0	; 224
    2046:	8f 71       	andi	r24, 0x1F	; 31
    2048:	98 2b       	or	r25, r24
    204a:	97 b9       	out	0x07, r25	; 7
    204c:	36 9a       	sbi	0x06, 6	; 6

0000204e <.L28>:
    204e:	34 9b       	sbis	0x06, 4	; 6
    2050:	fe cf       	rjmp	.-4      	; 0x204e <.L28>
    2052:	34 9a       	sbi	0x06, 4	; 6
    2054:	24 b1       	in	r18, 0x04	; 4
    2056:	3d 9b       	sbis	0x07, 5	; 7
    2058:	14 c0       	rjmp	.+40     	; 0x2082 <.L31>

0000205a <.L38>:
    205a:	85 b1       	in	r24, 0x05	; 5
    205c:	90 e0       	ldi	r25, 0x00	; 0
    205e:	88 0f       	add	r24, r24
    2060:	99 1f       	adc	r25, r25
    2062:	88 0f       	add	r24, r24
    2064:	99 1f       	adc	r25, r25
    2066:	22 95       	swap	r18
    2068:	26 95       	lsr	r18
    206a:	26 95       	lsr	r18
    206c:	23 70       	andi	r18, 0x03	; 3
    206e:	82 0f       	add	r24, r18
    2070:	91 1d       	adc	r25, r1
    2072:	08 95       	ret

00002074 <.L27>:
    2074:	34 9a       	sbi	0x06, 4	; 6

00002076 <.L30>:
    2076:	34 9b       	sbis	0x06, 4	; 6
    2078:	fe cf       	rjmp	.-4      	; 0x2076 <.L30>
    207a:	34 9a       	sbi	0x06, 4	; 6
    207c:	24 b1       	in	r18, 0x04	; 4
    207e:	3d 99       	sbic	0x07, 5	; 7
    2080:	ec cf       	rjmp	.-40     	; 0x205a <.L38>

00002082 <.L31>:
    2082:	85 b1       	in	r24, 0x05	; 5
    2084:	98 2f       	mov	r25, r24
    2086:	82 2f       	mov	r24, r18
    2088:	08 95       	ret

0000208a <T_rtd_from_adc_q8_8>:
    208a:	cf 93       	push	r28
    208c:	df 93       	push	r29
    208e:	9c 01       	movw	r18, r24
    2090:	ac e0       	ldi	r26, 0x0C	; 12
    2092:	b9 e4       	ldi	r27, 0x49	; 73
    2094:	0e 94 04 21 	call	0x4208	; 0x4208 <__umulhisi3>
    2098:	dc 01       	movw	r26, r24
    209a:	cb 01       	movw	r24, r22
    209c:	80 58       	subi	r24, 0x80	; 128
    209e:	9f 4f       	sbci	r25, 0xFF	; 255
    20a0:	af 4f       	sbci	r26, 0xFF	; 255
    20a2:	bf 4f       	sbci	r27, 0xFF	; 255
    20a4:	49 2f       	mov	r20, r25
    20a6:	5a 2f       	mov	r21, r26
    20a8:	91 30       	cpi	r25, 0x01	; 1
    20aa:	2f ef       	ldi	r18, 0xFF	; 255
    20ac:	a2 07       	cpc	r26, r18
    20ae:	b1 05       	cpc	r27, r1
    20b0:	28 f0       	brcs	.+10     	; 0x20bc <.L8>

000020b2 <.L4>:
    20b2:	80 e0       	ldi	r24, 0x00	; 0
    20b4:	98 ee       	ldi	r25, 0xE8	; 232
    20b6:	df 91       	pop	r29
    20b8:	cf 91       	pop	r28
    20ba:	08 95       	ret

000020bc <.L8>:
    20bc:	41 15       	cp	r20, r1
    20be:	8f ef       	ldi	r24, 0xFF	; 255
    20c0:	58 07       	cpc	r21, r24
    20c2:	b9 f3       	breq	.-18     	; 0x20b2 <.L4>
    20c4:	2a 2f       	mov	r18, r26
    20c6:	30 e0       	ldi	r19, 0x00	; 0
    20c8:	f9 01       	movw	r30, r18
    20ca:	ee 0f       	add	r30, r30
    20cc:	ff 1f       	adc	r31, r31
    20ce:	ec 56       	subi	r30, 0x6C	; 108
    20d0:	ff 4f       	sbci	r31, 0xFF	; 255
    20d2:	c0 81       	ld	r28, Z
    20d4:	d1 81       	ldd	r29, Z+1	; 0x01
    20d6:	22 0f       	add	r18, r18
    20d8:	33 1f       	adc	r19, r19
    20da:	f9 01       	movw	r30, r18
    20dc:	ea 56       	subi	r30, 0x6A	; 106
    20de:	ff 4f       	sbci	r31, 0xFF	; 255
    20e0:	20 81       	ld	r18, Z
    20e2:	31 81       	ldd	r19, Z+1	; 0x01
    20e4:	2c 1b       	sub	r18, r28
    20e6:	3d 0b       	sbc	r19, r29
    20e8:	a4 2f       	mov	r26, r20
    20ea:	b0 e0       	ldi	r27, 0x00	; 0
    20ec:	0e 94 04 21 	call	0x4208	; 0x4208 <__umulhisi3>
    20f0:	98 2f       	mov	r25, r24
    20f2:	87 2f       	mov	r24, r23
    20f4:	8c 0f       	add	r24, r28
    20f6:	9d 1f       	adc	r25, r29
    20f8:	df 91       	pop	r29
    20fa:	cf 91       	pop	r28
    20fc:	08 95       	ret

000020fe <adc_filter_1s>:
    20fe:	cf 92       	push	r12
    2100:	df 92       	push	r13
    2102:	ef 92       	push	r14
    2104:	ff 92       	push	r15
    2106:	0f 93       	push	r16
    2108:	1f 93       	push	r17
    210a:	cf 93       	push	r28
    210c:	df 93       	push	r29
    210e:	00 d0       	rcall	.+0      	; 0x2110 <L0^A>

00002110 <L0^A>:
    2110:	00 d0       	rcall	.+0      	; 0x2112 <L0^A>

00002112 <L0^A>:
    2112:	cd b7       	in	r28, 0x3d	; 61
    2114:	de b7       	in	r29, 0x3e	; 62
    2116:	9c 01       	movw	r18, r24
    2118:	80 91 50 04 	lds	r24, 0x0450	; 0x800450 <acc.3>
    211c:	90 91 51 04 	lds	r25, 0x0451	; 0x800451 <acc.3+0x1>
    2120:	a0 91 52 04 	lds	r26, 0x0452	; 0x800452 <acc.3+0x2>
    2124:	b0 91 53 04 	lds	r27, 0x0453	; 0x800453 <acc.3+0x3>
    2128:	82 0f       	add	r24, r18
    212a:	93 1f       	adc	r25, r19
    212c:	a1 1d       	adc	r26, r1
    212e:	b1 1d       	adc	r27, r1
    2130:	80 93 50 04 	sts	0x0450, r24	; 0x800450 <acc.3>
    2134:	90 93 51 04 	sts	0x0451, r25	; 0x800451 <acc.3+0x1>
    2138:	a0 93 52 04 	sts	0x0452, r26	; 0x800452 <acc.3+0x2>
    213c:	b0 93 53 04 	sts	0x0453, r27	; 0x800453 <acc.3+0x3>
    2140:	20 91 4f 04 	lds	r18, 0x044F	; 0x80044f <count.2>
    2144:	2f 5f       	subi	r18, 0xFF	; 255
    2146:	20 93 4f 04 	sts	0x044F, r18	; 0x80044f <count.2>
    214a:	28 30       	cpi	r18, 0x08	; 8
    214c:	08 f4       	brcc	.+2      	; 0x2150 <L0^A+0x2>

0000214e <L0^A>:
    214e:	7c c0       	rjmp	.+248    	; 0x2248 <.L25>
    2150:	23 e0       	ldi	r18, 0x03	; 3

00002152 <.L1^B1>:
    2152:	b6 95       	lsr	r27
    2154:	a7 95       	ror	r26
    2156:	97 95       	ror	r25
    2158:	87 95       	ror	r24
    215a:	2a 95       	dec	r18
    215c:	d1 f7       	brne	.-12     	; 0x2152 <.L1^B1>
    215e:	10 92 50 04 	sts	0x0450, r1	; 0x800450 <acc.3>
    2162:	10 92 51 04 	sts	0x0451, r1	; 0x800451 <acc.3+0x1>
    2166:	10 92 52 04 	sts	0x0452, r1	; 0x800452 <acc.3+0x2>
    216a:	10 92 53 04 	sts	0x0453, r1	; 0x800453 <acc.3+0x3>
    216e:	10 92 4f 04 	sts	0x044F, r1	; 0x80044f <count.2>
    2172:	8c 01       	movw	r16, r24
    2174:	20 e0       	ldi	r18, 0x00	; 0
    2176:	30 e0       	ldi	r19, 0x00	; 0
    2178:	40 91 4e 04 	lds	r20, 0x044E	; 0x80044e <initialized.1>
    217c:	41 15       	cp	r20, r1
    217e:	09 f4       	brne	.+2      	; 0x2182 <L0^A+0x2>

00002180 <L0^A>:
    2180:	4b c0       	rjmp	.+150    	; 0x2218 <.L26>
    2182:	80 91 4a 04 	lds	r24, 0x044A	; 0x80044a <ema.0>
    2186:	90 91 4b 04 	lds	r25, 0x044B	; 0x80044b <ema.0+0x1>
    218a:	a0 91 4c 04 	lds	r26, 0x044C	; 0x80044c <ema.0+0x2>
    218e:	b0 91 4d 04 	lds	r27, 0x044D	; 0x80044d <ema.0+0x3>
    2192:	a8 01       	movw	r20, r16
    2194:	b9 01       	movw	r22, r18
    2196:	48 1b       	sub	r20, r24
    2198:	59 0b       	sbc	r21, r25
    219a:	6a 0b       	sbc	r22, r26
    219c:	7b 0b       	sbc	r23, r27
    219e:	49 83       	std	Y+1, r20	; 0x01
    21a0:	5a 83       	std	Y+2, r21	; 0x02
    21a2:	6b 83       	std	Y+3, r22	; 0x03
    21a4:	7c 83       	std	Y+4, r23	; 0x04
    21a6:	77 ff       	sbrs	r23, 7
    21a8:	0a c0       	rjmp	.+20     	; 0x21be <.L13>
    21aa:	6c 01       	movw	r12, r24
    21ac:	7d 01       	movw	r14, r26
    21ae:	c0 1a       	sub	r12, r16
    21b0:	d1 0a       	sbc	r13, r17
    21b2:	e2 0a       	sbc	r14, r18
    21b4:	f3 0a       	sbc	r15, r19
    21b6:	c9 82       	std	Y+1, r12	; 0x01
    21b8:	da 82       	std	Y+2, r13	; 0x02
    21ba:	eb 82       	std	Y+3, r14	; 0x03
    21bc:	fc 82       	std	Y+4, r15	; 0x04

000021be <.L13>:
    21be:	09 81       	ldd	r16, Y+1	; 0x01
    21c0:	1a 81       	ldd	r17, Y+2	; 0x02
    21c2:	2b 81       	ldd	r18, Y+3	; 0x03
    21c4:	3c 81       	ldd	r19, Y+4	; 0x04
    21c6:	06 30       	cpi	r16, 0x06	; 6
    21c8:	11 05       	cpc	r17, r1
    21ca:	21 05       	cpc	r18, r1
    21cc:	31 05       	cpc	r19, r1
    21ce:	0c f4       	brge	.+2      	; 0x21d2 <L0^A+0x2>

000021d0 <L0^A>:
    21d0:	44 c0       	rjmp	.+136    	; 0x225a <.L14>
    21d2:	01 e0       	ldi	r16, 0x01	; 1
    21d4:	10 e0       	ldi	r17, 0x00	; 0
    21d6:	20 e0       	ldi	r18, 0x00	; 0
    21d8:	30 e0       	ldi	r19, 0x00	; 0
    21da:	e1 e0       	ldi	r30, 0x01	; 1
    21dc:	14 16       	cp	r1, r20
    21de:	15 06       	cpc	r1, r21
    21e0:	16 06       	cpc	r1, r22
    21e2:	17 06       	cpc	r1, r23
    21e4:	0c f0       	brlt	.+2      	; 0x21e8 <.L15>

000021e6 <L0^A>:
    21e6:	55 c0       	rjmp	.+170    	; 0x2292 <.L16>

000021e8 <.L15>:
    21e8:	40 0f       	add	r20, r16
    21ea:	51 1f       	adc	r21, r17
    21ec:	62 1f       	adc	r22, r18
    21ee:	73 1f       	adc	r23, r19
    21f0:	04 c0       	rjmp	.+8      	; 0x21fa <.L2^B1>

000021f2 <.L1^B2>:
    21f2:	75 95       	asr	r23
    21f4:	67 95       	ror	r22
    21f6:	57 95       	ror	r21
    21f8:	47 95       	ror	r20

000021fa <.L2^B1>:
    21fa:	ea 95       	dec	r30
    21fc:	d2 f7       	brpl	.-12     	; 0x21f2 <.L1^B2>
    21fe:	84 0f       	add	r24, r20
    2200:	95 1f       	adc	r25, r21
    2202:	a6 1f       	adc	r26, r22
    2204:	b7 1f       	adc	r27, r23
    2206:	80 93 4a 04 	sts	0x044A, r24	; 0x80044a <ema.0>
    220a:	90 93 4b 04 	sts	0x044B, r25	; 0x80044b <ema.0+0x1>
    220e:	a0 93 4c 04 	sts	0x044C, r26	; 0x80044c <ema.0+0x2>
    2212:	b0 93 4d 04 	sts	0x044D, r27	; 0x80044d <ema.0+0x3>
    2216:	0b c0       	rjmp	.+22     	; 0x222e <.L9>

00002218 <.L26>:
    2218:	80 93 4a 04 	sts	0x044A, r24	; 0x80044a <ema.0>
    221c:	10 93 4b 04 	sts	0x044B, r17	; 0x80044b <ema.0+0x1>
    2220:	10 92 4c 04 	sts	0x044C, r1	; 0x80044c <ema.0+0x2>
    2224:	10 92 4d 04 	sts	0x044D, r1	; 0x80044d <ema.0+0x3>
    2228:	21 e0       	ldi	r18, 0x01	; 1
    222a:	20 93 4e 04 	sts	0x044E, r18	; 0x80044e <initialized.1>

0000222e <.L9>:
    222e:	0f 90       	pop	r0
    2230:	0f 90       	pop	r0
    2232:	0f 90       	pop	r0
    2234:	0f 90       	pop	r0
    2236:	df 91       	pop	r29
    2238:	cf 91       	pop	r28
    223a:	1f 91       	pop	r17
    223c:	0f 91       	pop	r16
    223e:	ff 90       	pop	r15
    2240:	ef 90       	pop	r14
    2242:	df 90       	pop	r13
    2244:	cf 90       	pop	r12
    2246:	08 95       	ret

00002248 <.L25>:
    2248:	30 e0       	ldi	r19, 0x00	; 0
    224a:	40 e0       	ldi	r20, 0x00	; 0
    224c:	50 e0       	ldi	r21, 0x00	; 0
    224e:	bc 01       	movw	r22, r24
    2250:	cd 01       	movw	r24, r26
    2252:	0e 94 13 21 	call	0x4226	; 0x4226 <__udivmodsi4>
    2256:	c9 01       	movw	r24, r18
    2258:	ea cf       	rjmp	.-44     	; 0x222e <.L9>

0000225a <.L14>:
    225a:	03 30       	cpi	r16, 0x03	; 3
    225c:	11 05       	cpc	r17, r1
    225e:	21 05       	cpc	r18, r1
    2260:	31 05       	cpc	r19, r1
    2262:	64 f4       	brge	.+24     	; 0x227c <.L27>
    2264:	41 15       	cp	r20, r1
    2266:	51 05       	cpc	r21, r1
    2268:	61 05       	cpc	r22, r1
    226a:	71 05       	cpc	r23, r1
    226c:	51 f1       	breq	.+84     	; 0x22c2 <.L18>
    226e:	4c f1       	brlt	.+82     	; 0x22c2 <.L18>
    2270:	04 e0       	ldi	r16, 0x04	; 4
    2272:	10 e0       	ldi	r17, 0x00	; 0
    2274:	20 e0       	ldi	r18, 0x00	; 0
    2276:	30 e0       	ldi	r19, 0x00	; 0
    2278:	e3 e0       	ldi	r30, 0x03	; 3
    227a:	b6 cf       	rjmp	.-148    	; 0x21e8 <.L15>

0000227c <.L27>:
    227c:	02 e0       	ldi	r16, 0x02	; 2
    227e:	10 e0       	ldi	r17, 0x00	; 0
    2280:	20 e0       	ldi	r18, 0x00	; 0
    2282:	30 e0       	ldi	r19, 0x00	; 0
    2284:	e2 e0       	ldi	r30, 0x02	; 2
    2286:	14 16       	cp	r1, r20
    2288:	15 06       	cpc	r1, r21
    228a:	16 06       	cpc	r1, r22
    228c:	17 06       	cpc	r1, r23
    228e:	0c f4       	brge	.+2      	; 0x2292 <.L16>

00002290 <L0^A>:
    2290:	ab cf       	rjmp	.-170    	; 0x21e8 <.L15>

00002292 <.L16>:
    2292:	40 1b       	sub	r20, r16
    2294:	51 0b       	sbc	r21, r17
    2296:	62 0b       	sbc	r22, r18
    2298:	73 0b       	sbc	r23, r19
    229a:	04 c0       	rjmp	.+8      	; 0x22a4 <.L2^B2>

0000229c <.L1^B3>:
    229c:	75 95       	asr	r23
    229e:	67 95       	ror	r22
    22a0:	57 95       	ror	r21
    22a2:	47 95       	ror	r20

000022a4 <.L2^B2>:
    22a4:	ea 95       	dec	r30
    22a6:	d2 f7       	brpl	.-12     	; 0x229c <.L1^B3>
    22a8:	84 0f       	add	r24, r20
    22aa:	95 1f       	adc	r25, r21
    22ac:	a6 1f       	adc	r26, r22
    22ae:	b7 1f       	adc	r27, r23
    22b0:	80 93 4a 04 	sts	0x044A, r24	; 0x80044a <ema.0>
    22b4:	90 93 4b 04 	sts	0x044B, r25	; 0x80044b <ema.0+0x1>
    22b8:	a0 93 4c 04 	sts	0x044C, r26	; 0x80044c <ema.0+0x2>
    22bc:	b0 93 4d 04 	sts	0x044D, r27	; 0x80044d <ema.0+0x3>
    22c0:	b6 cf       	rjmp	.-148    	; 0x222e <.L9>

000022c2 <.L18>:
    22c2:	09 f4       	brne	.+2      	; 0x22c6 <L0^A+0x2>

000022c4 <L0^A>:
    22c4:	b4 cf       	rjmp	.-152    	; 0x222e <.L9>
    22c6:	04 e0       	ldi	r16, 0x04	; 4
    22c8:	10 e0       	ldi	r17, 0x00	; 0
    22ca:	20 e0       	ldi	r18, 0x00	; 0
    22cc:	30 e0       	ldi	r19, 0x00	; 0
    22ce:	e3 e0       	ldi	r30, 0x03	; 3
    22d0:	e0 cf       	rjmp	.-64     	; 0x2292 <.L16>

000022d2 <temperature_job>:
    22d2:	cf 92       	push	r12
    22d4:	df 92       	push	r13
    22d6:	ef 92       	push	r14
    22d8:	ff 92       	push	r15
    22da:	0f 93       	push	r16
    22dc:	1f 93       	push	r17
    22de:	cf 93       	push	r28
    22e0:	df 93       	push	r29
    22e2:	00 d0       	rcall	.+0      	; 0x22e4 <L0^A>

000022e4 <L0^A>:
    22e4:	00 d0       	rcall	.+0      	; 0x22e6 <L0^A>

000022e6 <L0^A>:
    22e6:	cd b7       	in	r28, 0x3d	; 61
    22e8:	de b7       	in	r29, 0x3e	; 62
    22ea:	24 b1       	in	r18, 0x04	; 4
    22ec:	85 b1       	in	r24, 0x05	; 5
    22ee:	38 2f       	mov	r19, r24
    22f0:	80 91 50 04 	lds	r24, 0x0450	; 0x800450 <acc.3>
    22f4:	90 91 51 04 	lds	r25, 0x0451	; 0x800451 <acc.3+0x1>
    22f8:	a0 91 52 04 	lds	r26, 0x0452	; 0x800452 <acc.3+0x2>
    22fc:	b0 91 53 04 	lds	r27, 0x0453	; 0x800453 <acc.3+0x3>
    2300:	82 0f       	add	r24, r18
    2302:	93 1f       	adc	r25, r19
    2304:	a1 1d       	adc	r26, r1
    2306:	b1 1d       	adc	r27, r1
    2308:	80 93 50 04 	sts	0x0450, r24	; 0x800450 <acc.3>
    230c:	90 93 51 04 	sts	0x0451, r25	; 0x800451 <acc.3+0x1>
    2310:	a0 93 52 04 	sts	0x0452, r26	; 0x800452 <acc.3+0x2>
    2314:	b0 93 53 04 	sts	0x0453, r27	; 0x800453 <acc.3+0x3>
    2318:	20 91 4f 04 	lds	r18, 0x044F	; 0x80044f <count.2>
    231c:	2f 5f       	subi	r18, 0xFF	; 255
    231e:	20 93 4f 04 	sts	0x044F, r18	; 0x80044f <count.2>
    2322:	28 30       	cpi	r18, 0x08	; 8
    2324:	08 f4       	brcc	.+2      	; 0x2328 <L0^A+0x2>

00002326 <L0^A>:
    2326:	e9 c0       	rjmp	.+466    	; 0x24fa <.L52>
    2328:	03 e0       	ldi	r16, 0x03	; 3

0000232a <.L1^B4>:
    232a:	b6 95       	lsr	r27
    232c:	a7 95       	ror	r26
    232e:	97 95       	ror	r25
    2330:	87 95       	ror	r24
    2332:	0a 95       	dec	r16
    2334:	d1 f7       	brne	.-12     	; 0x232a <.L1^B4>
    2336:	10 92 50 04 	sts	0x0450, r1	; 0x800450 <acc.3>
    233a:	10 92 51 04 	sts	0x0451, r1	; 0x800451 <acc.3+0x1>
    233e:	10 92 52 04 	sts	0x0452, r1	; 0x800452 <acc.3+0x2>
    2342:	10 92 53 04 	sts	0x0453, r1	; 0x800453 <acc.3+0x3>
    2346:	10 92 4f 04 	sts	0x044F, r1	; 0x80044f <count.2>
    234a:	8c 01       	movw	r16, r24
    234c:	20 e0       	ldi	r18, 0x00	; 0
    234e:	30 e0       	ldi	r19, 0x00	; 0
    2350:	40 91 4e 04 	lds	r20, 0x044E	; 0x80044e <initialized.1>
    2354:	41 15       	cp	r20, r1
    2356:	09 f4       	brne	.+2      	; 0x235a <L0^A+0x2>

00002358 <L0^A>:
    2358:	4c c0       	rjmp	.+152    	; 0x23f2 <.L53>
    235a:	80 91 4a 04 	lds	r24, 0x044A	; 0x80044a <ema.0>
    235e:	90 91 4b 04 	lds	r25, 0x044B	; 0x80044b <ema.0+0x1>
    2362:	a0 91 4c 04 	lds	r26, 0x044C	; 0x80044c <ema.0+0x2>
    2366:	b0 91 4d 04 	lds	r27, 0x044D	; 0x80044d <ema.0+0x3>
    236a:	a8 01       	movw	r20, r16
    236c:	b9 01       	movw	r22, r18
    236e:	48 1b       	sub	r20, r24
    2370:	59 0b       	sbc	r21, r25
    2372:	6a 0b       	sbc	r22, r26
    2374:	7b 0b       	sbc	r23, r27
    2376:	49 83       	std	Y+1, r20	; 0x01
    2378:	5a 83       	std	Y+2, r21	; 0x02
    237a:	6b 83       	std	Y+3, r22	; 0x03
    237c:	7c 83       	std	Y+4, r23	; 0x04
    237e:	77 ff       	sbrs	r23, 7
    2380:	0a c0       	rjmp	.+20     	; 0x2396 <.L32>
    2382:	6c 01       	movw	r12, r24
    2384:	7d 01       	movw	r14, r26
    2386:	c0 1a       	sub	r12, r16
    2388:	d1 0a       	sbc	r13, r17
    238a:	e2 0a       	sbc	r14, r18
    238c:	f3 0a       	sbc	r15, r19
    238e:	c9 82       	std	Y+1, r12	; 0x01
    2390:	da 82       	std	Y+2, r13	; 0x02
    2392:	eb 82       	std	Y+3, r14	; 0x03
    2394:	fc 82       	std	Y+4, r15	; 0x04

00002396 <.L32>:
    2396:	09 81       	ldd	r16, Y+1	; 0x01
    2398:	1a 81       	ldd	r17, Y+2	; 0x02
    239a:	2b 81       	ldd	r18, Y+3	; 0x03
    239c:	3c 81       	ldd	r19, Y+4	; 0x04
    239e:	06 30       	cpi	r16, 0x06	; 6
    23a0:	11 05       	cpc	r17, r1
    23a2:	21 05       	cpc	r18, r1
    23a4:	31 05       	cpc	r19, r1
    23a6:	0c f4       	brge	.+2      	; 0x23aa <L0^A+0x2>

000023a8 <L0^A>:
    23a8:	b0 c0       	rjmp	.+352    	; 0x250a <.L33>
    23aa:	01 e0       	ldi	r16, 0x01	; 1
    23ac:	10 e0       	ldi	r17, 0x00	; 0
    23ae:	20 e0       	ldi	r18, 0x00	; 0
    23b0:	30 e0       	ldi	r19, 0x00	; 0
    23b2:	e1 e0       	ldi	r30, 0x01	; 1
    23b4:	14 16       	cp	r1, r20
    23b6:	15 06       	cpc	r1, r21
    23b8:	16 06       	cpc	r1, r22
    23ba:	17 06       	cpc	r1, r23
    23bc:	0c f0       	brlt	.+2      	; 0x23c0 <.L34>

000023be <L0^A>:
    23be:	c1 c0       	rjmp	.+386    	; 0x2542 <.L35>

000023c0 <.L34>:
    23c0:	40 0f       	add	r20, r16
    23c2:	51 1f       	adc	r21, r17
    23c4:	62 1f       	adc	r22, r18
    23c6:	73 1f       	adc	r23, r19
    23c8:	04 c0       	rjmp	.+8      	; 0x23d2 <.L2^B3>

000023ca <.L1^B5>:
    23ca:	75 95       	asr	r23
    23cc:	67 95       	ror	r22
    23ce:	57 95       	ror	r21
    23d0:	47 95       	ror	r20

000023d2 <.L2^B3>:
    23d2:	ea 95       	dec	r30
    23d4:	d2 f7       	brpl	.-12     	; 0x23ca <.L1^B5>
    23d6:	84 0f       	add	r24, r20
    23d8:	95 1f       	adc	r25, r21
    23da:	a6 1f       	adc	r26, r22
    23dc:	b7 1f       	adc	r27, r23
    23de:	80 93 4a 04 	sts	0x044A, r24	; 0x80044a <ema.0>
    23e2:	90 93 4b 04 	sts	0x044B, r25	; 0x80044b <ema.0+0x1>
    23e6:	a0 93 4c 04 	sts	0x044C, r26	; 0x80044c <ema.0+0x2>
    23ea:	b0 93 4d 04 	sts	0x044D, r27	; 0x80044d <ema.0+0x3>

000023ee <.L38>:
    23ee:	9c 01       	movw	r18, r24
    23f0:	0c c0       	rjmp	.+24     	; 0x240a <.L30>

000023f2 <.L53>:
    23f2:	80 93 4a 04 	sts	0x044A, r24	; 0x80044a <ema.0>
    23f6:	10 93 4b 04 	sts	0x044B, r17	; 0x80044b <ema.0+0x1>
    23fa:	10 92 4c 04 	sts	0x044C, r1	; 0x80044c <ema.0+0x2>
    23fe:	10 92 4d 04 	sts	0x044D, r1	; 0x80044d <ema.0+0x3>
    2402:	21 e0       	ldi	r18, 0x01	; 1
    2404:	20 93 4e 04 	sts	0x044E, r18	; 0x80044e <initialized.1>
    2408:	9c 01       	movw	r18, r24

0000240a <.L30>:
    240a:	ac e0       	ldi	r26, 0x0C	; 12
    240c:	b9 e4       	ldi	r27, 0x49	; 73
    240e:	0e 94 04 21 	call	0x4208	; 0x4208 <__umulhisi3>
    2412:	dc 01       	movw	r26, r24
    2414:	cb 01       	movw	r24, r22
    2416:	80 58       	subi	r24, 0x80	; 128
    2418:	9f 4f       	sbci	r25, 0xFF	; 255
    241a:	af 4f       	sbci	r26, 0xFF	; 255
    241c:	bf 4f       	sbci	r27, 0xFF	; 255
    241e:	49 2f       	mov	r20, r25
    2420:	5a 2f       	mov	r21, r26
    2422:	91 30       	cpi	r25, 0x01	; 1
    2424:	1f ef       	ldi	r17, 0xFF	; 255
    2426:	a1 07       	cpc	r26, r17
    2428:	b1 05       	cpc	r27, r1
    242a:	70 f1       	brcs	.+92     	; 0x2488 <.L54>

0000242c <.L46>:
    242c:	20 e4       	ldi	r18, 0x40	; 64
    242e:	3f ee       	ldi	r19, 0xEF	; 239
    2430:	40 e0       	ldi	r20, 0x00	; 0
    2432:	50 e0       	ldi	r21, 0x00	; 0

00002434 <.L40>:
    2434:	80 91 1f 05 	lds	r24, 0x051F	; 0x80051f <pgrmode>
    2438:	80 fd       	sbrc	r24, 0
    243a:	11 c0       	rjmp	.+34     	; 0x245e <.L41>
    243c:	ad ec       	ldi	r26, 0xCD	; 205
    243e:	b1 e0       	ldi	r27, 0x01	; 1
    2440:	0e 94 54 21 	call	0x42a8	; 0x42a8 <__muluhisi3>
    2444:	9b 01       	movw	r18, r22
    2446:	ac 01       	movw	r20, r24
    2448:	20 58       	subi	r18, 0x80	; 128
    244a:	3f 4f       	sbci	r19, 0xFF	; 255
    244c:	4f 4f       	sbci	r20, 0xFF	; 255
    244e:	5f 4f       	sbci	r21, 0xFF	; 255
    2450:	23 2f       	mov	r18, r19
    2452:	34 2f       	mov	r19, r20
    2454:	45 2f       	mov	r20, r21
    2456:	50 e0       	ldi	r21, 0x00	; 0
    2458:	30 5e       	subi	r19, 0xE0	; 224
    245a:	4f 4f       	sbci	r20, 0xFF	; 255
    245c:	5f 4f       	sbci	r21, 0xFF	; 255

0000245e <.L41>:
    245e:	80 91 54 04 	lds	r24, 0x0454	; 0x800454 <i_avg>
    2462:	8f 5f       	subi	r24, 0xFF	; 255
    2464:	88 30       	cpi	r24, 0x08	; 8
    2466:	f4 f5       	brge	.+124    	; 0x24e4 <.L42>
    2468:	80 93 54 04 	sts	0x0454, r24	; 0x800454 <i_avg>
    246c:	80 e0       	ldi	r24, 0x00	; 0

0000246e <.L28>:
    246e:	0f 90       	pop	r0
    2470:	0f 90       	pop	r0
    2472:	0f 90       	pop	r0
    2474:	0f 90       	pop	r0
    2476:	df 91       	pop	r29
    2478:	cf 91       	pop	r28
    247a:	1f 91       	pop	r17
    247c:	0f 91       	pop	r16
    247e:	ff 90       	pop	r15
    2480:	ef 90       	pop	r14
    2482:	df 90       	pop	r13
    2484:	cf 90       	pop	r12
    2486:	08 95       	ret

00002488 <.L54>:
    2488:	41 15       	cp	r20, r1
    248a:	2f ef       	ldi	r18, 0xFF	; 255
    248c:	52 07       	cpc	r21, r18
    248e:	71 f2       	breq	.-100    	; 0x242c <.L46>
    2490:	8a 2f       	mov	r24, r26
    2492:	90 e0       	ldi	r25, 0x00	; 0
    2494:	fc 01       	movw	r30, r24
    2496:	ee 0f       	add	r30, r30
    2498:	ff 1f       	adc	r31, r31
    249a:	ec 56       	subi	r30, 0x6C	; 108
    249c:	ff 4f       	sbci	r31, 0xFF	; 255
    249e:	c0 80       	ld	r12, Z
    24a0:	d1 80       	ldd	r13, Z+1	; 0x01
    24a2:	88 0f       	add	r24, r24
    24a4:	99 1f       	adc	r25, r25
    24a6:	fc 01       	movw	r30, r24
    24a8:	ea 56       	subi	r30, 0x6A	; 106
    24aa:	ff 4f       	sbci	r31, 0xFF	; 255
    24ac:	20 81       	ld	r18, Z
    24ae:	31 81       	ldd	r19, Z+1	; 0x01
    24b0:	2c 19       	sub	r18, r12
    24b2:	3d 09       	sbc	r19, r13
    24b4:	a4 2f       	mov	r26, r20
    24b6:	b0 e0       	ldi	r27, 0x00	; 0
    24b8:	0e 94 04 21 	call	0x4208	; 0x4208 <__umulhisi3>
    24bc:	67 2f       	mov	r22, r23
    24be:	78 2f       	mov	r23, r24
    24c0:	96 01       	movw	r18, r12
    24c2:	26 0f       	add	r18, r22
    24c4:	37 1f       	adc	r19, r23
    24c6:	a8 e0       	ldi	r26, 0x08	; 8
    24c8:	b1 e0       	ldi	r27, 0x01	; 1
    24ca:	0e 94 04 21 	call	0x4208	; 0x4208 <__umulhisi3>
    24ce:	9b 01       	movw	r18, r22
    24d0:	ac 01       	movw	r20, r24
    24d2:	20 58       	subi	r18, 0x80	; 128
    24d4:	3f 4f       	sbci	r19, 0xFF	; 255
    24d6:	4f 4f       	sbci	r20, 0xFF	; 255
    24d8:	5f 4f       	sbci	r21, 0xFF	; 255
    24da:	23 2f       	mov	r18, r19
    24dc:	34 2f       	mov	r19, r20
    24de:	45 2f       	mov	r20, r21
    24e0:	50 e0       	ldi	r21, 0x00	; 0
    24e2:	a8 cf       	rjmp	.-176    	; 0x2434 <.L40>

000024e4 <.L42>:
    24e4:	10 92 54 04 	sts	0x0454, r1	; 0x800454 <i_avg>
    24e8:	20 58       	subi	r18, 0x80	; 128
    24ea:	3f 4f       	sbci	r19, 0xFF	; 255
    24ec:	4f 4f       	sbci	r20, 0xFF	; 255
    24ee:	30 93 55 04 	sts	0x0455, r19	; 0x800455 <TCtemperature>
    24f2:	40 93 56 04 	sts	0x0456, r20	; 0x800456 <TCtemperature+0x1>
    24f6:	81 e0       	ldi	r24, 0x01	; 1
    24f8:	ba cf       	rjmp	.-140    	; 0x246e <.L28>

000024fa <.L52>:
    24fa:	30 e0       	ldi	r19, 0x00	; 0
    24fc:	40 e0       	ldi	r20, 0x00	; 0
    24fe:	50 e0       	ldi	r21, 0x00	; 0
    2500:	bc 01       	movw	r22, r24
    2502:	cd 01       	movw	r24, r26
    2504:	0e 94 13 21 	call	0x4226	; 0x4226 <__udivmodsi4>
    2508:	80 cf       	rjmp	.-256    	; 0x240a <.L30>

0000250a <.L33>:
    250a:	03 30       	cpi	r16, 0x03	; 3
    250c:	11 05       	cpc	r17, r1
    250e:	21 05       	cpc	r18, r1
    2510:	31 05       	cpc	r19, r1
    2512:	64 f4       	brge	.+24     	; 0x252c <.L55>
    2514:	41 15       	cp	r20, r1
    2516:	51 05       	cpc	r21, r1
    2518:	61 05       	cpc	r22, r1
    251a:	71 05       	cpc	r23, r1
    251c:	59 f1       	breq	.+86     	; 0x2574 <.L37>
    251e:	54 f1       	brlt	.+84     	; 0x2574 <.L37>
    2520:	04 e0       	ldi	r16, 0x04	; 4
    2522:	10 e0       	ldi	r17, 0x00	; 0
    2524:	20 e0       	ldi	r18, 0x00	; 0
    2526:	30 e0       	ldi	r19, 0x00	; 0
    2528:	e3 e0       	ldi	r30, 0x03	; 3
    252a:	4a cf       	rjmp	.-364    	; 0x23c0 <.L34>

0000252c <.L55>:
    252c:	02 e0       	ldi	r16, 0x02	; 2
    252e:	10 e0       	ldi	r17, 0x00	; 0
    2530:	20 e0       	ldi	r18, 0x00	; 0
    2532:	30 e0       	ldi	r19, 0x00	; 0
    2534:	e2 e0       	ldi	r30, 0x02	; 2
    2536:	14 16       	cp	r1, r20
    2538:	15 06       	cpc	r1, r21
    253a:	16 06       	cpc	r1, r22
    253c:	17 06       	cpc	r1, r23
    253e:	0c f4       	brge	.+2      	; 0x2542 <.L35>

00002540 <L0^A>:
    2540:	3f cf       	rjmp	.-386    	; 0x23c0 <.L34>

00002542 <.L35>:
    2542:	40 1b       	sub	r20, r16
    2544:	51 0b       	sbc	r21, r17
    2546:	62 0b       	sbc	r22, r18
    2548:	73 0b       	sbc	r23, r19
    254a:	04 c0       	rjmp	.+8      	; 0x2554 <.L2^B4>

0000254c <.L1^B6>:
    254c:	75 95       	asr	r23
    254e:	67 95       	ror	r22
    2550:	57 95       	ror	r21
    2552:	47 95       	ror	r20

00002554 <.L2^B4>:
    2554:	ea 95       	dec	r30
    2556:	d2 f7       	brpl	.-12     	; 0x254c <.L1^B6>
    2558:	84 0f       	add	r24, r20
    255a:	95 1f       	adc	r25, r21
    255c:	a6 1f       	adc	r26, r22
    255e:	b7 1f       	adc	r27, r23
    2560:	80 93 4a 04 	sts	0x044A, r24	; 0x80044a <ema.0>
    2564:	90 93 4b 04 	sts	0x044B, r25	; 0x80044b <ema.0+0x1>
    2568:	a0 93 4c 04 	sts	0x044C, r26	; 0x80044c <ema.0+0x2>
    256c:	b0 93 4d 04 	sts	0x044D, r27	; 0x80044d <ema.0+0x3>
    2570:	9c 01       	movw	r18, r24
    2572:	4b cf       	rjmp	.-362    	; 0x240a <.L30>

00002574 <.L37>:
    2574:	09 f4       	brne	.+2      	; 0x2578 <L0^A+0x2>

00002576 <L0^A>:
    2576:	3b cf       	rjmp	.-394    	; 0x23ee <.L38>
    2578:	04 e0       	ldi	r16, 0x04	; 4
    257a:	10 e0       	ldi	r17, 0x00	; 0
    257c:	20 e0       	ldi	r18, 0x00	; 0
    257e:	30 e0       	ldi	r19, 0x00	; 0
    2580:	e3 e0       	ldi	r30, 0x03	; 3
    2582:	df cf       	rjmp	.-66     	; 0x2542 <.L35>

00002584 <temperature_format_temperature_3digits>:
    2584:	0f 93       	push	r16
    2586:	1f 93       	push	r17
    2588:	cf 93       	push	r28
    258a:	df 93       	push	r29
    258c:	8c 01       	movw	r16, r24
    258e:	eb 01       	movw	r28, r22
    2590:	44 e0       	ldi	r20, 0x04	; 4
    2592:	60 e0       	ldi	r22, 0x00	; 0
    2594:	ce 01       	movw	r24, r28
    2596:	0e 94 ff 13 	call	0x27fe	; 0x27fe <disp7s_blank_displays>
    259a:	0f 3f       	cpi	r16, 0xFF	; 255
    259c:	10 07       	cpc	r17, r16
    259e:	09 f1       	breq	.+66     	; 0x25e2 <.L60>
    25a0:	08 3e       	cpi	r16, 0xE8	; 232
    25a2:	83 e0       	ldi	r24, 0x03	; 3
    25a4:	18 07       	cpc	r17, r24
    25a6:	74 f0       	brlt	.+28     	; 0x25c4 <.L59>
    25a8:	8b e1       	ldi	r24, 0x1B	; 27
    25aa:	88 83       	st	Y, r24
    25ac:	8b e0       	ldi	r24, 0x0B	; 11
    25ae:	89 83       	std	Y+1, r24	; 0x01
    25b0:	89 e3       	ldi	r24, 0x39	; 57
    25b2:	8a 83       	std	Y+2, r24	; 0x02
    25b4:	ce 01       	movw	r24, r28
    25b6:	02 96       	adiw	r24, 0x02	; 2
    25b8:	df 91       	pop	r29
    25ba:	cf 91       	pop	r28
    25bc:	1f 91       	pop	r17
    25be:	0f 91       	pop	r16
    25c0:	0c 94 d7 13 	jmp	0x27ae	; 0x27ae <disp7s_fix_upsidedown_display>

000025c4 <.L59>:
    25c4:	43 e0       	ldi	r20, 0x03	; 3
    25c6:	be 01       	movw	r22, r28
    25c8:	c8 01       	movw	r24, r16
    25ca:	0e 94 59 14 	call	0x28b2	; 0x28b2 <integer_to_arraybcd_msb_lsb_paddingleft_blank>
    25ce:	80 ef       	ldi	r24, 0xF0	; 240
    25d0:	8b 83       	std	Y+3, r24	; 0x03
    25d2:	ce 01       	movw	r24, r28
    25d4:	02 96       	adiw	r24, 0x02	; 2
    25d6:	df 91       	pop	r29
    25d8:	cf 91       	pop	r28
    25da:	1f 91       	pop	r17
    25dc:	0f 91       	pop	r16
    25de:	0c 94 d7 13 	jmp	0x27ae	; 0x27ae <disp7s_fix_upsidedown_display>

000025e2 <.L60>:
    25e2:	87 e1       	ldi	r24, 0x17	; 23
    25e4:	88 83       	st	Y, r24
    25e6:	89 e1       	ldi	r24, 0x19	; 25
    25e8:	89 83       	std	Y+1, r24	; 0x01
    25ea:	ce 01       	movw	r24, r28
    25ec:	02 96       	adiw	r24, 0x02	; 2
    25ee:	df 91       	pop	r29
    25f0:	cf 91       	pop	r28
    25f2:	1f 91       	pop	r17
    25f4:	0f 91       	pop	r16
    25f6:	0c 94 d7 13 	jmp	0x27ae	; 0x27ae <disp7s_fix_upsidedown_display>

000025fa <InitSPI_MASTER>:
    25fa:	87 b3       	in	r24, 0x17	; 23
    25fc:	80 6b       	ori	r24, 0xB0	; 176
    25fe:	87 bb       	out	0x17, r24	; 23
    2600:	87 e1       	ldi	r24, 0x17	; 23
    2602:	8d b9       	out	0x0d, r24	; 13
    2604:	08 95       	ret

00002606 <SPI_MSTR_ExchangeData>:
    2606:	8f b9       	out	0x0f, r24	; 15

00002608 <.L4>:
    2608:	77 9b       	sbis	0x0e, 7	; 14
    260a:	fe cf       	rjmp	.-4      	; 0x2608 <.L4>
    260c:	8f b1       	in	r24, 0x0f	; 15
    260e:	08 95       	ret

00002610 <MAX6675_getFloatTmprCelsius>:
    2610:	cf 93       	push	r28
    2612:	df 93       	push	r29
    2614:	00 d0       	rcall	.+0      	; 0x2616 <L0^A>

00002616 <L0^A>:
    2616:	cd b7       	in	r28, 0x3d	; 61
    2618:	de b7       	in	r29, 0x3e	; 62
    261a:	97 98       	cbi	0x12, 7	; 18
    261c:	25 e0       	ldi	r18, 0x05	; 5

0000261e <.L1^B1>:
    261e:	2a 95       	dec	r18
    2620:	f1 f7       	brne	.-4      	; 0x261e <.L1^B1>
    2622:	00 00       	nop
    2624:	80 e0       	ldi	r24, 0x00	; 0
    2626:	0e 94 03 13 	call	0x2606	; 0x2606 <SPI_MSTR_ExchangeData>
    262a:	89 83       	std	Y+1, r24	; 0x01
    262c:	80 e0       	ldi	r24, 0x00	; 0
    262e:	0e 94 03 13 	call	0x2606	; 0x2606 <SPI_MSTR_ExchangeData>
    2632:	3a e1       	ldi	r19, 0x1A	; 26

00002634 <.L1^B2>:
    2634:	3a 95       	dec	r19
    2636:	f1 f7       	brne	.-4      	; 0x2634 <.L1^B2>
    2638:	00 c0       	rjmp	.+0      	; 0x263a <L0^A>

0000263a <L0^A>:
    263a:	97 9a       	sbi	0x12, 7	; 18
    263c:	82 fd       	sbrc	r24, 2
    263e:	27 c0       	rjmp	.+78     	; 0x268e <.L3>
    2640:	28 2f       	mov	r18, r24
    2642:	99 81       	ldd	r25, Y+1	; 0x01
    2644:	39 2f       	mov	r19, r25
    2646:	b9 01       	movw	r22, r18
    2648:	76 95       	lsr	r23
    264a:	67 95       	ror	r22
    264c:	76 95       	lsr	r23
    264e:	67 95       	ror	r22
    2650:	76 95       	lsr	r23
    2652:	67 95       	ror	r22
    2654:	80 e0       	ldi	r24, 0x00	; 0
    2656:	90 e0       	ldi	r25, 0x00	; 0
    2658:	0e 94 73 22 	call	0x44e6	; 0x44e6 <__floatunsisf>
    265c:	20 e0       	ldi	r18, 0x00	; 0
    265e:	30 ef       	ldi	r19, 0xF0	; 240
    2660:	4f e7       	ldi	r20, 0x7F	; 127
    2662:	54 e4       	ldi	r21, 0x44	; 68
    2664:	0e 94 25 23 	call	0x464a	; 0x464a <__mulsf3>
    2668:	20 e0       	ldi	r18, 0x00	; 0
    266a:	30 ef       	ldi	r19, 0xF0	; 240
    266c:	4f e7       	ldi	r20, 0x7F	; 127
    266e:	55 e4       	ldi	r21, 0x45	; 69
    2670:	0e 94 d1 21 	call	0x43a2	; 0x43a2 <__divsf3>
    2674:	56 2f       	mov	r21, r22
    2676:	47 2f       	mov	r20, r23
    2678:	38 2f       	mov	r19, r24
    267a:	29 2f       	mov	r18, r25

0000267c <.L1>:
    267c:	65 2f       	mov	r22, r21
    267e:	74 2f       	mov	r23, r20
    2680:	83 2f       	mov	r24, r19
    2682:	92 2f       	mov	r25, r18
    2684:	0f 90       	pop	r0
    2686:	0f 90       	pop	r0
    2688:	df 91       	pop	r29
    268a:	cf 91       	pop	r28
    268c:	08 95       	ret

0000268e <.L3>:
    268e:	40 e0       	ldi	r20, 0x00	; 0
    2690:	50 e0       	ldi	r21, 0x00	; 0
    2692:	2f eb       	ldi	r18, 0xBF	; 191
    2694:	30 e8       	ldi	r19, 0x80	; 128
    2696:	f2 cf       	rjmp	.-28     	; 0x267c <.L1>

00002698 <MAX6675_get12bitsTemp>:
    2698:	cf 93       	push	r28
    269a:	df 93       	push	r29
    269c:	00 d0       	rcall	.+0      	; 0x269e <L0^A>

0000269e <L0^A>:
    269e:	0f 92       	push	r0
    26a0:	cd b7       	in	r28, 0x3d	; 61
    26a2:	de b7       	in	r29, 0x3e	; 62
    26a4:	97 98       	cbi	0x12, 7	; 18
    26a6:	25 e0       	ldi	r18, 0x05	; 5

000026a8 <.L1^B3>:
    26a8:	2a 95       	dec	r18
    26aa:	f1 f7       	brne	.-4      	; 0x26a8 <.L1^B3>
    26ac:	00 00       	nop
    26ae:	88 27       	eor	r24, r24
    26b0:	b5 99       	sbic	0x16, 5	; 22
    26b2:	83 95       	inc	r24
    26b4:	81 95       	neg	r24
    26b6:	89 83       	std	Y+1, r24	; 0x01
    26b8:	6e 9a       	sbi	0x0d, 6	; 13
    26ba:	89 81       	ldd	r24, Y+1	; 0x01
    26bc:	0e 94 03 13 	call	0x2606	; 0x2606 <SPI_MSTR_ExchangeData>
    26c0:	8a 83       	std	Y+2, r24	; 0x02
    26c2:	89 81       	ldd	r24, Y+1	; 0x01
    26c4:	0e 94 03 13 	call	0x2606	; 0x2606 <SPI_MSTR_ExchangeData>
    26c8:	9a e1       	ldi	r25, 0x1A	; 26

000026ca <.L1^B4>:
    26ca:	9a 95       	dec	r25
    26cc:	f1 f7       	brne	.-4      	; 0x26ca <.L1^B4>
    26ce:	00 c0       	rjmp	.+0      	; 0x26d0 <L0^A>

000026d0 <L0^A>:
    26d0:	6e 98       	cbi	0x0d, 6	; 13
    26d2:	97 9a       	sbi	0x12, 7	; 18
    26d4:	82 fd       	sbrc	r24, 2
    26d6:	0e c0       	rjmp	.+28     	; 0x26f4 <.L7>
    26d8:	2a 81       	ldd	r18, Y+2	; 0x02
    26da:	92 2f       	mov	r25, r18
    26dc:	96 95       	lsr	r25
    26de:	87 95       	ror	r24
    26e0:	96 95       	lsr	r25
    26e2:	87 95       	ror	r24
    26e4:	96 95       	lsr	r25
    26e6:	87 95       	ror	r24
    26e8:	0f 90       	pop	r0
    26ea:	0f 90       	pop	r0
    26ec:	0f 90       	pop	r0
    26ee:	df 91       	pop	r29
    26f0:	cf 91       	pop	r28
    26f2:	08 95       	ret

000026f4 <.L7>:
    26f4:	8f ef       	ldi	r24, 0xFF	; 255
    26f6:	9f ef       	ldi	r25, 0xFF	; 255
    26f8:	0f 90       	pop	r0
    26fa:	0f 90       	pop	r0
    26fc:	0f 90       	pop	r0
    26fe:	df 91       	pop	r29
    2700:	cf 91       	pop	r28
    2702:	08 95       	ret

00002704 <disp7s_setup>:
    2704:	80 93 5e 04 	sts	0x045E, r24	; 0x80045e <disp7s_num_total>
    2708:	60 93 5c 04 	sts	0x045C, r22	; 0x80045c <PORTWxDISPLAY7S_DATA>
    270c:	70 93 5d 04 	sts	0x045D, r23	; 0x80045d <PORTWxDISPLAY7S_DATA+0x1>
    2710:	40 93 5a 04 	sts	0x045A, r20	; 0x80045a <disp7s_data>
    2714:	50 93 5b 04 	sts	0x045B, r21	; 0x80045b <disp7s_data+0x1>
    2718:	20 93 58 04 	sts	0x0458, r18	; 0x800458 <disp7s_mux>
    271c:	30 93 59 04 	sts	0x0459, r19	; 0x800459 <disp7s_mux+0x1>
    2720:	08 95       	ret

00002722 <disp7s_job>:
    2722:	80 91 57 04 	lds	r24, 0x0457	; 0x800457 <q.0>
    2726:	81 50       	subi	r24, 0x01	; 1
    2728:	1a f4       	brpl	.+6      	; 0x2730 <.L4>
    272a:	80 91 5e 04 	lds	r24, 0x045E	; 0x80045e <disp7s_num_total>
    272e:	81 50       	subi	r24, 0x01	; 1

00002730 <.L4>:
    2730:	24 e0       	ldi	r18, 0x04	; 4
    2732:	82 02       	muls	r24, r18
    2734:	c0 01       	movw	r24, r0
    2736:	11 24       	eor	r1, r1
    2738:	e0 91 58 04 	lds	r30, 0x0458	; 0x800458 <disp7s_mux>
    273c:	f0 91 59 04 	lds	r31, 0x0459	; 0x800459 <disp7s_mux+0x1>
    2740:	e8 0f       	add	r30, r24
    2742:	f9 1f       	adc	r31, r25
    2744:	01 90       	ld	r0, Z+
    2746:	f0 81       	ld	r31, Z
    2748:	e0 2d       	mov	r30, r0
    274a:	09 95       	icall
    274c:	80 91 57 04 	lds	r24, 0x0457	; 0x800457 <q.0>
    2750:	98 2f       	mov	r25, r24
    2752:	99 0f       	add	r25, r25
    2754:	99 0b       	sbc	r25, r25
    2756:	a0 91 5c 04 	lds	r26, 0x045C	; 0x80045c <PORTWxDISPLAY7S_DATA>
    275a:	b0 91 5d 04 	lds	r27, 0x045D	; 0x80045d <PORTWxDISPLAY7S_DATA+0x1>
    275e:	e0 91 5a 04 	lds	r30, 0x045A	; 0x80045a <disp7s_data>
    2762:	f0 91 5b 04 	lds	r31, 0x045B	; 0x80045b <disp7s_data+0x1>
    2766:	e8 0f       	add	r30, r24
    2768:	f9 1f       	adc	r31, r25
    276a:	20 81       	ld	r18, Z
    276c:	2c 93       	st	X, r18
    276e:	88 0f       	add	r24, r24
    2770:	99 1f       	adc	r25, r25
    2772:	88 0f       	add	r24, r24
    2774:	99 1f       	adc	r25, r25
    2776:	e0 91 58 04 	lds	r30, 0x0458	; 0x800458 <disp7s_mux>
    277a:	f0 91 59 04 	lds	r31, 0x0459	; 0x800459 <disp7s_mux+0x1>
    277e:	e8 0f       	add	r30, r24
    2780:	f9 1f       	adc	r31, r25
    2782:	02 80       	ldd	r0, Z+2	; 0x02
    2784:	f3 81       	ldd	r31, Z+3	; 0x03
    2786:	e0 2d       	mov	r30, r0
    2788:	09 95       	icall
    278a:	80 91 57 04 	lds	r24, 0x0457	; 0x800457 <q.0>
    278e:	8f 5f       	subi	r24, 0xFF	; 255
    2790:	80 93 57 04 	sts	0x0457, r24	; 0x800457 <q.0>
    2794:	20 91 5e 04 	lds	r18, 0x045E	; 0x80045e <disp7s_num_total>
    2798:	30 e0       	ldi	r19, 0x00	; 0
    279a:	08 2e       	mov	r0, r24
    279c:	00 1c       	adc	r0, r0
    279e:	00 08       	sbc	r0, r0
    27a0:	82 17       	cp	r24, r18
    27a2:	03 06       	cpc	r0, r19
    27a4:	09 f0       	breq	.+2      	; 0x27a8 <.L6>
    27a6:	08 95       	ret

000027a8 <.L6>:
    27a8:	10 92 57 04 	sts	0x0457, r1	; 0x800457 <q.0>
    27ac:	08 95       	ret

000027ae <disp7s_fix_upsidedown_display>:
    27ae:	fc 01       	movw	r30, r24
    27b0:	20 81       	ld	r18, Z
    27b2:	24 fb       	bst	r18, 4
    27b4:	99 27       	eor	r25, r25
    27b6:	92 f9       	bld	r25, 2
    27b8:	22 fb       	bst	r18, 2
    27ba:	88 27       	eor	r24, r24
    27bc:	84 f9       	bld	r24, 4
    27be:	98 2b       	or	r25, r24
    27c0:	2b 7e       	andi	r18, 0xEB	; 235
    27c2:	92 2b       	or	r25, r18
    27c4:	90 83       	st	Z, r25
    27c6:	08 95       	ret

000027c8 <disp7s_fix_all_upsidedown_display>:
    27c8:	90 91 61 04 	lds	r25, 0x0461	; 0x800461 <disp7s_data_array+0x2>
    27cc:	94 fb       	bst	r25, 4
    27ce:	88 27       	eor	r24, r24
    27d0:	82 f9       	bld	r24, 2
    27d2:	92 fb       	bst	r25, 2
    27d4:	22 27       	eor	r18, r18
    27d6:	24 f9       	bld	r18, 4
    27d8:	82 2b       	or	r24, r18
    27da:	9b 7e       	andi	r25, 0xEB	; 235
    27dc:	89 2b       	or	r24, r25
    27de:	80 93 61 04 	sts	0x0461, r24	; 0x800461 <disp7s_data_array+0x2>
    27e2:	90 91 65 04 	lds	r25, 0x0465	; 0x800465 <disp7s_data_array+0x6>
    27e6:	94 fb       	bst	r25, 4
    27e8:	88 27       	eor	r24, r24
    27ea:	82 f9       	bld	r24, 2
    27ec:	92 fb       	bst	r25, 2
    27ee:	22 27       	eor	r18, r18
    27f0:	24 f9       	bld	r18, 4
    27f2:	82 2b       	or	r24, r18
    27f4:	9b 7e       	andi	r25, 0xEB	; 235
    27f6:	89 2b       	or	r24, r25
    27f8:	80 93 65 04 	sts	0x0465, r24	; 0x800465 <disp7s_data_array+0x6>
    27fc:	08 95       	ret

000027fe <disp7s_blank_displays>:
    27fe:	9c 01       	movw	r18, r24
    2800:	14 16       	cp	r1, r20
    2802:	5c f4       	brge	.+22     	; 0x281a <.L4>
    2804:	46 0f       	add	r20, r22

00002806 <.L6>:
    2806:	96 2f       	mov	r25, r22
    2808:	6f 5f       	subi	r22, 0xFF	; 255
    280a:	f9 01       	movw	r30, r18
    280c:	e9 0f       	add	r30, r25
    280e:	f1 1d       	adc	r31, r1
    2810:	97 fd       	sbrc	r25, 7
    2812:	fa 95       	dec	r31
    2814:	10 82       	st	Z, r1
    2816:	64 13       	cpse	r22, r20
    2818:	f6 cf       	rjmp	.-20     	; 0x2806 <.L6>

0000281a <.L4>:
    281a:	08 95       	ret

0000281c <disp7s_update_data_array>:
    281c:	14 16       	cp	r1, r20
    281e:	6c f4       	brge	.+26     	; 0x283a <.L8>
    2820:	dc 01       	movw	r26, r24
    2822:	46 0f       	add	r20, r22

00002824 <.L10>:
    2824:	e6 2f       	mov	r30, r22
    2826:	f6 2f       	mov	r31, r22
    2828:	ff 0f       	add	r31, r31
    282a:	ff 0b       	sbc	r31, r31
    282c:	6f 5f       	subi	r22, 0xFF	; 255
    282e:	8d 91       	ld	r24, X+
    2830:	e1 5a       	subi	r30, 0xA1	; 161
    2832:	fb 4f       	sbci	r31, 0xFB	; 251
    2834:	80 83       	st	Z, r24
    2836:	46 13       	cpse	r20, r22
    2838:	f5 cf       	rjmp	.-22     	; 0x2824 <.L10>

0000283a <.L8>:
    283a:	08 95       	ret

0000283c <disp7s_save_data_array>:
    283c:	fc 01       	movw	r30, r24
    283e:	16 16       	cp	r1, r22
    2840:	7c f5       	brge	.+94     	; 0x28a0 <.L12>
    2842:	86 2f       	mov	r24, r22
    2844:	96 2f       	mov	r25, r22
    2846:	99 0f       	add	r25, r25
    2848:	99 0b       	sbc	r25, r25
    284a:	20 91 5f 04 	lds	r18, 0x045F	; 0x80045f <disp7s_data_array>
    284e:	20 83       	st	Z, r18
    2850:	61 30       	cpi	r22, 0x01	; 1
    2852:	31 f1       	breq	.+76     	; 0x28a0 <.L12>
    2854:	20 91 60 04 	lds	r18, 0x0460	; 0x800460 <disp7s_data_array+0x1>
    2858:	21 83       	std	Z+1, r18	; 0x01
    285a:	82 30       	cpi	r24, 0x02	; 2
    285c:	91 05       	cpc	r25, r1
    285e:	01 f1       	breq	.+64     	; 0x28a0 <.L12>
    2860:	20 91 61 04 	lds	r18, 0x0461	; 0x800461 <disp7s_data_array+0x2>
    2864:	22 83       	std	Z+2, r18	; 0x02
    2866:	83 30       	cpi	r24, 0x03	; 3
    2868:	91 05       	cpc	r25, r1
    286a:	d1 f0       	breq	.+52     	; 0x28a0 <.L12>
    286c:	20 91 62 04 	lds	r18, 0x0462	; 0x800462 <disp7s_data_array+0x3>
    2870:	23 83       	std	Z+3, r18	; 0x03
    2872:	84 30       	cpi	r24, 0x04	; 4
    2874:	91 05       	cpc	r25, r1
    2876:	a1 f0       	breq	.+40     	; 0x28a0 <.L12>
    2878:	20 91 63 04 	lds	r18, 0x0463	; 0x800463 <disp7s_data_array+0x4>
    287c:	24 83       	std	Z+4, r18	; 0x04
    287e:	85 30       	cpi	r24, 0x05	; 5
    2880:	91 05       	cpc	r25, r1
    2882:	71 f0       	breq	.+28     	; 0x28a0 <.L12>
    2884:	20 91 64 04 	lds	r18, 0x0464	; 0x800464 <disp7s_data_array+0x5>
    2888:	25 83       	std	Z+5, r18	; 0x05
    288a:	86 30       	cpi	r24, 0x06	; 6
    288c:	91 05       	cpc	r25, r1
    288e:	41 f0       	breq	.+16     	; 0x28a0 <.L12>
    2890:	20 91 65 04 	lds	r18, 0x0465	; 0x800465 <disp7s_data_array+0x6>
    2894:	26 83       	std	Z+6, r18	; 0x06
    2896:	07 97       	sbiw	r24, 0x07	; 7
    2898:	19 f0       	breq	.+6      	; 0x28a0 <.L12>
    289a:	80 91 66 04 	lds	r24, 0x0466	; 0x800466 <disp7s_data_array+0x7>
    289e:	87 83       	std	Z+7, r24	; 0x07

000028a0 <.L12>:
    28a0:	08 95       	ret

000028a2 <disp7s_clear_all>:
    28a2:	ef e5       	ldi	r30, 0x5F	; 95
    28a4:	f4 e0       	ldi	r31, 0x04	; 4
    28a6:	88 e0       	ldi	r24, 0x08	; 8
    28a8:	df 01       	movw	r26, r30

000028aa <.L0^B1>:
    28aa:	1d 92       	st	X+, r1
    28ac:	8a 95       	dec	r24
    28ae:	e9 f7       	brne	.-6      	; 0x28aa <.L0^B1>
    28b0:	08 95       	ret

000028b2 <integer_to_arraybcd_msb_lsb_paddingleft_blank>:
    28b2:	ef 92       	push	r14
    28b4:	ff 92       	push	r15
    28b6:	0f 93       	push	r16
    28b8:	1f 93       	push	r17
    28ba:	cf 93       	push	r28
    28bc:	df 93       	push	r29
    28be:	cd b7       	in	r28, 0x3d	; 61
    28c0:	de b7       	in	r29, 0x3e	; 62
    28c2:	2c 97       	sbiw	r28, 0x0c	; 12
    28c4:	0f b6       	in	r0, 0x3f	; 63
    28c6:	f8 94       	cli
    28c8:	de bf       	out	0x3e, r29	; 62
    28ca:	0f be       	out	0x3f, r0	; 63
    28cc:	cd bf       	out	0x3d, r28	; 61
    28ce:	8b 87       	std	Y+11, r24	; 0x0b
    28d0:	9c 87       	std	Y+12, r25	; 0x0c
    28d2:	7b 01       	movw	r14, r22
    28d4:	04 2f       	mov	r16, r20
    28d6:	14 2f       	mov	r17, r20
    28d8:	11 0f       	add	r17, r17
    28da:	11 0b       	sbc	r17, r17
    28dc:	14 16       	cp	r1, r20
    28de:	34 f4       	brge	.+12     	; 0x28ec <.L38>
    28e0:	a8 01       	movw	r20, r16
    28e2:	60 e0       	ldi	r22, 0x00	; 0
    28e4:	70 e0       	ldi	r23, 0x00	; 0
    28e6:	c7 01       	movw	r24, r14
    28e8:	0e 94 a4 23 	call	0x4748	; 0x4748 <memset>

000028ec <.L38>:
    28ec:	be 01       	movw	r22, r28
    28ee:	6f 5f       	subi	r22, 0xFF	; 255
    28f0:	7f 4f       	sbci	r23, 0xFF	; 255
    28f2:	8b 85       	ldd	r24, Y+11	; 0x0b
    28f4:	9c 85       	ldd	r25, Y+12	; 0x0c
    28f6:	0e 94 49 00 	call	0x92	; 0x92 <integer_to_arraybcd_msb_lsb>
    28fa:	18 16       	cp	r1, r24
    28fc:	19 06       	cpc	r1, r25
    28fe:	0c f0       	brlt	.+2      	; 0x2902 <L0^A+0x2>

00002900 <L0^A>:
    2900:	5d c0       	rjmp	.+186    	; 0x29bc <.L37>
    2902:	08 1b       	sub	r16, r24
    2904:	19 0b       	sbc	r17, r25
    2906:	f7 01       	movw	r30, r14
    2908:	e0 0f       	add	r30, r16
    290a:	f1 1f       	adc	r31, r17
    290c:	a9 81       	ldd	r26, Y+1	; 0x01
    290e:	b0 e0       	ldi	r27, 0x00	; 0
    2910:	a0 54       	subi	r26, 0x40	; 64
    2912:	bd 4f       	sbci	r27, 0xFD	; 253
    2914:	2c 91       	ld	r18, X
    2916:	20 83       	st	Z, r18
    2918:	81 30       	cpi	r24, 0x01	; 1
    291a:	91 05       	cpc	r25, r1
    291c:	09 f4       	brne	.+2      	; 0x2920 <L0^A+0x2>

0000291e <L0^A>:
    291e:	4e c0       	rjmp	.+156    	; 0x29bc <.L37>
    2920:	aa 81       	ldd	r26, Y+2	; 0x02
    2922:	b0 e0       	ldi	r27, 0x00	; 0
    2924:	a0 54       	subi	r26, 0x40	; 64
    2926:	bd 4f       	sbci	r27, 0xFD	; 253
    2928:	2c 91       	ld	r18, X
    292a:	21 83       	std	Z+1, r18	; 0x01
    292c:	82 30       	cpi	r24, 0x02	; 2
    292e:	91 05       	cpc	r25, r1
    2930:	09 f4       	brne	.+2      	; 0x2934 <L0^A+0x2>

00002932 <L0^A>:
    2932:	44 c0       	rjmp	.+136    	; 0x29bc <.L37>
    2934:	ab 81       	ldd	r26, Y+3	; 0x03
    2936:	b0 e0       	ldi	r27, 0x00	; 0
    2938:	a0 54       	subi	r26, 0x40	; 64
    293a:	bd 4f       	sbci	r27, 0xFD	; 253
    293c:	2c 91       	ld	r18, X
    293e:	22 83       	std	Z+2, r18	; 0x02
    2940:	83 30       	cpi	r24, 0x03	; 3
    2942:	91 05       	cpc	r25, r1
    2944:	d9 f1       	breq	.+118    	; 0x29bc <.L37>
    2946:	ac 81       	ldd	r26, Y+4	; 0x04
    2948:	b0 e0       	ldi	r27, 0x00	; 0
    294a:	a0 54       	subi	r26, 0x40	; 64
    294c:	bd 4f       	sbci	r27, 0xFD	; 253
    294e:	2c 91       	ld	r18, X
    2950:	23 83       	std	Z+3, r18	; 0x03
    2952:	84 30       	cpi	r24, 0x04	; 4
    2954:	91 05       	cpc	r25, r1
    2956:	91 f1       	breq	.+100    	; 0x29bc <.L37>
    2958:	ad 81       	ldd	r26, Y+5	; 0x05
    295a:	b0 e0       	ldi	r27, 0x00	; 0
    295c:	a0 54       	subi	r26, 0x40	; 64
    295e:	bd 4f       	sbci	r27, 0xFD	; 253
    2960:	2c 91       	ld	r18, X
    2962:	24 83       	std	Z+4, r18	; 0x04
    2964:	85 30       	cpi	r24, 0x05	; 5
    2966:	91 05       	cpc	r25, r1
    2968:	49 f1       	breq	.+82     	; 0x29bc <.L37>
    296a:	ae 81       	ldd	r26, Y+6	; 0x06
    296c:	b0 e0       	ldi	r27, 0x00	; 0
    296e:	a0 54       	subi	r26, 0x40	; 64
    2970:	bd 4f       	sbci	r27, 0xFD	; 253
    2972:	2c 91       	ld	r18, X
    2974:	25 83       	std	Z+5, r18	; 0x05
    2976:	86 30       	cpi	r24, 0x06	; 6
    2978:	91 05       	cpc	r25, r1
    297a:	01 f1       	breq	.+64     	; 0x29bc <.L37>
    297c:	af 81       	ldd	r26, Y+7	; 0x07
    297e:	b0 e0       	ldi	r27, 0x00	; 0
    2980:	a0 54       	subi	r26, 0x40	; 64
    2982:	bd 4f       	sbci	r27, 0xFD	; 253
    2984:	2c 91       	ld	r18, X
    2986:	26 83       	std	Z+6, r18	; 0x06
    2988:	87 30       	cpi	r24, 0x07	; 7
    298a:	91 05       	cpc	r25, r1
    298c:	b9 f0       	breq	.+46     	; 0x29bc <.L37>
    298e:	a8 85       	ldd	r26, Y+8	; 0x08
    2990:	b0 e0       	ldi	r27, 0x00	; 0
    2992:	a0 54       	subi	r26, 0x40	; 64
    2994:	bd 4f       	sbci	r27, 0xFD	; 253
    2996:	2c 91       	ld	r18, X
    2998:	27 83       	std	Z+7, r18	; 0x07
    299a:	88 30       	cpi	r24, 0x08	; 8
    299c:	91 05       	cpc	r25, r1
    299e:	71 f0       	breq	.+28     	; 0x29bc <.L37>
    29a0:	a9 85       	ldd	r26, Y+9	; 0x09
    29a2:	b0 e0       	ldi	r27, 0x00	; 0
    29a4:	a0 54       	subi	r26, 0x40	; 64
    29a6:	bd 4f       	sbci	r27, 0xFD	; 253
    29a8:	2c 91       	ld	r18, X
    29aa:	20 87       	std	Z+8, r18	; 0x08
    29ac:	09 97       	sbiw	r24, 0x09	; 9
    29ae:	31 f0       	breq	.+12     	; 0x29bc <.L37>
    29b0:	aa 85       	ldd	r26, Y+10	; 0x0a
    29b2:	b0 e0       	ldi	r27, 0x00	; 0
    29b4:	a0 54       	subi	r26, 0x40	; 64
    29b6:	bd 4f       	sbci	r27, 0xFD	; 253
    29b8:	8c 91       	ld	r24, X
    29ba:	81 87       	std	Z+9, r24	; 0x09

000029bc <.L37>:
    29bc:	2c 96       	adiw	r28, 0x0c	; 12
    29be:	0f b6       	in	r0, 0x3f	; 63
    29c0:	f8 94       	cli
    29c2:	de bf       	out	0x3e, r29	; 62
    29c4:	0f be       	out	0x3f, r0	; 63
    29c6:	cd bf       	out	0x3d, r28	; 61
    29c8:	df 91       	pop	r29
    29ca:	cf 91       	pop	r28
    29cc:	1f 91       	pop	r17
    29ce:	0f 91       	pop	r16
    29d0:	ff 90       	pop	r15
    29d2:	ef 90       	pop	r14
    29d4:	08 95       	ret

000029d6 <integer_to_arraybcd_msb_lsb_paddingleft_zeroes>:
    29d6:	ef 92       	push	r14
    29d8:	ff 92       	push	r15
    29da:	1f 93       	push	r17
    29dc:	cf 93       	push	r28
    29de:	df 93       	push	r29
    29e0:	cd b7       	in	r28, 0x3d	; 61
    29e2:	de b7       	in	r29, 0x3e	; 62
    29e4:	2c 97       	sbiw	r28, 0x0c	; 12
    29e6:	0f b6       	in	r0, 0x3f	; 63
    29e8:	f8 94       	cli
    29ea:	de bf       	out	0x3e, r29	; 62
    29ec:	0f be       	out	0x3f, r0	; 63
    29ee:	cd bf       	out	0x3d, r28	; 61
    29f0:	8b 87       	std	Y+11, r24	; 0x0b
    29f2:	9c 87       	std	Y+12, r25	; 0x0c
    29f4:	7b 01       	movw	r14, r22
    29f6:	14 2f       	mov	r17, r20
    29f8:	14 16       	cp	r1, r20
    29fa:	34 f4       	brge	.+12     	; 0x2a08 <.L69>
    29fc:	50 e0       	ldi	r21, 0x00	; 0
    29fe:	6b ee       	ldi	r22, 0xEB	; 235
    2a00:	70 e0       	ldi	r23, 0x00	; 0
    2a02:	c7 01       	movw	r24, r14
    2a04:	0e 94 a4 23 	call	0x4748	; 0x4748 <memset>

00002a08 <.L69>:
    2a08:	be 01       	movw	r22, r28
    2a0a:	6f 5f       	subi	r22, 0xFF	; 255
    2a0c:	7f 4f       	sbci	r23, 0xFF	; 255
    2a0e:	8b 85       	ldd	r24, Y+11	; 0x0b
    2a10:	9c 85       	ldd	r25, Y+12	; 0x0c
    2a12:	0e 94 49 00 	call	0x92	; 0x92 <integer_to_arraybcd_msb_lsb>
    2a16:	18 16       	cp	r1, r24
    2a18:	19 06       	cpc	r1, r25
    2a1a:	0c f0       	brlt	.+2      	; 0x2a1e <L0^A+0x2>

00002a1c <L0^A>:
    2a1c:	60 c0       	rjmp	.+192    	; 0x2ade <.L68>
    2a1e:	41 2f       	mov	r20, r17
    2a20:	11 0f       	add	r17, r17
    2a22:	55 0b       	sbc	r21, r21
    2a24:	48 1b       	sub	r20, r24
    2a26:	59 0b       	sbc	r21, r25
    2a28:	f7 01       	movw	r30, r14
    2a2a:	e4 0f       	add	r30, r20
    2a2c:	f5 1f       	adc	r31, r21
    2a2e:	a9 81       	ldd	r26, Y+1	; 0x01
    2a30:	b0 e0       	ldi	r27, 0x00	; 0
    2a32:	a0 54       	subi	r26, 0x40	; 64
    2a34:	bd 4f       	sbci	r27, 0xFD	; 253
    2a36:	2c 91       	ld	r18, X
    2a38:	20 83       	st	Z, r18
    2a3a:	81 30       	cpi	r24, 0x01	; 1
    2a3c:	91 05       	cpc	r25, r1
    2a3e:	09 f4       	brne	.+2      	; 0x2a42 <L0^A+0x2>

00002a40 <L0^A>:
    2a40:	4e c0       	rjmp	.+156    	; 0x2ade <.L68>
    2a42:	aa 81       	ldd	r26, Y+2	; 0x02
    2a44:	b0 e0       	ldi	r27, 0x00	; 0
    2a46:	a0 54       	subi	r26, 0x40	; 64
    2a48:	bd 4f       	sbci	r27, 0xFD	; 253
    2a4a:	2c 91       	ld	r18, X
    2a4c:	21 83       	std	Z+1, r18	; 0x01
    2a4e:	82 30       	cpi	r24, 0x02	; 2
    2a50:	91 05       	cpc	r25, r1
    2a52:	09 f4       	brne	.+2      	; 0x2a56 <L0^A+0x2>

00002a54 <L0^A>:
    2a54:	44 c0       	rjmp	.+136    	; 0x2ade <.L68>
    2a56:	ab 81       	ldd	r26, Y+3	; 0x03
    2a58:	b0 e0       	ldi	r27, 0x00	; 0
    2a5a:	a0 54       	subi	r26, 0x40	; 64
    2a5c:	bd 4f       	sbci	r27, 0xFD	; 253
    2a5e:	2c 91       	ld	r18, X
    2a60:	22 83       	std	Z+2, r18	; 0x02
    2a62:	83 30       	cpi	r24, 0x03	; 3
    2a64:	91 05       	cpc	r25, r1
    2a66:	d9 f1       	breq	.+118    	; 0x2ade <.L68>
    2a68:	ac 81       	ldd	r26, Y+4	; 0x04
    2a6a:	b0 e0       	ldi	r27, 0x00	; 0
    2a6c:	a0 54       	subi	r26, 0x40	; 64
    2a6e:	bd 4f       	sbci	r27, 0xFD	; 253
    2a70:	2c 91       	ld	r18, X
    2a72:	23 83       	std	Z+3, r18	; 0x03
    2a74:	84 30       	cpi	r24, 0x04	; 4
    2a76:	91 05       	cpc	r25, r1
    2a78:	91 f1       	breq	.+100    	; 0x2ade <.L68>
    2a7a:	ad 81       	ldd	r26, Y+5	; 0x05
    2a7c:	b0 e0       	ldi	r27, 0x00	; 0
    2a7e:	a0 54       	subi	r26, 0x40	; 64
    2a80:	bd 4f       	sbci	r27, 0xFD	; 253
    2a82:	2c 91       	ld	r18, X
    2a84:	24 83       	std	Z+4, r18	; 0x04
    2a86:	85 30       	cpi	r24, 0x05	; 5
    2a88:	91 05       	cpc	r25, r1
    2a8a:	49 f1       	breq	.+82     	; 0x2ade <.L68>
    2a8c:	ae 81       	ldd	r26, Y+6	; 0x06
    2a8e:	b0 e0       	ldi	r27, 0x00	; 0
    2a90:	a0 54       	subi	r26, 0x40	; 64
    2a92:	bd 4f       	sbci	r27, 0xFD	; 253
    2a94:	2c 91       	ld	r18, X
    2a96:	25 83       	std	Z+5, r18	; 0x05
    2a98:	86 30       	cpi	r24, 0x06	; 6
    2a9a:	91 05       	cpc	r25, r1
    2a9c:	01 f1       	breq	.+64     	; 0x2ade <.L68>
    2a9e:	af 81       	ldd	r26, Y+7	; 0x07
    2aa0:	b0 e0       	ldi	r27, 0x00	; 0
    2aa2:	a0 54       	subi	r26, 0x40	; 64
    2aa4:	bd 4f       	sbci	r27, 0xFD	; 253
    2aa6:	2c 91       	ld	r18, X
    2aa8:	26 83       	std	Z+6, r18	; 0x06
    2aaa:	87 30       	cpi	r24, 0x07	; 7
    2aac:	91 05       	cpc	r25, r1
    2aae:	b9 f0       	breq	.+46     	; 0x2ade <.L68>
    2ab0:	a8 85       	ldd	r26, Y+8	; 0x08
    2ab2:	b0 e0       	ldi	r27, 0x00	; 0
    2ab4:	a0 54       	subi	r26, 0x40	; 64
    2ab6:	bd 4f       	sbci	r27, 0xFD	; 253
    2ab8:	2c 91       	ld	r18, X
    2aba:	27 83       	std	Z+7, r18	; 0x07
    2abc:	88 30       	cpi	r24, 0x08	; 8
    2abe:	91 05       	cpc	r25, r1
    2ac0:	71 f0       	breq	.+28     	; 0x2ade <.L68>
    2ac2:	a9 85       	ldd	r26, Y+9	; 0x09
    2ac4:	b0 e0       	ldi	r27, 0x00	; 0
    2ac6:	a0 54       	subi	r26, 0x40	; 64
    2ac8:	bd 4f       	sbci	r27, 0xFD	; 253
    2aca:	2c 91       	ld	r18, X
    2acc:	20 87       	std	Z+8, r18	; 0x08
    2ace:	09 97       	sbiw	r24, 0x09	; 9
    2ad0:	31 f0       	breq	.+12     	; 0x2ade <.L68>
    2ad2:	aa 85       	ldd	r26, Y+10	; 0x0a
    2ad4:	b0 e0       	ldi	r27, 0x00	; 0
    2ad6:	a0 54       	subi	r26, 0x40	; 64
    2ad8:	bd 4f       	sbci	r27, 0xFD	; 253
    2ada:	8c 91       	ld	r24, X
    2adc:	81 87       	std	Z+9, r24	; 0x09

00002ade <.L68>:
    2ade:	2c 96       	adiw	r28, 0x0c	; 12
    2ae0:	0f b6       	in	r0, 0x3f	; 63
    2ae2:	f8 94       	cli
    2ae4:	de bf       	out	0x3e, r29	; 62
    2ae6:	0f be       	out	0x3f, r0	; 63
    2ae8:	cd bf       	out	0x3d, r28	; 61
    2aea:	df 91       	pop	r29
    2aec:	cf 91       	pop	r28
    2aee:	1f 91       	pop	r17
    2af0:	ff 90       	pop	r15
    2af2:	ef 90       	pop	r14
    2af4:	08 95       	ret

00002af6 <disp7s_decimalpoint_on>:
    2af6:	fc 01       	movw	r30, r24
    2af8:	90 81       	ld	r25, Z
    2afa:	94 60       	ori	r25, 0x04	; 4
    2afc:	90 83       	st	Z, r25
    2afe:	08 95       	ret

00002b00 <disp7s_decimalpoint_off>:
    2b00:	fc 01       	movw	r30, r24
    2b02:	90 81       	ld	r25, Z
    2b04:	9b 7f       	andi	r25, 0xFB	; 251
    2b06:	90 83       	st	Z, r25
    2b08:	08 95       	ret

00002b0a <disp7s_mux0_off>:
    2b0a:	95 98       	cbi	0x12, 5	; 18
    2b0c:	08 95       	ret

00002b0e <disp7s_mux0_on>:
    2b0e:	95 9a       	sbi	0x12, 5	; 18
    2b10:	08 95       	ret

00002b12 <disp7s_mux1_off>:
    2b12:	92 98       	cbi	0x12, 2	; 18
    2b14:	08 95       	ret

00002b16 <disp7s_mux1_on>:
    2b16:	92 9a       	sbi	0x12, 2	; 18
    2b18:	08 95       	ret

00002b1a <disp7s_mux2_off>:
    2b1a:	93 98       	cbi	0x12, 3	; 18
    2b1c:	08 95       	ret

00002b1e <disp7s_mux2_on>:
    2b1e:	93 9a       	sbi	0x12, 3	; 18
    2b20:	08 95       	ret

00002b22 <disp7s_mux3_off>:
    2b22:	94 98       	cbi	0x12, 4	; 18
    2b24:	08 95       	ret

00002b26 <disp7s_mux3_on>:
    2b26:	94 9a       	sbi	0x12, 4	; 18
    2b28:	08 95       	ret

00002b2a <disp7s_mux4_off>:
    2b2a:	df 98       	cbi	0x1b, 7	; 27
    2b2c:	08 95       	ret

00002b2e <disp7s_mux4_on>:
    2b2e:	df 9a       	sbi	0x1b, 7	; 27
    2b30:	08 95       	ret

00002b32 <disp7s_mux5_off>:
    2b32:	de 98       	cbi	0x1b, 6	; 27
    2b34:	08 95       	ret

00002b36 <disp7s_mux5_on>:
    2b36:	de 9a       	sbi	0x1b, 6	; 27
    2b38:	08 95       	ret

00002b3a <disp7s_mux6_off>:
    2b3a:	dd 98       	cbi	0x1b, 5	; 27
    2b3c:	08 95       	ret

00002b3e <disp7s_mux6_on>:
    2b3e:	dd 9a       	sbi	0x1b, 5	; 27
    2b40:	08 95       	ret

00002b42 <disp7s_mux7_off>:
    2b42:	dc 98       	cbi	0x1b, 4	; 27
    2b44:	08 95       	ret

00002b46 <disp7s_mux7_on>:
    2b46:	dc 9a       	sbi	0x1b, 4	; 27
    2b48:	08 95       	ret

00002b4a <disp7s_init>:
    2b4a:	cf 93       	push	r28
    2b4c:	df 93       	push	r29
    2b4e:	20 e6       	ldi	r18, 0x60	; 96
    2b50:	30 e0       	ldi	r19, 0x00	; 0
    2b52:	4f e5       	ldi	r20, 0x5F	; 95
    2b54:	54 e0       	ldi	r21, 0x04	; 4
    2b56:	65 e3       	ldi	r22, 0x35	; 53
    2b58:	70 e0       	ldi	r23, 0x00	; 0
    2b5a:	88 e0       	ldi	r24, 0x08	; 8
    2b5c:	0e 94 82 13 	call	0x2704	; 0x2704 <disp7s_setup>
    2b60:	c0 e6       	ldi	r28, 0x60	; 96
    2b62:	d0 e0       	ldi	r29, 0x00	; 0

00002b64 <.L19>:
    2b64:	e8 81       	ld	r30, Y
    2b66:	f9 81       	ldd	r31, Y+1	; 0x01
    2b68:	09 95       	icall
    2b6a:	24 96       	adiw	r28, 0x04	; 4
    2b6c:	80 e0       	ldi	r24, 0x00	; 0
    2b6e:	c0 38       	cpi	r28, 0x80	; 128
    2b70:	d8 07       	cpc	r29, r24
    2b72:	c1 f7       	brne	.-16     	; 0x2b64 <.L19>
    2b74:	8d 9a       	sbi	0x11, 5	; 17
    2b76:	8a 9a       	sbi	0x11, 2	; 17
    2b78:	8b 9a       	sbi	0x11, 3	; 17
    2b7a:	8c 9a       	sbi	0x11, 4	; 17
    2b7c:	d7 9a       	sbi	0x1a, 7	; 26
    2b7e:	d6 9a       	sbi	0x1a, 6	; 26
    2b80:	d5 9a       	sbi	0x1a, 5	; 26
    2b82:	d4 9a       	sbi	0x1a, 4	; 26
    2b84:	84 b3       	in	r24, 0x14	; 20
    2b86:	8f ef       	ldi	r24, 0xFF	; 255
    2b88:	84 bb       	out	0x14, r24	; 20
    2b8a:	df 91       	pop	r29
    2b8c:	cf 91       	pop	r28
    2b8e:	08 95       	ret

00002b90 <mypid0_set>:
    2b90:	24 e6       	ldi	r18, 0x64	; 100
    2b92:	20 93 8e 04 	sts	0x048E, r18	; 0x80048e <mypid0+0x27>
    2b96:	10 92 8f 04 	sts	0x048F, r1	; 0x80048f <mypid0+0x28>
    2b9a:	8a e0       	ldi	r24, 0x0A	; 10
    2b9c:	80 93 77 04 	sts	0x0477, r24	; 0x800477 <mypid0+0x10>
    2ba0:	10 92 78 04 	sts	0x0478, r1	; 0x800478 <mypid0+0x11>
    2ba4:	20 93 73 04 	sts	0x0473, r18	; 0x800473 <mypid0+0xc>
    2ba8:	10 92 74 04 	sts	0x0474, r1	; 0x800474 <mypid0+0xd>
    2bac:	10 92 75 04 	sts	0x0475, r1	; 0x800475 <mypid0+0xe>
    2bb0:	10 92 76 04 	sts	0x0476, r1	; 0x800476 <mypid0+0xf>
    2bb4:	25 e0       	ldi	r18, 0x05	; 5
    2bb6:	20 93 90 04 	sts	0x0490, r18	; 0x800490 <mypid0+0x29>
    2bba:	10 92 91 04 	sts	0x0491, r1	; 0x800491 <mypid0+0x2a>
    2bbe:	22 e3       	ldi	r18, 0x32	; 50
    2bc0:	20 93 92 04 	sts	0x0492, r18	; 0x800492 <mypid0+0x2b>
    2bc4:	10 92 93 04 	sts	0x0493, r1	; 0x800493 <mypid0+0x2c>
    2bc8:	45 e5       	ldi	r20, 0x55	; 85
    2bca:	55 e5       	ldi	r21, 0x55	; 85
    2bcc:	65 e5       	ldi	r22, 0x55	; 85
    2bce:	7f e3       	ldi	r23, 0x3F	; 63
    2bd0:	40 93 79 04 	sts	0x0479, r20	; 0x800479 <mypid0+0x12>
    2bd4:	50 93 7a 04 	sts	0x047A, r21	; 0x80047a <mypid0+0x13>
    2bd8:	60 93 7b 04 	sts	0x047B, r22	; 0x80047b <mypid0+0x14>
    2bdc:	70 93 7c 04 	sts	0x047C, r23	; 0x80047c <mypid0+0x15>
    2be0:	4d ec       	ldi	r20, 0xCD	; 205
    2be2:	5c ec       	ldi	r21, 0xCC	; 204
    2be4:	6c ec       	ldi	r22, 0xCC	; 204
    2be6:	7d e3       	ldi	r23, 0x3D	; 61
    2be8:	40 93 7d 04 	sts	0x047D, r20	; 0x80047d <mypid0+0x16>
    2bec:	50 93 7e 04 	sts	0x047E, r21	; 0x80047e <mypid0+0x17>
    2bf0:	60 93 7f 04 	sts	0x047F, r22	; 0x80047f <mypid0+0x18>
    2bf4:	70 93 80 04 	sts	0x0480, r23	; 0x800480 <mypid0+0x19>
    2bf8:	10 92 81 04 	sts	0x0481, r1	; 0x800481 <mypid0+0x1a>
    2bfc:	10 92 82 04 	sts	0x0482, r1	; 0x800482 <mypid0+0x1b>
    2c00:	10 92 83 04 	sts	0x0483, r1	; 0x800483 <mypid0+0x1c>
    2c04:	10 92 84 04 	sts	0x0484, r1	; 0x800484 <mypid0+0x1d>
    2c08:	10 92 71 04 	sts	0x0471, r1	; 0x800471 <mypid0+0xa>
    2c0c:	10 92 72 04 	sts	0x0472, r1	; 0x800472 <mypid0+0xb>
    2c10:	80 93 6f 04 	sts	0x046F, r24	; 0x80046f <mypid0+0x8>
    2c14:	10 92 70 04 	sts	0x0470, r1	; 0x800470 <mypid0+0x9>
    2c18:	88 e3       	ldi	r24, 0x38	; 56
    2c1a:	80 93 94 04 	sts	0x0494, r24	; 0x800494 <mypid0+0x2d>
    2c1e:	10 92 95 04 	sts	0x0495, r1	; 0x800495 <mypid0+0x2e>
    2c22:	82 e0       	ldi	r24, 0x02	; 2
    2c24:	80 93 96 04 	sts	0x0496, r24	; 0x800496 <mypid0+0x2f>
    2c28:	08 95       	ret

00002c2a <mypid0_adjust_kei_windup>:
    2c2a:	80 91 19 05 	lds	r24, 0x0519	; 0x800519 <tmprture_coccion>
    2c2e:	90 91 1a 05 	lds	r25, 0x051A	; 0x80051a <tmprture_coccion+0x1>
    2c32:	20 91 55 04 	lds	r18, 0x0455	; 0x800455 <TCtemperature>
    2c36:	30 91 56 04 	lds	r19, 0x0456	; 0x800456 <TCtemperature+0x1>
    2c3a:	82 1b       	sub	r24, r18
    2c3c:	93 0b       	sbc	r25, r19
    2c3e:	21 e0       	ldi	r18, 0x01	; 1
    2c40:	86 30       	cpi	r24, 0x06	; 6
    2c42:	91 05       	cpc	r25, r1
    2c44:	0c f0       	brlt	.+2      	; 0x2c48 <.L4>
    2c46:	2a e0       	ldi	r18, 0x0A	; 10

00002c48 <.L4>:
    2c48:	20 93 6f 04 	sts	0x046F, r18	; 0x80046f <mypid0+0x8>
    2c4c:	10 92 70 04 	sts	0x0470, r1	; 0x800470 <mypid0+0x9>
    2c50:	08 95       	ret

00002c52 <kbmode_default>:
    2c52:	0f 93       	push	r16
    2c54:	1f 93       	push	r17
    2c56:	cf 93       	push	r28
    2c58:	df 93       	push	r29
    2c5a:	00 d0       	rcall	.+0      	; 0x2c5c <L0^A>

00002c5c <L0^A>:
    2c5c:	00 d0       	rcall	.+0      	; 0x2c5e <L0^A>

00002c5e <L0^A>:
    2c5e:	00 d0       	rcall	.+0      	; 0x2c60 <L0^A>

00002c60 <L0^A>:
    2c60:	cd b7       	in	r28, 0x3d	; 61
    2c62:	de b7       	in	r29, 0x3e	; 62
    2c64:	8c 01       	movw	r16, r24
    2c66:	86 e0       	ldi	r24, 0x06	; 6
    2c68:	ee e8       	ldi	r30, 0x8E	; 142
    2c6a:	f0 e0       	ldi	r31, 0x00	; 0
    2c6c:	de 01       	movw	r26, r28
    2c6e:	11 96       	adiw	r26, 0x01	; 1

00002c70 <.L0^B1>:
    2c70:	01 90       	ld	r0, Z+
    2c72:	0d 92       	st	X+, r0
    2c74:	8a 95       	dec	r24
    2c76:	e1 f7       	brne	.-8      	; 0x2c70 <.L0^B1>
    2c78:	29 81       	ldd	r18, Y+1	; 0x01
    2c7a:	21 60       	ori	r18, 0x01	; 1
    2c7c:	29 83       	std	Y+1, r18	; 0x01
    2c7e:	3a 81       	ldd	r19, Y+2	; 0x02
    2c80:	4b 81       	ldd	r20, Y+3	; 0x03
    2c82:	5c 81       	ldd	r21, Y+4	; 0x04
    2c84:	6d 81       	ldd	r22, Y+5	; 0x05
    2c86:	7e 81       	ldd	r23, Y+6	; 0x06
    2c88:	f8 01       	movw	r30, r16
    2c8a:	81 81       	ldd	r24, Z+1	; 0x01
    2c8c:	0e 94 85 0a 	call	0x150a	; 0x150a <ikb_setKeyProp>
    2c90:	29 81       	ldd	r18, Y+1	; 0x01
    2c92:	3a 81       	ldd	r19, Y+2	; 0x02
    2c94:	4b 81       	ldd	r20, Y+3	; 0x03
    2c96:	5c 81       	ldd	r21, Y+4	; 0x04
    2c98:	6d 81       	ldd	r22, Y+5	; 0x05
    2c9a:	7e 81       	ldd	r23, Y+6	; 0x06
    2c9c:	f8 01       	movw	r30, r16
    2c9e:	80 81       	ld	r24, Z
    2ca0:	0e 94 85 0a 	call	0x150a	; 0x150a <ikb_setKeyProp>
    2ca4:	29 81       	ldd	r18, Y+1	; 0x01
    2ca6:	2e 7d       	andi	r18, 0xDE	; 222
    2ca8:	20 62       	ori	r18, 0x20	; 32
    2caa:	29 83       	std	Y+1, r18	; 0x01
    2cac:	3a 81       	ldd	r19, Y+2	; 0x02
    2cae:	4b 81       	ldd	r20, Y+3	; 0x03
    2cb0:	5c 81       	ldd	r21, Y+4	; 0x04
    2cb2:	6d 81       	ldd	r22, Y+5	; 0x05
    2cb4:	7e 81       	ldd	r23, Y+6	; 0x06
    2cb6:	f8 01       	movw	r30, r16
    2cb8:	84 81       	ldd	r24, Z+4	; 0x04
    2cba:	0e 94 85 0a 	call	0x150a	; 0x150a <ikb_setKeyProp>
    2cbe:	29 81       	ldd	r18, Y+1	; 0x01
    2cc0:	2c 7d       	andi	r18, 0xDC	; 220
    2cc2:	23 60       	ori	r18, 0x03	; 3
    2cc4:	29 83       	std	Y+1, r18	; 0x01
    2cc6:	8a e0       	ldi	r24, 0x0A	; 10
    2cc8:	38 2f       	mov	r19, r24
    2cca:	8a 83       	std	Y+2, r24	; 0x02
    2ccc:	1b 82       	std	Y+3, r1	; 0x03
    2cce:	82 e0       	ldi	r24, 0x02	; 2
    2cd0:	58 2f       	mov	r21, r24
    2cd2:	8c 83       	std	Y+4, r24	; 0x04
    2cd4:	1d 82       	std	Y+5, r1	; 0x05
    2cd6:	1e 82       	std	Y+6, r1	; 0x06
    2cd8:	40 e0       	ldi	r20, 0x00	; 0
    2cda:	60 e0       	ldi	r22, 0x00	; 0
    2cdc:	70 e0       	ldi	r23, 0x00	; 0
    2cde:	f8 01       	movw	r30, r16
    2ce0:	82 81       	ldd	r24, Z+2	; 0x02
    2ce2:	0e 94 85 0a 	call	0x150a	; 0x150a <ikb_setKeyProp>
    2ce6:	29 81       	ldd	r18, Y+1	; 0x01
    2ce8:	3a 81       	ldd	r19, Y+2	; 0x02
    2cea:	4b 81       	ldd	r20, Y+3	; 0x03
    2cec:	5c 81       	ldd	r21, Y+4	; 0x04
    2cee:	6d 81       	ldd	r22, Y+5	; 0x05
    2cf0:	7e 81       	ldd	r23, Y+6	; 0x06
    2cf2:	f8 01       	movw	r30, r16
    2cf4:	83 81       	ldd	r24, Z+3	; 0x03
    2cf6:	0f 90       	pop	r0
    2cf8:	0f 90       	pop	r0
    2cfa:	0f 90       	pop	r0
    2cfc:	0f 90       	pop	r0
    2cfe:	0f 90       	pop	r0
    2d00:	0f 90       	pop	r0
    2d02:	df 91       	pop	r29
    2d04:	cf 91       	pop	r28
    2d06:	1f 91       	pop	r17
    2d08:	0f 91       	pop	r16
    2d0a:	0c 94 85 0a 	jmp	0x150a	; 0x150a <ikb_setKeyProp>

00002d0e <kbmode_2basket_set_default>:
    2d0e:	83 ea       	ldi	r24, 0xA3	; 163
    2d10:	94 e0       	ldi	r25, 0x04	; 4
    2d12:	0e 94 29 16 	call	0x2c52	; 0x2c52 <kbmode_default>
    2d16:	8d eb       	ldi	r24, 0xBD	; 189
    2d18:	94 e0       	ldi	r25, 0x04	; 4
    2d1a:	0c 94 29 16 	jmp	0x2c52	; 0x2c52 <kbmode_default>

00002d1e <fryer_init>:
    2d1e:	89 e3       	ldi	r24, 0x39	; 57
    2d20:	ee ec       	ldi	r30, 0xCE	; 206
    2d22:	f2 e0       	ldi	r31, 0x02	; 2
    2d24:	af e9       	ldi	r26, 0x9F	; 159
    2d26:	b4 e0       	ldi	r27, 0x04	; 4

00002d28 <.L0^B2>:
    2d28:	01 90       	ld	r0, Z+
    2d2a:	0d 92       	st	X+, r0
    2d2c:	8a 95       	dec	r24
    2d2e:	e1 f7       	brne	.-8      	; 0x2d28 <.L0^B2>
    2d30:	81 e0       	ldi	r24, 0x01	; 1
    2d32:	80 93 a5 04 	sts	0x04A5, r24	; 0x8004a5 <fryer+0x6>
    2d36:	82 e0       	ldi	r24, 0x02	; 2
    2d38:	80 93 a6 04 	sts	0x04A6, r24	; 0x8004a6 <fryer+0x7>
    2d3c:	93 e0       	ldi	r25, 0x03	; 3
    2d3e:	90 93 a7 04 	sts	0x04A7, r25	; 0x8004a7 <fryer+0x8>
    2d42:	86 e0       	ldi	r24, 0x06	; 6
    2d44:	80 93 bd 04 	sts	0x04BD, r24	; 0x8004bd <fryer+0x1e>
    2d48:	84 e0       	ldi	r24, 0x04	; 4
    2d4a:	80 93 bf 04 	sts	0x04BF, r24	; 0x8004bf <fryer+0x20>
    2d4e:	25 e0       	ldi	r18, 0x05	; 5
    2d50:	20 93 c0 04 	sts	0x04C0, r18	; 0x8004c0 <fryer+0x21>
    2d54:	90 93 c1 04 	sts	0x04C1, r25	; 0x8004c1 <fryer+0x22>
    2d58:	80 93 b9 04 	sts	0x04B9, r24	; 0x8004b9 <fryer+0x1a>
    2d5c:	08 95       	ret

00002d5e <ADC_config2temperature>:
    2d5e:	82 e0       	ldi	r24, 0x02	; 2
    2d60:	0e 94 ba 0f 	call	0x1f74	; 0x1f74 <ADC_set_channel>
    2d64:	0e 94 ce 0f 	call	0x1f9c	; 0x1f9c <ADC_enable>
    2d68:	87 e0       	ldi	r24, 0x07	; 7
    2d6a:	0e 94 c9 0f 	call	0x1f92	; 0x1f92 <ADC_set_prescaler>
    2d6e:	81 e0       	ldi	r24, 0x01	; 1
    2d70:	0e 94 c0 0f 	call	0x1f80	; 0x1f80 <ADC_set_reference>
    2d74:	80 e0       	ldi	r24, 0x00	; 0
    2d76:	0e 94 ea 0f 	call	0x1fd4	; 0x1fd4 <ADC_setAutoTrigger_enabled>
    2d7a:	0e 94 d2 0f 	call	0x1fa4	; 0x1fa4 <ADC_setBit_startConversion_On>
    2d7e:	34 9a       	sbi	0x06, 4	; 6

00002d80 <.L10>:
    2d80:	34 9b       	sbis	0x06, 4	; 6
    2d82:	fe cf       	rjmp	.-4      	; 0x2d80 <.L10>
    2d84:	34 9a       	sbi	0x06, 4	; 6
    2d86:	08 95       	ret

00002d88 <ADC_config2termopile>:
    2d88:	80 e0       	ldi	r24, 0x00	; 0
    2d8a:	0e 94 ba 0f 	call	0x1f74	; 0x1f74 <ADC_set_channel>
    2d8e:	0e 94 ce 0f 	call	0x1f9c	; 0x1f9c <ADC_enable>
    2d92:	87 e0       	ldi	r24, 0x07	; 7
    2d94:	0e 94 c9 0f 	call	0x1f92	; 0x1f92 <ADC_set_prescaler>
    2d98:	83 e0       	ldi	r24, 0x03	; 3
    2d9a:	0e 94 c0 0f 	call	0x1f80	; 0x1f80 <ADC_set_reference>
    2d9e:	80 e0       	ldi	r24, 0x00	; 0
    2da0:	0e 94 ea 0f 	call	0x1fd4	; 0x1fd4 <ADC_setAutoTrigger_enabled>
    2da4:	0e 94 d2 0f 	call	0x1fa4	; 0x1fa4 <ADC_setBit_startConversion_On>
    2da8:	34 9a       	sbi	0x06, 4	; 6

00002daa <.L14>:
    2daa:	34 9b       	sbis	0x06, 4	; 6
    2dac:	fe cf       	rjmp	.-4      	; 0x2daa <.L14>
    2dae:	34 9a       	sbi	0x06, 4	; 6
    2db0:	08 95       	ret

00002db2 <main>:
    2db2:	cd b7       	in	r28, 0x3d	; 61
    2db4:	de b7       	in	r29, 0x3e	; 62
    2db6:	62 97       	sbiw	r28, 0x12	; 18
    2db8:	0f b6       	in	r0, 0x3f	; 63
    2dba:	f8 94       	cli
    2dbc:	de bf       	out	0x3e, r29	; 62
    2dbe:	0f be       	out	0x3f, r0	; 63
    2dc0:	cd bf       	out	0x3d, r28	; 61
    2dc2:	0e 94 a5 15 	call	0x2b4a	; 0x2b4a <disp7s_init>
    2dc6:	46 e0       	ldi	r20, 0x06	; 6
    2dc8:	50 e0       	ldi	r21, 0x00	; 0
    2dca:	64 e0       	ldi	r22, 0x04	; 4
    2dcc:	70 e0       	ldi	r23, 0x00	; 0
    2dce:	89 e1       	ldi	r24, 0x19	; 25
    2dd0:	95 e0       	ldi	r25, 0x05	; 5
    2dd2:	0e 94 cc 23 	call	0x4798	; 0x4798 <eeprom_read_block>
    2dd6:	80 91 1f 05 	lds	r24, 0x051F	; 0x80051f <pgrmode>
    2dda:	8e 7f       	andi	r24, 0xFE	; 254
    2ddc:	80 93 1f 05 	sts	0x051F, r24	; 0x80051f <pgrmode>
    2de0:	0e 94 8f 16 	call	0x2d1e	; 0x2d1e <fryer_init>
    2de4:	91 9a       	sbi	0x12, 1	; 18
    2de6:	90 9a       	sbi	0x12, 0	; 18
    2de8:	c3 9a       	sbi	0x18, 3	; 24
    2dea:	96 9a       	sbi	0x12, 6	; 18
    2dec:	d9 9a       	sbi	0x1b, 1	; 27
    2dee:	c0 9a       	sbi	0x18, 0	; 24
    2df0:	db 9a       	sbi	0x1b, 3	; 27
    2df2:	8f e9       	ldi	r24, 0x9F	; 159
    2df4:	9f e0       	ldi	r25, 0x0F	; 15

00002df6 <.L1^B1>:
    2df6:	01 97       	sbiw	r24, 0x01	; 1
    2df8:	f1 f7       	brne	.-4      	; 0x2df6 <.L1^B1>
    2dfa:	00 c0       	rjmp	.+0      	; 0x2dfc <L0^A>

00002dfc <L0^A>:
    2dfc:	00 00       	nop
    2dfe:	0e 94 a8 0a 	call	0x1550	; 0x1550 <ikb_init>
    2e02:	0e 94 a5 06 	call	0xd4a	; 0xd4a <pinGetLevel_init>
    2e06:	c2 98       	cbi	0x18, 2	; 24
    2e08:	ba 9a       	sbi	0x17, 2	; 23
    2e0a:	c1 9a       	sbi	0x18, 1	; 24
    2e0c:	b9 98       	cbi	0x17, 1	; 23
    2e0e:	bd 9a       	sbi	0x17, 5	; 23
    2e10:	65 e0       	ldi	r22, 0x05	; 5
    2e12:	88 e3       	ldi	r24, 0x38	; 56
    2e14:	90 e0       	ldi	r25, 0x00	; 0
    2e16:	0e 94 9e 09 	call	0x133c	; 0x133c <indicator_setPortPin>
    2e1a:	8b e4       	ldi	r24, 0x4B	; 75
    2e1c:	90 e0       	ldi	r25, 0x00	; 0
    2e1e:	0e 94 a4 09 	call	0x1348	; 0x1348 <indicatorTimed_setKSysTickTime_ms>
    2e22:	12 be       	out	0x32, r1	; 50
    2e24:	8b e0       	ldi	r24, 0x0B	; 11
    2e26:	83 bf       	out	0x33, r24	; 51
    2e28:	89 ef       	ldi	r24, 0xF9	; 249
    2e2a:	8c bf       	out	0x3c, r24	; 60
    2e2c:	89 b7       	in	r24, 0x39	; 57
    2e2e:	82 60       	ori	r24, 0x02	; 2
    2e30:	89 bf       	out	0x39, r24	; 57
    2e32:	78 94       	sei
    2e34:	0e 94 c8 15 	call	0x2b90	; 0x2b90 <mypid0_set>
    2e38:	0e 94 51 14 	call	0x28a2	; 0x28a2 <disp7s_clear_all>
    2e3c:	44 e0       	ldi	r20, 0x04	; 4
    2e3e:	50 e0       	ldi	r21, 0x00	; 0
    2e40:	68 e9       	ldi	r22, 0x98	; 152
    2e42:	72 e0       	ldi	r23, 0x02	; 2
    2e44:	ce 01       	movw	r24, r28
    2e46:	01 96       	adiw	r24, 0x01	; 1
    2e48:	0e 94 b4 23 	call	0x4768	; 0x4768 <strncpy>
    2e4c:	44 e0       	ldi	r20, 0x04	; 4
    2e4e:	60 e0       	ldi	r22, 0x00	; 0
    2e50:	ce 01       	movw	r24, r28
    2e52:	01 96       	adiw	r24, 0x01	; 1
    2e54:	0e 94 0e 14 	call	0x281c	; 0x281c <disp7s_update_data_array>
    2e58:	44 e0       	ldi	r20, 0x04	; 4
    2e5a:	50 e0       	ldi	r21, 0x00	; 0
    2e5c:	64 e9       	ldi	r22, 0x94	; 148
    2e5e:	72 e0       	ldi	r23, 0x02	; 2
    2e60:	ce 01       	movw	r24, r28
    2e62:	01 96       	adiw	r24, 0x01	; 1
    2e64:	0e 94 b4 23 	call	0x4768	; 0x4768 <strncpy>
    2e68:	44 e0       	ldi	r20, 0x04	; 4
    2e6a:	64 e0       	ldi	r22, 0x04	; 4
    2e6c:	ce 01       	movw	r24, r28
    2e6e:	01 96       	adiw	r24, 0x01	; 1
    2e70:	0e 94 0e 14 	call	0x281c	; 0x281c <disp7s_update_data_array>
    2e74:	71 2c       	mov	r7, r1
    2e76:	c1 2c       	mov	r12, r1
    2e78:	d1 2c       	mov	r13, r1
    2e7a:	56 01       	movw	r10, r12
    2e7c:	85 01       	movw	r16, r10
    2e7e:	75 01       	movw	r14, r10
    2e80:	e3 94       	inc	r14
    2e82:	80 90 08 03 	lds	r8, 0x0308	; 0x800308 <main_schedule_reset>
    2e86:	90 90 09 03 	lds	r9, 0x0309	; 0x800309 <main_schedule_reset+0x1>
    2e8a:	60 90 07 03 	lds	r6, 0x0307	; 0x800307 <ps_reset>
    2e8e:	22 e0       	ldi	r18, 0x02	; 2
    2e90:	52 2e       	mov	r5, r18
    2e92:	4e 2c       	mov	r4, r14
    2e94:	15 c0       	rjmp	.+42     	; 0x2ec0 <.L54>

00002e96 <.L99>:
    2e96:	90 ff       	sbrs	r25, 0
    2e98:	0c c0       	rjmp	.+24     	; 0x2eb2 <.L20>
    2e9a:	98 eb       	ldi	r25, 0xB8	; 184
    2e9c:	e9 16       	cp	r14, r25
    2e9e:	9b e0       	ldi	r25, 0x0B	; 11
    2ea0:	f9 06       	cpc	r15, r25
    2ea2:	0c f4       	brge	.+2      	; 0x2ea6 <L0^A+0x2>

00002ea4 <L0^A>:
    2ea4:	9e c0       	rjmp	.+316    	; 0x2fe2 <.L60>
    2ea6:	80 64       	ori	r24, 0x40	; 64
    2ea8:	80 93 d9 04 	sts	0x04D9, r24	; 0x8004d9 <main_schedule+0x1>
    2eac:	81 e0       	ldi	r24, 0x01	; 1
    2eae:	e8 2e       	mov	r14, r24
    2eb0:	f1 2c       	mov	r15, r1

00002eb2 <.L20>:
    2eb2:	0e 94 e0 09 	call	0x13c0	; 0x13c0 <indicatorTimed_job>
    2eb6:	80 91 da 04 	lds	r24, 0x04DA	; 0x8004da <mainflag>
    2eba:	8e 7f       	andi	r24, 0xFE	; 254
    2ebc:	80 93 da 04 	sts	0x04DA, r24	; 0x8004da <mainflag>

00002ec0 <.L54>:
    2ec0:	80 91 db 04 	lds	r24, 0x04DB	; 0x8004db <isr_flag>
    2ec4:	80 ff       	sbrs	r24, 0
    2ec6:	0a c0       	rjmp	.+20     	; 0x2edc <.L18>
    2ec8:	80 91 db 04 	lds	r24, 0x04DB	; 0x8004db <isr_flag>
    2ecc:	8e 7f       	andi	r24, 0xFE	; 254
    2ece:	80 93 db 04 	sts	0x04DB, r24	; 0x8004db <isr_flag>
    2ed2:	80 91 da 04 	lds	r24, 0x04DA	; 0x8004da <mainflag>
    2ed6:	81 60       	ori	r24, 0x01	; 1
    2ed8:	80 93 da 04 	sts	0x04DA, r24	; 0x8004da <mainflag>

00002edc <.L18>:
    2edc:	0e 94 91 13 	call	0x2722	; 0x2722 <disp7s_job>
    2ee0:	90 91 da 04 	lds	r25, 0x04DA	; 0x8004da <mainflag>
    2ee4:	80 91 d9 04 	lds	r24, 0x04D9	; 0x8004d9 <main_schedule+0x1>
    2ee8:	86 ff       	sbrs	r24, 6
    2eea:	d5 cf       	rjmp	.-86     	; 0x2e96 <.L99>
    2eec:	71 10       	cpse	r7, r1
    2eee:	4e c0       	rjmp	.+156    	; 0x2f8c <.L21>
    2ef0:	90 fd       	sbrc	r25, 0
    2ef2:	7b c0       	rjmp	.+246    	; 0x2fea <.L22>
    2ef4:	b1 99       	sbic	0x16, 1	; 22
    2ef6:	b9 c0       	rjmp	.+370    	; 0x306a <.L23>
    2ef8:	10 92 47 04 	sts	0x0447, r1	; 0x800447 <e+0x9>

00002efc <.L33>:
    2efc:	85 70       	andi	r24, 0x05	; 5
    2efe:	85 30       	cpi	r24, 0x05	; 5
    2f00:	c1 f6       	brne	.-80     	; 0x2eb2 <.L20>
    2f02:	0e 94 98 0e 	call	0x1d30	; 0x1d30 <error_job>
    2f06:	81 11       	cpse	r24, r1
    2f08:	d4 cf       	rjmp	.-88     	; 0x2eb2 <.L20>
    2f0a:	80 91 d8 04 	lds	r24, 0x04D8	; 0x8004d8 <main_schedule>
    2f0e:	81 30       	cpi	r24, 0x01	; 1
    2f10:	08 f4       	brcc	.+2      	; 0x2f14 <L0^A+0x2>

00002f12 <L0^A>:
    2f12:	05 c1       	rjmp	.+522    	; 0x311e <.L100>
    2f14:	09 f4       	brne	.+2      	; 0x2f18 <L0^A+0x2>

00002f16 <L0^A>:
    2f16:	4d c1       	rjmp	.+666    	; 0x31b2 <.L101>
    2f18:	82 30       	cpi	r24, 0x02	; 2
    2f1a:	09 f4       	brne	.+2      	; 0x2f1e <.L95>

00002f1c <L0^A>:
    2f1c:	4f c1       	rjmp	.+670    	; 0x31bc <.L90>

00002f1e <.L95>:
    2f1e:	80 91 d4 04 	lds	r24, 0x04D4	; 0x8004d4 <fryer+0x35>

00002f22 <.L42>:
    2f22:	82 30       	cpi	r24, 0x02	; 2
    2f24:	08 f4       	brcc	.+2      	; 0x2f28 <L0^A+0x2>

00002f26 <L0^A>:
    2f26:	15 c1       	rjmp	.+554    	; 0x3152 <.L40>
    2f28:	82 30       	cpi	r24, 0x02	; 2
    2f2a:	09 f4       	brne	.+2      	; 0x2f2e <.L45>

00002f2c <L0^A>:
    2f2c:	1c c1       	rjmp	.+568    	; 0x3166 <.L102>

00002f2e <.L45>:
    2f2e:	83 30       	cpi	r24, 0x03	; 3
    2f30:	09 f4       	brne	.+2      	; 0x2f34 <.L49>

00002f32 <L0^A>:
    2f32:	23 c1       	rjmp	.+582    	; 0x317a <.L103>

00002f34 <.L49>:
    2f34:	80 91 d3 04 	lds	r24, 0x04D3	; 0x8004d3 <fryer+0x34>
    2f38:	82 fd       	sbrc	r24, 2
    2f3a:	ee c0       	rjmp	.+476    	; 0x3118 <.L104>

00002f3c <.L52>:
    2f3c:	60 91 19 05 	lds	r22, 0x0519	; 0x800519 <tmprture_coccion>
    2f40:	70 91 1a 05 	lds	r23, 0x051A	; 0x80051a <tmprture_coccion+0x1>
    2f44:	80 91 55 04 	lds	r24, 0x0455	; 0x800455 <TCtemperature>
    2f48:	90 91 56 04 	lds	r25, 0x0456	; 0x800456 <TCtemperature+0x1>
    2f4c:	68 1b       	sub	r22, r24
    2f4e:	79 0b       	sbc	r23, r25
    2f50:	91 e0       	ldi	r25, 0x01	; 1
    2f52:	66 30       	cpi	r22, 0x06	; 6
    2f54:	71 05       	cpc	r23, r1
    2f56:	0c f0       	brlt	.+2      	; 0x2f5a <.L53>
    2f58:	9a e0       	ldi	r25, 0x0A	; 10

00002f5a <.L53>:
    2f5a:	90 93 6f 04 	sts	0x046F, r25	; 0x80046f <mypid0+0x8>
    2f5e:	10 92 70 04 	sts	0x0470, r1	; 0x800470 <mypid0+0x9>
    2f62:	87 e6       	ldi	r24, 0x67	; 103
    2f64:	94 e0       	ldi	r25, 0x04	; 4
    2f66:	0e 94 e2 08 	call	0x11c4	; 0x11c4 <pid_job>
    2f6a:	80 91 da 04 	lds	r24, 0x04DA	; 0x8004da <mainflag>
    2f6e:	80 ff       	sbrs	r24, 0
    2f70:	a0 cf       	rjmp	.-192    	; 0x2eb2 <.L20>
    2f72:	8f ef       	ldi	r24, 0xFF	; 255
    2f74:	a8 1a       	sub	r10, r24
    2f76:	b8 0a       	sbc	r11, r24
    2f78:	94 e1       	ldi	r25, 0x14	; 20
    2f7a:	a9 16       	cp	r10, r25
    2f7c:	b1 04       	cpc	r11, r1
    2f7e:	09 f0       	breq	.+2      	; 0x2f82 <L0^A+0x2>

00002f80 <L0^A>:
    2f80:	98 cf       	rjmp	.-208    	; 0x2eb2 <.L20>
    2f82:	0e 94 2c 0e 	call	0x1c58	; 0x1c58 <ikb_job>
    2f86:	a1 2c       	mov	r10, r1
    2f88:	b1 2c       	mov	r11, r1
    2f8a:	93 cf       	rjmp	.-218    	; 0x2eb2 <.L20>

00002f8c <.L21>:
    2f8c:	91 ff       	sbrs	r25, 1
    2f8e:	1f c0       	rjmp	.+62     	; 0x2fce <.L30>
    2f90:	0e 94 69 11 	call	0x22d2	; 0x22d2 <temperature_job>
    2f94:	81 15       	cp	r24, r1
    2f96:	09 f1       	breq	.+66     	; 0x2fda <.L32>
    2f98:	80 91 d9 04 	lds	r24, 0x04D9	; 0x8004d9 <main_schedule+0x1>
    2f9c:	82 60       	ori	r24, 0x02	; 2
    2f9e:	80 93 d9 04 	sts	0x04D9, r24	; 0x8004d9 <main_schedule+0x1>
    2fa2:	10 92 43 04 	sts	0x0443, r1	; 0x800443 <e+0x5>
    2fa6:	80 91 da 04 	lds	r24, 0x04DA	; 0x8004da <mainflag>
    2faa:	81 70       	andi	r24, 0x01	; 1
    2fac:	71 2c       	mov	r7, r1

00002fae <.L28>:
    2fae:	99 27       	eor	r25, r25
    2fb0:	b1 99       	sbic	0x16, 1	; 22
    2fb2:	93 95       	inc	r25
    2fb4:	90 93 47 04 	sts	0x0447, r25	; 0x800447 <e+0x9>
    2fb8:	81 15       	cp	r24, r1
    2fba:	31 f0       	breq	.+12     	; 0x2fc8 <.L94>

00002fbc <.L57>:
    2fbc:	0f 5f       	subi	r16, 0xFF	; 255
    2fbe:	1f 4f       	sbci	r17, 0xFF	; 255
    2fc0:	04 31       	cpi	r16, 0x14	; 20
    2fc2:	11 05       	cpc	r17, r1
    2fc4:	09 f4       	brne	.+2      	; 0x2fc8 <.L94>

00002fc6 <L0^A>:
    2fc6:	48 c0       	rjmp	.+144    	; 0x3058 <.L89>

00002fc8 <.L94>:
    2fc8:	80 91 d9 04 	lds	r24, 0x04D9	; 0x8004d9 <main_schedule+0x1>
    2fcc:	97 cf       	rjmp	.-210    	; 0x2efc <.L33>

00002fce <.L30>:
    2fce:	0e 94 ed 01 	call	0x3da	; 0x3da <termopile_job>
    2fd2:	77 24       	eor	r7, r7
    2fd4:	73 94       	inc	r7
    2fd6:	81 11       	cpse	r24, r1
    2fd8:	71 2c       	mov	r7, r1

00002fda <.L32>:
    2fda:	80 91 da 04 	lds	r24, 0x04DA	; 0x8004da <mainflag>
    2fde:	81 70       	andi	r24, 0x01	; 1
    2fe0:	e6 cf       	rjmp	.-52     	; 0x2fae <.L28>

00002fe2 <.L60>:
    2fe2:	2f ef       	ldi	r18, 0xFF	; 255
    2fe4:	e2 1a       	sub	r14, r18
    2fe6:	f2 0a       	sbc	r15, r18
    2fe8:	64 cf       	rjmp	.-312    	; 0x2eb2 <.L20>

00002fea <.L22>:
    2fea:	2f ef       	ldi	r18, 0xFF	; 255
    2fec:	c2 1a       	sub	r12, r18
    2fee:	d2 0a       	sbc	r13, r18
    2ff0:	8f e0       	ldi	r24, 0x0F	; 15
    2ff2:	c8 16       	cp	r12, r24
    2ff4:	d1 04       	cpc	r13, r1
    2ff6:	30 f1       	brcs	.+76     	; 0x3044 <.L25>
    2ff8:	84 2d       	mov	r24, r4
    2ffa:	21 e0       	ldi	r18, 0x01	; 1
    2ffc:	91 fd       	sbrc	r25, 1
    2ffe:	82 27       	eor	r24, r18
    3000:	80 fb       	bst	r24, 0
    3002:	91 f9       	bld	r25, 1
    3004:	90 93 da 04 	sts	0x04DA, r25	; 0x8004da <mainflag>
    3008:	91 ff       	sbrs	r25, 1
    300a:	32 c0       	rjmp	.+100    	; 0x3070 <.L26>
    300c:	82 e0       	ldi	r24, 0x02	; 2
    300e:	0e 94 ba 0f 	call	0x1f74	; 0x1f74 <ADC_set_channel>
    3012:	0e 94 ce 0f 	call	0x1f9c	; 0x1f9c <ADC_enable>
    3016:	87 e0       	ldi	r24, 0x07	; 7
    3018:	0e 94 c9 0f 	call	0x1f92	; 0x1f92 <ADC_set_prescaler>
    301c:	81 e0       	ldi	r24, 0x01	; 1
    301e:	0e 94 c0 0f 	call	0x1f80	; 0x1f80 <ADC_set_reference>
    3022:	80 e0       	ldi	r24, 0x00	; 0
    3024:	0e 94 ea 0f 	call	0x1fd4	; 0x1fd4 <ADC_setAutoTrigger_enabled>
    3028:	0e 94 d2 0f 	call	0x1fa4	; 0x1fa4 <ADC_setBit_startConversion_On>
    302c:	34 9a       	sbi	0x06, 4	; 6

0000302e <.L27>:
    302e:	34 9b       	sbis	0x06, 4	; 6
    3030:	fe cf       	rjmp	.-4      	; 0x302e <.L27>
    3032:	34 9a       	sbi	0x06, 4	; 6
    3034:	80 91 da 04 	lds	r24, 0x04DA	; 0x8004da <mainflag>
    3038:	81 70       	andi	r24, 0x01	; 1
    303a:	77 24       	eor	r7, r7
    303c:	73 94       	inc	r7
    303e:	c1 2c       	mov	r12, r1
    3040:	d1 2c       	mov	r13, r1
    3042:	b5 cf       	rjmp	.-150    	; 0x2fae <.L28>

00003044 <.L25>:
    3044:	b1 99       	sbic	0x16, 1	; 22
    3046:	30 c0       	rjmp	.+96     	; 0x30a8 <.L58>
    3048:	10 92 47 04 	sts	0x0447, r1	; 0x800447 <e+0x9>
    304c:	0f 5f       	subi	r16, 0xFF	; 255
    304e:	1f 4f       	sbci	r17, 0xFF	; 255
    3050:	04 31       	cpi	r16, 0x14	; 20
    3052:	11 05       	cpc	r17, r1
    3054:	09 f0       	breq	.+2      	; 0x3058 <.L89>

00003056 <L0^A>:
    3056:	b8 cf       	rjmp	.-144    	; 0x2fc8 <.L94>

00003058 <.L89>:
    3058:	0e 94 c3 06 	call	0xd86	; 0xd86 <pinGetLevel_job>
    305c:	80 91 94 03 	lds	r24, 0x0394	; 0x800394 <pinGetLevel+0x1>
    3060:	83 fd       	sbrc	r24, 3
    3062:	25 c0       	rjmp	.+74     	; 0x30ae <.L105>

00003064 <.L34>:
    3064:	00 e0       	ldi	r16, 0x00	; 0
    3066:	10 e0       	ldi	r17, 0x00	; 0
    3068:	af cf       	rjmp	.-162    	; 0x2fc8 <.L94>

0000306a <.L23>:
    306a:	40 92 47 04 	sts	0x0447, r4	; 0x800447 <e+0x9>
    306e:	46 cf       	rjmp	.-372    	; 0x2efc <.L33>

00003070 <.L26>:
    3070:	80 e0       	ldi	r24, 0x00	; 0
    3072:	0e 94 ba 0f 	call	0x1f74	; 0x1f74 <ADC_set_channel>
    3076:	0e 94 ce 0f 	call	0x1f9c	; 0x1f9c <ADC_enable>
    307a:	87 e0       	ldi	r24, 0x07	; 7
    307c:	0e 94 c9 0f 	call	0x1f92	; 0x1f92 <ADC_set_prescaler>
    3080:	83 e0       	ldi	r24, 0x03	; 3
    3082:	0e 94 c0 0f 	call	0x1f80	; 0x1f80 <ADC_set_reference>
    3086:	80 e0       	ldi	r24, 0x00	; 0
    3088:	0e 94 ea 0f 	call	0x1fd4	; 0x1fd4 <ADC_setAutoTrigger_enabled>
    308c:	0e 94 d2 0f 	call	0x1fa4	; 0x1fa4 <ADC_setBit_startConversion_On>
    3090:	34 9a       	sbi	0x06, 4	; 6

00003092 <.L29>:
    3092:	34 9b       	sbis	0x06, 4	; 6
    3094:	fe cf       	rjmp	.-4      	; 0x3092 <.L29>
    3096:	34 9a       	sbi	0x06, 4	; 6
    3098:	80 91 da 04 	lds	r24, 0x04DA	; 0x8004da <mainflag>
    309c:	81 70       	andi	r24, 0x01	; 1
    309e:	77 24       	eor	r7, r7
    30a0:	73 94       	inc	r7
    30a2:	c1 2c       	mov	r12, r1
    30a4:	d1 2c       	mov	r13, r1
    30a6:	83 cf       	rjmp	.-250    	; 0x2fae <.L28>

000030a8 <.L58>:
    30a8:	40 92 47 04 	sts	0x0447, r4	; 0x800447 <e+0x9>
    30ac:	87 cf       	rjmp	.-242    	; 0x2fbc <.L57>

000030ae <.L105>:
    30ae:	87 7f       	andi	r24, 0xF7	; 247
    30b0:	80 93 94 03 	sts	0x0394, r24	; 0x800394 <pinGetLevel+0x1>
    30b4:	80 91 d9 04 	lds	r24, 0x04D9	; 0x8004d9 <main_schedule+0x1>
    30b8:	84 60       	ori	r24, 0x04	; 4
    30ba:	80 93 d9 04 	sts	0x04D9, r24	; 0x8004d9 <main_schedule+0x1>
    30be:	8b e4       	ldi	r24, 0x4B	; 75
    30c0:	90 e0       	ldi	r25, 0x00	; 0
    30c2:	0e 94 a4 09 	call	0x1348	; 0x1348 <indicatorTimed_setKSysTickTime_ms>
    30c6:	0e 94 a9 09 	call	0x1352	; 0x1352 <indicatorTimed_run>
    30ca:	0e 94 51 14 	call	0x28a2	; 0x28a2 <disp7s_clear_all>
    30ce:	80 91 94 03 	lds	r24, 0x0394	; 0x800394 <pinGetLevel+0x1>
    30d2:	81 fd       	sbrc	r24, 1
    30d4:	a2 c0       	rjmp	.+324    	; 0x321a <.L35>
    30d6:	60 91 19 05 	lds	r22, 0x0519	; 0x800519 <tmprture_coccion>
    30da:	70 91 1a 05 	lds	r23, 0x051A	; 0x80051a <tmprture_coccion+0x1>
    30de:	80 91 55 04 	lds	r24, 0x0455	; 0x800455 <TCtemperature>
    30e2:	90 91 56 04 	lds	r25, 0x0456	; 0x800456 <TCtemperature+0x1>
    30e6:	68 1b       	sub	r22, r24
    30e8:	79 0b       	sbc	r23, r25
    30ea:	81 e0       	ldi	r24, 0x01	; 1
    30ec:	66 30       	cpi	r22, 0x06	; 6
    30ee:	71 05       	cpc	r23, r1
    30f0:	0c f0       	brlt	.+2      	; 0x30f4 <.L36>
    30f2:	8a e0       	ldi	r24, 0x0A	; 10

000030f4 <.L36>:
    30f4:	80 93 6f 04 	sts	0x046F, r24	; 0x80046f <mypid0+0x8>
    30f8:	10 92 70 04 	sts	0x0470, r1	; 0x800470 <mypid0+0x9>
    30fc:	87 e6       	ldi	r24, 0x67	; 103
    30fe:	94 e0       	ldi	r25, 0x04	; 4
    3100:	0e 94 60 07 	call	0xec0	; 0xec0 <pid_find_ktop_ms>
    3104:	87 e6       	ldi	r24, 0x67	; 103
    3106:	94 e0       	ldi	r25, 0x04	; 4
    3108:	0e 94 41 07 	call	0xe82	; 0xe82 <pid_pwm_stablish_levelpin>
    310c:	80 91 d9 04 	lds	r24, 0x04D9	; 0x8004d9 <main_schedule+0x1>
    3110:	81 60       	ori	r24, 0x01	; 1
    3112:	80 93 d9 04 	sts	0x04D9, r24	; 0x8004d9 <main_schedule+0x1>
    3116:	a6 cf       	rjmp	.-180    	; 0x3064 <.L34>

00003118 <.L104>:
    3118:	0e 94 07 1f 	call	0x3e0e	; 0x3e0e <psmode_operative>
    311c:	0f cf       	rjmp	.-482    	; 0x2f3c <.L52>

0000311e <.L100>:
    311e:	83 ea       	ldi	r24, 0xA3	; 163
    3120:	94 e0       	ldi	r25, 0x04	; 4
    3122:	0e 94 29 16 	call	0x2c52	; 0x2c52 <kbmode_default>
    3126:	8d eb       	ldi	r24, 0xBD	; 189
    3128:	94 e0       	ldi	r25, 0x04	; 4
    312a:	0e 94 29 16 	call	0x2c52	; 0x2c52 <kbmode_default>
    312e:	44 e0       	ldi	r20, 0x04	; 4
    3130:	60 e0       	ldi	r22, 0x00	; 0
    3132:	8c ea       	ldi	r24, 0xAC	; 172
    3134:	92 e0       	ldi	r25, 0x02	; 2
    3136:	0e 94 0e 14 	call	0x281c	; 0x281c <disp7s_update_data_array>
    313a:	80 91 d3 04 	lds	r24, 0x04D3	; 0x8004d3 <fryer+0x34>
    313e:	81 60       	ori	r24, 0x01	; 1
    3140:	80 93 d3 04 	sts	0x04D3, r24	; 0x8004d3 <fryer+0x34>
    3144:	10 92 d4 04 	sts	0x04D4, r1	; 0x8004d4 <fryer+0x35>
    3148:	80 91 d8 04 	lds	r24, 0x04D8	; 0x8004d8 <main_schedule>
    314c:	8f 5f       	subi	r24, 0xFF	; 255
    314e:	80 93 d8 04 	sts	0x04D8, r24	; 0x8004d8 <main_schedule>

00003152 <.L40>:
    3152:	83 e0       	ldi	r24, 0x03	; 3
    3154:	0e 94 96 0b 	call	0x172c	; 0x172c <ikb_key_is_ready2read>
    3158:	81 11       	cpse	r24, r1
    315a:	8a c0       	rjmp	.+276    	; 0x3270 <.L106>

0000315c <.L96>:
    315c:	80 91 d4 04 	lds	r24, 0x04D4	; 0x8004d4 <fryer+0x35>
    3160:	82 30       	cpi	r24, 0x02	; 2
    3162:	09 f0       	breq	.+2      	; 0x3166 <.L102>

00003164 <L0^A>:
    3164:	e4 ce       	rjmp	.-568    	; 0x2f2e <.L45>

00003166 <.L102>:
    3166:	0e 94 3f 1f 	call	0x3e7e	; 0x3e7e <psmode_program>
    316a:	81 30       	cpi	r24, 0x01	; 1
    316c:	09 f4       	brne	.+2      	; 0x3170 <.L98>

0000316e <L0^A>:
    316e:	9a c0       	rjmp	.+308    	; 0x32a4 <.L46>

00003170 <.L98>:
    3170:	80 91 d4 04 	lds	r24, 0x04D4	; 0x8004d4 <fryer+0x35>
    3174:	83 30       	cpi	r24, 0x03	; 3
    3176:	09 f0       	breq	.+2      	; 0x317a <.L103>

00003178 <L0^A>:
    3178:	dd ce       	rjmp	.-582    	; 0x2f34 <.L49>

0000317a <.L103>:
    317a:	0e 94 8e 20 	call	0x411c	; 0x411c <psmode_viewTemp>
    317e:	81 30       	cpi	r24, 0x01	; 1
    3180:	09 f0       	breq	.+2      	; 0x3184 <L0^A+0x2>

00003182 <L0^A>:
    3182:	d8 ce       	rjmp	.-592    	; 0x2f34 <.L49>
    3184:	90 91 d3 04 	lds	r25, 0x04D3	; 0x8004d3 <fryer+0x34>
    3188:	90 ff       	sbrs	r25, 0
    318a:	ba c0       	rjmp	.+372    	; 0x3300 <.L51>
    318c:	10 92 d4 04 	sts	0x04D4, r1	; 0x8004d4 <fryer+0x35>
    3190:	83 ea       	ldi	r24, 0xA3	; 163
    3192:	94 e0       	ldi	r25, 0x04	; 4
    3194:	0e 94 29 16 	call	0x2c52	; 0x2c52 <kbmode_default>
    3198:	8d eb       	ldi	r24, 0xBD	; 189
    319a:	94 e0       	ldi	r25, 0x04	; 4
    319c:	0e 94 29 16 	call	0x2c52	; 0x2c52 <kbmode_default>
    31a0:	0e 94 51 14 	call	0x28a2	; 0x28a2 <disp7s_clear_all>
    31a4:	44 e0       	ldi	r20, 0x04	; 4
    31a6:	60 e0       	ldi	r22, 0x00	; 0
    31a8:	8c ea       	ldi	r24, 0xAC	; 172
    31aa:	92 e0       	ldi	r25, 0x02	; 2
    31ac:	0e 94 0e 14 	call	0x281c	; 0x281c <disp7s_update_data_array>
    31b0:	c1 ce       	rjmp	.-638    	; 0x2f34 <.L49>

000031b2 <.L101>:
    31b2:	50 92 d8 04 	sts	0x04D8, r5	; 0x8004d8 <main_schedule>
    31b6:	80 91 d4 04 	lds	r24, 0x04D4	; 0x8004d4 <fryer+0x35>
    31ba:	b3 ce       	rjmp	.-666    	; 0x2f22 <.L42>

000031bc <.L90>:
    31bc:	80 91 d4 04 	lds	r24, 0x04D4	; 0x8004d4 <fryer+0x35>
    31c0:	81 11       	cpse	r24, r1
    31c2:	af ce       	rjmp	.-674    	; 0x2f22 <.L42>
    31c4:	80 91 55 04 	lds	r24, 0x0455	; 0x800455 <TCtemperature>
    31c8:	90 91 56 04 	lds	r25, 0x0456	; 0x800456 <TCtemperature+0x1>
    31cc:	97 fd       	sbrc	r25, 7
    31ce:	c1 cf       	rjmp	.-126    	; 0x3152 <.L40>
    31d0:	88 ee       	ldi	r24, 0xE8	; 232
    31d2:	93 e0       	ldi	r25, 0x03	; 3
    31d4:	0e 94 a4 09 	call	0x1348	; 0x1348 <indicatorTimed_setKSysTickTime_ms>
    31d8:	0e 94 a9 09 	call	0x1352	; 0x1352 <indicatorTimed_run>
    31dc:	80 91 d3 04 	lds	r24, 0x04D3	; 0x8004d3 <fryer+0x34>
    31e0:	8e 7f       	andi	r24, 0xFE	; 254
    31e2:	80 93 d3 04 	sts	0x04D3, r24	; 0x8004d3 <fryer+0x34>
    31e6:	81 e0       	ldi	r24, 0x01	; 1
    31e8:	80 93 d4 04 	sts	0x04D4, r24	; 0x8004d4 <fryer+0x35>
    31ec:	83 ea       	ldi	r24, 0xA3	; 163
    31ee:	94 e0       	ldi	r25, 0x04	; 4
    31f0:	0e 94 29 16 	call	0x2c52	; 0x2c52 <kbmode_default>
    31f4:	10 92 a8 04 	sts	0x04A8, r1	; 0x8004a8 <fryer+0x9>
    31f8:	8d eb       	ldi	r24, 0xBD	; 189
    31fa:	94 e0       	ldi	r25, 0x04	; 4
    31fc:	0e 94 29 16 	call	0x2c52	; 0x2c52 <kbmode_default>
    3200:	10 92 c2 04 	sts	0x04C2, r1	; 0x8004c2 <fryer+0x23>
    3204:	80 91 d3 04 	lds	r24, 0x04D3	; 0x8004d3 <fryer+0x34>
    3208:	84 60       	ori	r24, 0x04	; 4
    320a:	80 93 d3 04 	sts	0x04D3, r24	; 0x8004d3 <fryer+0x34>
    320e:	80 91 d8 04 	lds	r24, 0x04D8	; 0x8004d8 <main_schedule>
    3212:	8f 5f       	subi	r24, 0xFF	; 255
    3214:	80 93 d8 04 	sts	0x04D8, r24	; 0x8004d8 <main_schedule>
    3218:	82 ce       	rjmp	.-764    	; 0x2f1e <.L95>

0000321a <.L35>:
    321a:	80 91 d9 04 	lds	r24, 0x04D9	; 0x8004d9 <main_schedule+0x1>
    321e:	8e 7f       	andi	r24, 0xFE	; 254
    3220:	80 93 d9 04 	sts	0x04D9, r24	; 0x8004d9 <main_schedule+0x1>
    3224:	44 e0       	ldi	r20, 0x04	; 4
    3226:	64 e0       	ldi	r22, 0x04	; 4
    3228:	8c eb       	ldi	r24, 0xBC	; 188
    322a:	92 e0       	ldi	r25, 0x02	; 2
    322c:	0e 94 0e 14 	call	0x281c	; 0x281c <disp7s_update_data_array>
    3230:	60 e0       	ldi	r22, 0x00	; 0
    3232:	87 e6       	ldi	r24, 0x67	; 103
    3234:	94 e0       	ldi	r25, 0x04	; 4
    3236:	0e 94 2d 07 	call	0xe5a	; 0xe5a <pid_pwm_set_pin>
    323a:	0e 94 8f 16 	call	0x2d1e	; 0x2d1e <fryer_init>
    323e:	80 92 d8 04 	sts	0x04D8, r8	; 0x8004d8 <main_schedule>
    3242:	90 92 d9 04 	sts	0x04D9, r9	; 0x8004d9 <main_schedule+0x1>
    3246:	8a e0       	ldi	r24, 0x0A	; 10
    3248:	e4 e3       	ldi	r30, 0x34	; 52
    324a:	f4 e0       	ldi	r31, 0x04	; 4
    324c:	ae e3       	ldi	r26, 0x3E	; 62
    324e:	b4 e0       	ldi	r27, 0x04	; 4

00003250 <.L0^B3>:
    3250:	01 90       	ld	r0, Z+
    3252:	0d 92       	st	X+, r0
    3254:	8a 95       	dec	r24
    3256:	e1 f7       	brne	.-8      	; 0x3250 <.L0^B3>
    3258:	0e 94 ad 09 	call	0x135a	; 0x135a <indicatorTimed_stop>
    325c:	8e e0       	ldi	r24, 0x0E	; 14
    325e:	e0 e8       	ldi	r30, 0x80	; 128
    3260:	f0 e0       	ldi	r31, 0x00	; 0
    3262:	ac e0       	ldi	r26, 0x0C	; 12
    3264:	b3 e0       	ldi	r27, 0x03	; 3

00003266 <.L0^B4>:
    3266:	01 90       	ld	r0, Z+
    3268:	0d 92       	st	X+, r0
    326a:	8a 95       	dec	r24
    326c:	e1 f7       	brne	.-8      	; 0x3266 <.L0^B4>
    326e:	fa ce       	rjmp	.-524    	; 0x3064 <.L34>

00003270 <.L106>:
    3270:	83 e0       	ldi	r24, 0x03	; 3
    3272:	0e 94 aa 0b 	call	0x1754	; 0x1754 <ikb_key_was_read>
    3276:	83 e0       	ldi	r24, 0x03	; 3
    3278:	0e 94 8b 0b 	call	0x1716	; 0x1716 <ikb_get_AtTimeExpired_BeforeOrAfter>
    327c:	81 30       	cpi	r24, 0x01	; 1
    327e:	09 f4       	brne	.+2      	; 0x3282 <L0^A+0x2>

00003280 <L0^A>:
    3280:	54 c0       	rjmp	.+168    	; 0x332a <.L107>
    3282:	83 e0       	ldi	r24, 0x03	; 3
    3284:	80 93 d4 04 	sts	0x04D4, r24	; 0x8004d4 <fryer+0x35>
    3288:	60 92 d7 04 	sts	0x04D7, r6	; 0x8004d7 <fryer+0x38>
    328c:	88 ee       	ldi	r24, 0xE8	; 232
    328e:	93 e0       	ldi	r25, 0x03	; 3
    3290:	0e 94 a4 09 	call	0x1348	; 0x1348 <indicatorTimed_setKSysTickTime_ms>
    3294:	0e 94 a9 09 	call	0x1352	; 0x1352 <indicatorTimed_run>

00003298 <.L97>:
    3298:	68 e0       	ldi	r22, 0x08	; 8
    329a:	ce 01       	movw	r24, r28
    329c:	0b 96       	adiw	r24, 0x0b	; 11
    329e:	0e 94 1e 14 	call	0x283c	; 0x283c <disp7s_save_data_array>
    32a2:	5c cf       	rjmp	.-328    	; 0x315c <.L96>

000032a4 <.L46>:
    32a4:	90 91 d3 04 	lds	r25, 0x04D3	; 0x8004d3 <fryer+0x34>
    32a8:	90 ff       	sbrs	r25, 0
    32aa:	15 c0       	rjmp	.+42     	; 0x32d6 <.L47>
    32ac:	10 92 d4 04 	sts	0x04D4, r1	; 0x8004d4 <fryer+0x35>
    32b0:	83 ea       	ldi	r24, 0xA3	; 163
    32b2:	94 e0       	ldi	r25, 0x04	; 4
    32b4:	0e 94 29 16 	call	0x2c52	; 0x2c52 <kbmode_default>
    32b8:	8d eb       	ldi	r24, 0xBD	; 189
    32ba:	94 e0       	ldi	r25, 0x04	; 4
    32bc:	0e 94 29 16 	call	0x2c52	; 0x2c52 <kbmode_default>
    32c0:	0e 94 51 14 	call	0x28a2	; 0x28a2 <disp7s_clear_all>
    32c4:	44 e0       	ldi	r20, 0x04	; 4
    32c6:	60 e0       	ldi	r22, 0x00	; 0
    32c8:	8c ea       	ldi	r24, 0xAC	; 172
    32ca:	92 e0       	ldi	r25, 0x02	; 2
    32cc:	0e 94 0e 14 	call	0x281c	; 0x281c <disp7s_update_data_array>
    32d0:	80 91 d4 04 	lds	r24, 0x04D4	; 0x8004d4 <fryer+0x35>
    32d4:	2c ce       	rjmp	.-936    	; 0x2f2e <.L45>

000032d6 <.L47>:
    32d6:	80 93 d4 04 	sts	0x04D4, r24	; 0x8004d4 <fryer+0x35>
    32da:	83 ea       	ldi	r24, 0xA3	; 163
    32dc:	94 e0       	ldi	r25, 0x04	; 4
    32de:	0e 94 29 16 	call	0x2c52	; 0x2c52 <kbmode_default>
    32e2:	10 92 a8 04 	sts	0x04A8, r1	; 0x8004a8 <fryer+0x9>
    32e6:	8d eb       	ldi	r24, 0xBD	; 189
    32e8:	94 e0       	ldi	r25, 0x04	; 4
    32ea:	0e 94 29 16 	call	0x2c52	; 0x2c52 <kbmode_default>
    32ee:	10 92 c2 04 	sts	0x04C2, r1	; 0x8004c2 <fryer+0x23>
    32f2:	48 e0       	ldi	r20, 0x08	; 8
    32f4:	60 e0       	ldi	r22, 0x00	; 0
    32f6:	ce 01       	movw	r24, r28
    32f8:	0b 96       	adiw	r24, 0x0b	; 11
    32fa:	0e 94 0e 14 	call	0x281c	; 0x281c <disp7s_update_data_array>
    32fe:	38 cf       	rjmp	.-400    	; 0x3170 <.L98>

00003300 <.L51>:
    3300:	80 93 d4 04 	sts	0x04D4, r24	; 0x8004d4 <fryer+0x35>
    3304:	83 ea       	ldi	r24, 0xA3	; 163
    3306:	94 e0       	ldi	r25, 0x04	; 4
    3308:	0e 94 29 16 	call	0x2c52	; 0x2c52 <kbmode_default>
    330c:	10 92 a8 04 	sts	0x04A8, r1	; 0x8004a8 <fryer+0x9>
    3310:	8d eb       	ldi	r24, 0xBD	; 189
    3312:	94 e0       	ldi	r25, 0x04	; 4
    3314:	0e 94 29 16 	call	0x2c52	; 0x2c52 <kbmode_default>
    3318:	10 92 c2 04 	sts	0x04C2, r1	; 0x8004c2 <fryer+0x23>
    331c:	48 e0       	ldi	r20, 0x08	; 8
    331e:	60 e0       	ldi	r22, 0x00	; 0
    3320:	ce 01       	movw	r24, r28
    3322:	0b 96       	adiw	r24, 0x0b	; 11
    3324:	0e 94 0e 14 	call	0x281c	; 0x281c <disp7s_update_data_array>
    3328:	05 ce       	rjmp	.-1014   	; 0x2f34 <.L49>

0000332a <.L107>:
    332a:	82 e0       	ldi	r24, 0x02	; 2
    332c:	80 93 d4 04 	sts	0x04D4, r24	; 0x8004d4 <fryer+0x35>
    3330:	60 92 d5 04 	sts	0x04D5, r6	; 0x8004d5 <fryer+0x36>
    3334:	88 ee       	ldi	r24, 0xE8	; 232
    3336:	93 e0       	ldi	r25, 0x03	; 3
    3338:	0e 94 a4 09 	call	0x1348	; 0x1348 <indicatorTimed_setKSysTickTime_ms>
    333c:	0e 94 a9 09 	call	0x1352	; 0x1352 <indicatorTimed_run>
    3340:	42 e0       	ldi	r20, 0x02	; 2
    3342:	50 e0       	ldi	r21, 0x00	; 0
    3344:	60 e0       	ldi	r22, 0x00	; 0
    3346:	70 e0       	ldi	r23, 0x00	; 0
    3348:	86 ee       	ldi	r24, 0xE6	; 230
    334a:	94 e0       	ldi	r25, 0x04	; 4
    334c:	0e 94 dc 23 	call	0x47b8	; 0x47b8 <eeprom_update_block>
    3350:	42 e0       	ldi	r20, 0x02	; 2
    3352:	50 e0       	ldi	r21, 0x00	; 0
    3354:	62 e0       	ldi	r22, 0x02	; 2
    3356:	70 e0       	ldi	r23, 0x00	; 0
    3358:	80 e0       	ldi	r24, 0x00	; 0
    335a:	95 e0       	ldi	r25, 0x05	; 5
    335c:	0e 94 dc 23 	call	0x47b8	; 0x47b8 <eeprom_update_block>
    3360:	9b cf       	rjmp	.-202    	; 0x3298 <.L97>

00003362 <__vector_10>:
    3362:	8f 93       	push	r24
    3364:	8f b7       	in	r24, 0x3f	; 63
    3366:	8f 93       	push	r24
    3368:	80 91 db 04 	lds	r24, 0x04DB	; 0x8004db <isr_flag>
    336c:	81 60       	ori	r24, 0x01	; 1
    336e:	80 93 db 04 	sts	0x04DB, r24	; 0x8004db <isr_flag>
    3372:	8f 91       	pop	r24
    3374:	8f bf       	out	0x3f, r24	; 63
    3376:	8f 91       	pop	r24
    3378:	18 95       	reti

0000337a <build_cookCycle_string>:
    337a:	ef 92       	push	r14
    337c:	ff 92       	push	r15
    337e:	0f 93       	push	r16
    3380:	1f 93       	push	r17
    3382:	cf 93       	push	r28
    3384:	df 93       	push	r29
    3386:	00 d0       	rcall	.+0      	; 0x3388 <L0^A>

00003388 <L0^A>:
    3388:	cd b7       	in	r28, 0x3d	; 61
    338a:	de b7       	in	r29, 0x3e	; 62
    338c:	7c 01       	movw	r14, r24
    338e:	8b 01       	movw	r16, r22
    3390:	fc 01       	movw	r30, r24
    3392:	80 81       	ld	r24, Z
    3394:	42 e0       	ldi	r20, 0x02	; 2
    3396:	be 01       	movw	r22, r28
    3398:	6f 5f       	subi	r22, 0xFF	; 255
    339a:	7f 4f       	sbci	r23, 0xFF	; 255
    339c:	98 2f       	mov	r25, r24
    339e:	99 0f       	add	r25, r25
    33a0:	99 0b       	sbc	r25, r25
    33a2:	0e 94 59 14 	call	0x28b2	; 0x28b2 <integer_to_arraybcd_msb_lsb_paddingleft_blank>
    33a6:	8a 81       	ldd	r24, Y+2	; 0x02
    33a8:	99 81       	ldd	r25, Y+1	; 0x01
    33aa:	f8 01       	movw	r30, r16
    33ac:	90 83       	st	Z, r25
    33ae:	81 83       	std	Z+1, r24	; 0x01
    33b0:	f7 01       	movw	r30, r14
    33b2:	81 81       	ldd	r24, Z+1	; 0x01
    33b4:	42 e0       	ldi	r20, 0x02	; 2
    33b6:	be 01       	movw	r22, r28
    33b8:	6f 5f       	subi	r22, 0xFF	; 255
    33ba:	7f 4f       	sbci	r23, 0xFF	; 255
    33bc:	98 2f       	mov	r25, r24
    33be:	99 0f       	add	r25, r25
    33c0:	99 0b       	sbc	r25, r25
    33c2:	0e 94 eb 14 	call	0x29d6	; 0x29d6 <integer_to_arraybcd_msb_lsb_paddingleft_zeroes>
    33c6:	78 01       	movw	r14, r16
    33c8:	f2 e0       	ldi	r31, 0x02	; 2
    33ca:	ef 0e       	add	r14, r31
    33cc:	f1 1c       	adc	r15, r1
    33ce:	8a 81       	ldd	r24, Y+2	; 0x02
    33d0:	99 81       	ldd	r25, Y+1	; 0x01
    33d2:	f8 01       	movw	r30, r16
    33d4:	92 83       	std	Z+2, r25	; 0x02
    33d6:	83 83       	std	Z+3, r24	; 0x03
    33d8:	c8 01       	movw	r24, r16
    33da:	01 96       	adiw	r24, 0x01	; 1
    33dc:	0e 94 7b 15 	call	0x2af6	; 0x2af6 <disp7s_decimalpoint_on>
    33e0:	c7 01       	movw	r24, r14
    33e2:	0e 94 7b 15 	call	0x2af6	; 0x2af6 <disp7s_decimalpoint_on>
    33e6:	c7 01       	movw	r24, r14
    33e8:	0e 94 d7 13 	call	0x27ae	; 0x27ae <disp7s_fix_upsidedown_display>
    33ec:	0f 90       	pop	r0
    33ee:	0f 90       	pop	r0
    33f0:	df 91       	pop	r29
    33f2:	cf 91       	pop	r28
    33f4:	1f 91       	pop	r17
    33f6:	0f 91       	pop	r16
    33f8:	ff 90       	pop	r15
    33fa:	ef 90       	pop	r14
    33fc:	08 95       	ret

000033fe <cookCycle_hotUpdate>:
    33fe:	1f 93       	push	r17
    3400:	cf 93       	push	r28
    3402:	df 93       	push	r29
    3404:	00 d0       	rcall	.+0      	; 0x3406 <L0^A>

00003406 <L0^A>:
    3406:	00 d0       	rcall	.+0      	; 0x3408 <L0^A>

00003408 <L0^A>:
    3408:	00 d0       	rcall	.+0      	; 0x340a <L0^A>

0000340a <L0^A>:
    340a:	cd b7       	in	r28, 0x3d	; 61
    340c:	de b7       	in	r29, 0x3e	; 62
    340e:	4d 83       	std	Y+5, r20	; 0x05
    3410:	5e 83       	std	Y+6, r21	; 0x06
    3412:	dc 01       	movw	r26, r24
    3414:	4d 91       	ld	r20, X+
    3416:	3c e3       	ldi	r19, 0x3C	; 60
    3418:	43 03       	mulsu	r20, r19
    341a:	a0 01       	movw	r20, r0
    341c:	11 24       	eor	r1, r1
    341e:	8c 91       	ld	r24, X
    3420:	48 0f       	add	r20, r24
    3422:	51 1d       	adc	r21, r1
    3424:	87 fd       	sbrc	r24, 7
    3426:	5a 95       	dec	r21
    3428:	fb 01       	movw	r30, r22
    342a:	20 81       	ld	r18, Z
    342c:	23 03       	mulsu	r18, r19
    342e:	c0 01       	movw	r24, r0
    3430:	11 24       	eor	r1, r1
    3432:	21 81       	ldd	r18, Z+1	; 0x01
    3434:	82 0f       	add	r24, r18
    3436:	91 1d       	adc	r25, r1
    3438:	27 fd       	sbrc	r18, 7
    343a:	9a 95       	dec	r25
    343c:	ad 81       	ldd	r26, Y+5	; 0x05
    343e:	be 81       	ldd	r27, Y+6	; 0x06
    3440:	2d 91       	ld	r18, X+
    3442:	23 03       	mulsu	r18, r19
    3444:	90 01       	movw	r18, r0
    3446:	11 24       	eor	r1, r1
    3448:	6c 91       	ld	r22, X
    344a:	26 0f       	add	r18, r22
    344c:	31 1d       	adc	r19, r1
    344e:	67 fd       	sbrc	r22, 7
    3450:	3a 95       	dec	r19
    3452:	82 1b       	sub	r24, r18
    3454:	93 0b       	sbc	r25, r19
    3456:	48 1b       	sub	r20, r24
    3458:	59 0b       	sbc	r21, r25
    345a:	79 f1       	breq	.+94     	; 0x34ba <.L5>
    345c:	72 f1       	brmi	.+92     	; 0x34ba <.L5>
    345e:	ca 01       	movw	r24, r20
    3460:	a5 2f       	mov	r26, r21
    3462:	aa 0f       	add	r26, r26
    3464:	aa 0b       	sbc	r26, r26
    3466:	ba 2f       	mov	r27, r26
    3468:	49 83       	std	Y+1, r20	; 0x01
    346a:	9a 83       	std	Y+2, r25	; 0x02
    346c:	ab 83       	std	Y+3, r26	; 0x03
    346e:	ac 83       	std	Y+4, r26	; 0x04
    3470:	ba 01       	movw	r22, r20
    3472:	cd 01       	movw	r24, r26
    3474:	0e 94 75 22 	call	0x44ea	; 0x44ea <__floatsisf>
    3478:	20 e0       	ldi	r18, 0x00	; 0
    347a:	30 e0       	ldi	r19, 0x00	; 0
    347c:	40 e7       	ldi	r20, 0x70	; 112
    347e:	52 e4       	ldi	r21, 0x42	; 66
    3480:	0e 94 d1 21 	call	0x43a2	; 0x43a2 <__divsf3>
    3484:	0e 94 43 22 	call	0x4486	; 0x4486 <__fixsfsi>
    3488:	16 2f       	mov	r17, r22
    348a:	69 81       	ldd	r22, Y+1	; 0x01
    348c:	7a 81       	ldd	r23, Y+2	; 0x02
    348e:	8b 81       	ldd	r24, Y+3	; 0x03
    3490:	9c 81       	ldd	r25, Y+4	; 0x04
    3492:	2c e3       	ldi	r18, 0x3C	; 60
    3494:	30 e0       	ldi	r19, 0x00	; 0
    3496:	40 e0       	ldi	r20, 0x00	; 0
    3498:	50 e0       	ldi	r21, 0x00	; 0
    349a:	0e 94 35 21 	call	0x426a	; 0x426a <__divmodsi4>

0000349e <.L4>:
    349e:	ad 81       	ldd	r26, Y+5	; 0x05
    34a0:	be 81       	ldd	r27, Y+6	; 0x06
    34a2:	1d 93       	st	X+, r17
    34a4:	6c 93       	st	X, r22
    34a6:	0f 90       	pop	r0
    34a8:	0f 90       	pop	r0
    34aa:	0f 90       	pop	r0
    34ac:	0f 90       	pop	r0
    34ae:	0f 90       	pop	r0
    34b0:	0f 90       	pop	r0
    34b2:	df 91       	pop	r29
    34b4:	cf 91       	pop	r28
    34b6:	1f 91       	pop	r17
    34b8:	08 95       	ret

000034ba <.L5>:
    34ba:	10 e0       	ldi	r17, 0x00	; 0
    34bc:	60 e0       	ldi	r22, 0x00	; 0
    34be:	ef cf       	rjmp	.-34     	; 0x349e <.L4>

000034c0 <psmode_operative_init>:
    34c0:	7f 92       	push	r7
    34c2:	8f 92       	push	r8
    34c4:	9f 92       	push	r9
    34c6:	af 92       	push	r10
    34c8:	bf 92       	push	r11
    34ca:	cf 92       	push	r12
    34cc:	df 92       	push	r13
    34ce:	ef 92       	push	r14
    34d0:	ff 92       	push	r15
    34d2:	0f 93       	push	r16
    34d4:	1f 93       	push	r17
    34d6:	cf 93       	push	r28
    34d8:	df 93       	push	r29
    34da:	cd b7       	in	r28, 0x3d	; 61
    34dc:	de b7       	in	r29, 0x3e	; 62
    34de:	66 97       	sbiw	r28, 0x16	; 22
    34e0:	0f b6       	in	r0, 0x3f	; 63
    34e2:	f8 94       	cli
    34e4:	de bf       	out	0x3e, r29	; 62
    34e6:	0f be       	out	0x3f, r0	; 63
    34e8:	cd bf       	out	0x3d, r28	; 61
    34ea:	0f e9       	ldi	r16, 0x9F	; 159
    34ec:	14 e0       	ldi	r17, 0x04	; 4
    34ee:	80 e0       	ldi	r24, 0x00	; 0
    34f0:	a8 2e       	mov	r10, r24
    34f2:	80 e0       	ldi	r24, 0x00	; 0
    34f4:	b8 2e       	mov	r11, r24
    34f6:	9c ed       	ldi	r25, 0xDC	; 220
    34f8:	c9 2e       	mov	r12, r25
    34fa:	94 e0       	ldi	r25, 0x04	; 4
    34fc:	d9 2e       	mov	r13, r25
    34fe:	e1 2c       	mov	r14, r1
    3500:	f1 2c       	mov	r15, r1
    3502:	20 e9       	ldi	r18, 0x90	; 144
    3504:	82 2e       	mov	r8, r18
    3506:	21 e0       	ldi	r18, 0x01	; 1
    3508:	92 2e       	mov	r9, r18
    350a:	3a e1       	ldi	r19, 0x1A	; 26
    350c:	73 2e       	mov	r7, r19

0000350e <.L10>:
    350e:	d8 01       	movw	r26, r16
    3510:	55 96       	adiw	r26, 0x15	; 21
    3512:	8d 92       	st	X+, r8
    3514:	9d 92       	st	X+, r9
    3516:	42 e0       	ldi	r20, 0x02	; 2
    3518:	50 e0       	ldi	r21, 0x00	; 0
    351a:	b5 01       	movw	r22, r10
    351c:	c8 01       	movw	r24, r16
    351e:	0a 96       	adiw	r24, 0x0a	; 10
    3520:	0e 94 cc 23 	call	0x4798	; 0x4798 <eeprom_read_block>
    3524:	f8 01       	movw	r30, r16
    3526:	82 85       	ldd	r24, Z+10	; 0x0a
    3528:	93 85       	ldd	r25, Z+11	; 0x0b
    352a:	d6 01       	movw	r26, r12
    352c:	1a 96       	adiw	r26, 0x0a	; 10
    352e:	8d 93       	st	X+, r24
    3530:	9d 93       	st	X+, r25
    3532:	14 86       	std	Z+12, r1	; 0x0c
    3534:	15 86       	std	Z+13, r1	; 0x0d
    3536:	7e 9c       	mul	r7, r14
    3538:	f0 01       	movw	r30, r0
    353a:	7f 9c       	mul	r7, r15
    353c:	f0 0d       	add	r31, r0
    353e:	11 24       	eor	r1, r1
    3540:	df 01       	movw	r26, r30
    3542:	a3 55       	subi	r26, 0x53	; 83
    3544:	bb 4f       	sbci	r27, 0xFB	; 251
    3546:	8c 91       	ld	r24, X
    3548:	82 60       	ori	r24, 0x02	; 2
    354a:	8c 93       	st	X, r24
    354c:	d8 01       	movw	r26, r16
    354e:	13 96       	adiw	r26, 0x03	; 3
    3550:	1c 92       	st	X, r1
    3552:	13 97       	sbiw	r26, 0x03	; 3
    3554:	ef 55       	subi	r30, 0x5F	; 95
    3556:	fb 4f       	sbci	r31, 0xFB	; 251
    3558:	80 81       	ld	r24, Z
    355a:	81 60       	ori	r24, 0x01	; 1
    355c:	80 83       	st	Z, r24
    355e:	80 91 d4 04 	lds	r24, 0x04D4	; 0x8004d4 <fryer+0x35>
    3562:	81 30       	cpi	r24, 0x01	; 1
    3564:	49 f1       	breq	.+82     	; 0x35b8 <.L19>

00003566 <.L7>:
    3566:	c8 01       	movw	r24, r16
    3568:	04 96       	adiw	r24, 0x04	; 4
    356a:	0e 94 29 16 	call	0x2c52	; 0x2c52 <kbmode_default>
    356e:	f8 01       	movw	r30, r16
    3570:	11 86       	std	Z+9, r1	; 0x09
    3572:	ea 94       	dec	r14
    3574:	ef 28       	or	r14, r15
    3576:	61 f0       	breq	.+24     	; 0x3590 <.L6>
    3578:	06 5e       	subi	r16, 0xE6	; 230
    357a:	1f 4f       	sbci	r17, 0xFF	; 255
    357c:	82 e0       	ldi	r24, 0x02	; 2
    357e:	a8 0e       	add	r10, r24
    3580:	b1 1c       	adc	r11, r1
    3582:	aa e1       	ldi	r26, 0x1A	; 26
    3584:	ca 0e       	add	r12, r26
    3586:	d1 1c       	adc	r13, r1
    3588:	ee 24       	eor	r14, r14
    358a:	e3 94       	inc	r14
    358c:	f1 2c       	mov	r15, r1
    358e:	bf cf       	rjmp	.-130    	; 0x350e <.L10>

00003590 <.L6>:
    3590:	66 96       	adiw	r28, 0x16	; 22
    3592:	0f b6       	in	r0, 0x3f	; 63
    3594:	f8 94       	cli
    3596:	de bf       	out	0x3e, r29	; 62
    3598:	0f be       	out	0x3f, r0	; 63
    359a:	cd bf       	out	0x3d, r28	; 61
    359c:	df 91       	pop	r29
    359e:	cf 91       	pop	r28
    35a0:	1f 91       	pop	r17
    35a2:	0f 91       	pop	r16
    35a4:	ff 90       	pop	r15
    35a6:	ef 90       	pop	r14
    35a8:	df 90       	pop	r13
    35aa:	cf 90       	pop	r12
    35ac:	bf 90       	pop	r11
    35ae:	af 90       	pop	r10
    35b0:	9f 90       	pop	r9
    35b2:	8f 90       	pop	r8
    35b4:	7f 90       	pop	r7
    35b6:	08 95       	ret

000035b8 <.L19>:
    35b8:	1a 96       	adiw	r26, 0x0a	; 10
    35ba:	8c 91       	ld	r24, X
    35bc:	42 e0       	ldi	r20, 0x02	; 2
    35be:	be 01       	movw	r22, r28
    35c0:	6b 5e       	subi	r22, 0xEB	; 235
    35c2:	7f 4f       	sbci	r23, 0xFF	; 255
    35c4:	98 2f       	mov	r25, r24
    35c6:	99 0f       	add	r25, r25
    35c8:	99 0b       	sbc	r25, r25
    35ca:	0e 94 59 14 	call	0x28b2	; 0x28b2 <integer_to_arraybcd_msb_lsb_paddingleft_blank>
    35ce:	8e 89       	ldd	r24, Y+22	; 0x16
    35d0:	9d 89       	ldd	r25, Y+21	; 0x15
    35d2:	99 83       	std	Y+1, r25	; 0x01
    35d4:	8a 83       	std	Y+2, r24	; 0x02
    35d6:	f8 01       	movw	r30, r16
    35d8:	83 85       	ldd	r24, Z+11	; 0x0b
    35da:	42 e0       	ldi	r20, 0x02	; 2
    35dc:	be 01       	movw	r22, r28
    35de:	6b 5e       	subi	r22, 0xEB	; 235
    35e0:	7f 4f       	sbci	r23, 0xFF	; 255
    35e2:	98 2f       	mov	r25, r24
    35e4:	99 0f       	add	r25, r25
    35e6:	99 0b       	sbc	r25, r25
    35e8:	0e 94 eb 14 	call	0x29d6	; 0x29d6 <integer_to_arraybcd_msb_lsb_paddingleft_zeroes>
    35ec:	8e 89       	ldd	r24, Y+22	; 0x16
    35ee:	9d 89       	ldd	r25, Y+21	; 0x15
    35f0:	9b 83       	std	Y+3, r25	; 0x03
    35f2:	8c 83       	std	Y+4, r24	; 0x04
    35f4:	ce 01       	movw	r24, r28
    35f6:	02 96       	adiw	r24, 0x02	; 2
    35f8:	0e 94 7b 15 	call	0x2af6	; 0x2af6 <disp7s_decimalpoint_on>
    35fc:	ce 01       	movw	r24, r28
    35fe:	03 96       	adiw	r24, 0x03	; 3
    3600:	0e 94 7b 15 	call	0x2af6	; 0x2af6 <disp7s_decimalpoint_on>
    3604:	ce 01       	movw	r24, r28
    3606:	03 96       	adiw	r24, 0x03	; 3
    3608:	0e 94 d7 13 	call	0x27ae	; 0x27ae <disp7s_fix_upsidedown_display>
    360c:	44 e0       	ldi	r20, 0x04	; 4
    360e:	d8 01       	movw	r26, r16
    3610:	6c 91       	ld	r22, X
    3612:	ce 01       	movw	r24, r28
    3614:	01 96       	adiw	r24, 0x01	; 1
    3616:	0e 94 0e 14 	call	0x281c	; 0x281c <disp7s_update_data_array>
    361a:	a5 cf       	rjmp	.-182    	; 0x3566 <.L7>

0000361c <p1>:
    361c:	9f 92       	push	r9
    361e:	af 92       	push	r10
    3620:	bf 92       	push	r11
    3622:	cf 92       	push	r12
    3624:	df 92       	push	r13
    3626:	ef 92       	push	r14
    3628:	ff 92       	push	r15
    362a:	0f 93       	push	r16
    362c:	1f 93       	push	r17
    362e:	cf 93       	push	r28
    3630:	df 93       	push	r29
    3632:	cd b7       	in	r28, 0x3d	; 61
    3634:	de b7       	in	r29, 0x3e	; 62
    3636:	6c 97       	sbiw	r28, 0x1c	; 28
    3638:	0f b6       	in	r0, 0x3f	; 63
    363a:	f8 94       	cli
    363c:	de bf       	out	0x3e, r29	; 62
    363e:	0f be       	out	0x3f, r0	; 63
    3640:	cd bf       	out	0x3d, r28	; 61
    3642:	0f e9       	ldi	r16, 0x9F	; 159
    3644:	14 e0       	ldi	r17, 0x04	; 4
    3646:	86 ee       	ldi	r24, 0xE6	; 230
    3648:	c8 2e       	mov	r12, r24
    364a:	84 e0       	ldi	r24, 0x04	; 4
    364c:	d8 2e       	mov	r13, r24
    364e:	90 e0       	ldi	r25, 0x00	; 0
    3650:	a9 2e       	mov	r10, r25
    3652:	90 e0       	ldi	r25, 0x00	; 0
    3654:	b9 2e       	mov	r11, r25
    3656:	e1 2c       	mov	r14, r1
    3658:	f1 2c       	mov	r15, r1
    365a:	2a e1       	ldi	r18, 0x1A	; 26
    365c:	92 2e       	mov	r9, r18

0000365e <.L42>:
    365e:	c8 01       	movw	r24, r16
    3660:	43 96       	adiw	r24, 0x13	; 19
    3662:	0e 94 8f 0f 	call	0x1f1e	; 0x1f1e <blink_set>
    3666:	d8 01       	movw	r26, r16
    3668:	16 96       	adiw	r26, 0x06	; 6
    366a:	8c 91       	ld	r24, X
    366c:	0e 94 96 0b 	call	0x172c	; 0x172c <ikb_key_is_ready2read>
    3670:	81 15       	cp	r24, r1
    3672:	61 f0       	breq	.+24     	; 0x368c <.L21>
    3674:	9e 9c       	mul	r9, r14
    3676:	f0 01       	movw	r30, r0
    3678:	9f 9c       	mul	r9, r15
    367a:	f0 0d       	add	r31, r0
    367c:	11 24       	eor	r1, r1
    367e:	e3 55       	subi	r30, 0x53	; 83
    3680:	fb 4f       	sbci	r31, 0xFB	; 251
    3682:	80 81       	ld	r24, Z
    3684:	82 fd       	sbrc	r24, 2
    3686:	02 c0       	rjmp	.+4      	; 0x368c <.L21>
    3688:	80 ff       	sbrs	r24, 0
    368a:	86 c1       	rjmp	.+780    	; 0x3998 <.L61>

0000368c <.L21>:
    368c:	d8 01       	movw	r26, r16
    368e:	17 96       	adiw	r26, 0x07	; 7
    3690:	8c 91       	ld	r24, X
    3692:	0e 94 96 0b 	call	0x172c	; 0x172c <ikb_key_is_ready2read>
    3696:	81 15       	cp	r24, r1
    3698:	61 f0       	breq	.+24     	; 0x36b2 <.L23>
    369a:	9e 9c       	mul	r9, r14
    369c:	f0 01       	movw	r30, r0
    369e:	9f 9c       	mul	r9, r15
    36a0:	f0 0d       	add	r31, r0
    36a2:	11 24       	eor	r1, r1
    36a4:	e3 55       	subi	r30, 0x53	; 83
    36a6:	fb 4f       	sbci	r31, 0xFB	; 251
    36a8:	80 81       	ld	r24, Z
    36aa:	82 fd       	sbrc	r24, 2
    36ac:	02 c0       	rjmp	.+4      	; 0x36b2 <.L23>
    36ae:	80 ff       	sbrs	r24, 0
    36b0:	4a c1       	rjmp	.+660    	; 0x3946 <.L62>

000036b2 <.L23>:
    36b2:	d8 01       	movw	r26, r16
    36b4:	19 96       	adiw	r26, 0x09	; 9
    36b6:	8c 91       	ld	r24, X
    36b8:	19 97       	sbiw	r26, 0x09	; 9
    36ba:	81 30       	cpi	r24, 0x01	; 1
    36bc:	08 f4       	brcc	.+2      	; 0x36c0 <L0^A+0x2>

000036be <L0^A>:
    36be:	6d c0       	rjmp	.+218    	; 0x379a <.L63>
    36c0:	09 f4       	brne	.+2      	; 0x36c4 <.L27>

000036c2 <L0^A>:
    36c2:	14 c1       	rjmp	.+552    	; 0x38ec <.L64>

000036c4 <.L27>:
    36c4:	9e 9c       	mul	r9, r14
    36c6:	c0 01       	movw	r24, r0
    36c8:	9f 9c       	mul	r9, r15
    36ca:	90 0d       	add	r25, r0
    36cc:	11 24       	eor	r1, r1
    36ce:	fc 01       	movw	r30, r24
    36d0:	e0 55       	subi	r30, 0x50	; 80
    36d2:	fb 4f       	sbci	r31, 0xFB	; 251
    36d4:	20 81       	ld	r18, Z
    36d6:	20 fd       	sbrc	r18, 0
    36d8:	2c c0       	rjmp	.+88     	; 0x3732 <.L65>

000036da <.L32>:
    36da:	9e 9c       	mul	r9, r14
    36dc:	f0 01       	movw	r30, r0
    36de:	9f 9c       	mul	r9, r15
    36e0:	f0 0d       	add	r31, r0
    36e2:	11 24       	eor	r1, r1
    36e4:	ef 54       	subi	r30, 0x4F	; 79
    36e6:	fb 4f       	sbci	r31, 0xFB	; 251
    36e8:	80 81       	ld	r24, Z
    36ea:	81 fd       	sbrc	r24, 1
    36ec:	c8 c0       	rjmp	.+400    	; 0x387e <.L41>

000036ee <.L43>:
    36ee:	c7 01       	movw	r24, r14
    36f0:	01 96       	adiw	r24, 0x01	; 1
    36f2:	06 5e       	subi	r16, 0xE6	; 230
    36f4:	1f 4f       	sbci	r17, 0xFF	; 255
    36f6:	fa e1       	ldi	r31, 0x1A	; 26
    36f8:	cf 0e       	add	r12, r31
    36fa:	d1 1c       	adc	r13, r1
    36fc:	22 e0       	ldi	r18, 0x02	; 2
    36fe:	a2 0e       	add	r10, r18
    3700:	b1 1c       	adc	r11, r1
    3702:	ee 24       	eor	r14, r14
    3704:	e3 94       	inc	r14
    3706:	f1 2c       	mov	r15, r1
    3708:	02 97       	sbiw	r24, 0x02	; 2
    370a:	09 f0       	breq	.+2      	; 0x370e <L0^A+0x2>

0000370c <L0^A>:
    370c:	a8 cf       	rjmp	.-176    	; 0x365e <.L42>
    370e:	6c 96       	adiw	r28, 0x1c	; 28
    3710:	0f b6       	in	r0, 0x3f	; 63
    3712:	f8 94       	cli
    3714:	de bf       	out	0x3e, r29	; 62
    3716:	0f be       	out	0x3f, r0	; 63
    3718:	cd bf       	out	0x3d, r28	; 61
    371a:	df 91       	pop	r29
    371c:	cf 91       	pop	r28
    371e:	1f 91       	pop	r17
    3720:	0f 91       	pop	r16
    3722:	ff 90       	pop	r15
    3724:	ef 90       	pop	r14
    3726:	df 90       	pop	r13
    3728:	cf 90       	pop	r12
    372a:	bf 90       	pop	r11
    372c:	af 90       	pop	r10
    372e:	9f 90       	pop	r9
    3730:	08 95       	ret

00003732 <.L65>:
    3732:	fc 01       	movw	r30, r24
    3734:	ea 54       	subi	r30, 0x4A	; 74
    3736:	fb 4f       	sbci	r31, 0xFB	; 251
    3738:	80 81       	ld	r24, Z
    373a:	81 ff       	sbrs	r24, 1
    373c:	07 c0       	rjmp	.+14     	; 0x374c <.L34>
    373e:	8d 7f       	andi	r24, 0xFD	; 253
    3740:	80 83       	st	Z, r24
    3742:	90 91 d4 04 	lds	r25, 0x04D4	; 0x8004d4 <fryer+0x35>
    3746:	91 30       	cpi	r25, 0x01	; 1
    3748:	09 f4       	brne	.+2      	; 0x374c <.L34>

0000374a <L0^A>:
    374a:	4f c1       	rjmp	.+670    	; 0x39ea <.L66>

0000374c <.L34>:
    374c:	80 91 da 04 	lds	r24, 0x04DA	; 0x8004da <mainflag>
    3750:	80 ff       	sbrs	r24, 0
    3752:	c3 cf       	rjmp	.-122    	; 0x36da <.L32>
    3754:	d8 01       	movw	r26, r16
    3756:	1f 96       	adiw	r26, 0x0f	; 15
    3758:	8d 91       	ld	r24, X+
    375a:	9d 91       	ld	r25, X+
    375c:	01 96       	adiw	r24, 0x01	; 1
    375e:	88 3b       	cpi	r24, 0xB8	; 184
    3760:	bb e0       	ldi	r27, 0x0B	; 11
    3762:	9b 07       	cpc	r25, r27
    3764:	0c f4       	brge	.+2      	; 0x3768 <L0^A+0x2>

00003766 <L0^A>:
    3766:	eb c0       	rjmp	.+470    	; 0x393e <.L67>
    3768:	d8 01       	movw	r26, r16
    376a:	1f 96       	adiw	r26, 0x0f	; 15
    376c:	1d 92       	st	X+, r1
    376e:	1d 92       	st	X+, r1
    3770:	8a e1       	ldi	r24, 0x1A	; 26
    3772:	8e 9d       	mul	r24, r14
    3774:	90 01       	movw	r18, r0
    3776:	8f 9d       	mul	r24, r15
    3778:	30 0d       	add	r19, r0
    377a:	11 24       	eor	r1, r1
    377c:	f9 01       	movw	r30, r18
    377e:	ef 54       	subi	r30, 0x4F	; 79
    3780:	fb 4f       	sbci	r31, 0xFB	; 251
    3782:	80 81       	ld	r24, Z
    3784:	82 60       	ori	r24, 0x02	; 2
    3786:	80 83       	st	Z, r24
    3788:	23 55       	subi	r18, 0x53	; 83
    378a:	3b 4f       	sbci	r19, 0xFB	; 251
    378c:	d9 01       	movw	r26, r18
    378e:	9c 91       	ld	r25, X
    3790:	90 fd       	sbrc	r25, 0
    3792:	2b c0       	rjmp	.+86     	; 0x37ea <.L68>
    3794:	8e 7f       	andi	r24, 0xFE	; 254
    3796:	80 83       	st	Z, r24
    3798:	a0 cf       	rjmp	.-192    	; 0x36da <.L32>

0000379a <.L63>:
    379a:	14 96       	adiw	r26, 0x04	; 4
    379c:	8c 91       	ld	r24, X
    379e:	0e 94 96 0b 	call	0x172c	; 0x172c <ikb_key_is_ready2read>
    37a2:	81 15       	cp	r24, r1
    37a4:	09 f4       	brne	.+2      	; 0x37a8 <L0^A+0x2>

000037a6 <L0^A>:
    37a6:	8e cf       	rjmp	.-228    	; 0x36c4 <.L27>
    37a8:	f8 01       	movw	r30, r16
    37aa:	84 81       	ldd	r24, Z+4	; 0x04
    37ac:	0e 94 aa 0b 	call	0x1754	; 0x1754 <ikb_key_was_read>
    37b0:	88 ee       	ldi	r24, 0xE8	; 232
    37b2:	93 e0       	ldi	r25, 0x03	; 3
    37b4:	0e 94 a4 09 	call	0x1348	; 0x1348 <indicatorTimed_setKSysTickTime_ms>
    37b8:	0e 94 a9 09 	call	0x1352	; 0x1352 <indicatorTimed_run>
    37bc:	8a e1       	ldi	r24, 0x1A	; 26
    37be:	8e 9d       	mul	r24, r14
    37c0:	90 01       	movw	r18, r0
    37c2:	8f 9d       	mul	r24, r15
    37c4:	30 0d       	add	r19, r0
    37c6:	11 24       	eor	r1, r1
    37c8:	2f 8b       	std	Y+23, r18	; 0x17
    37ca:	38 8f       	std	Y+24, r19	; 0x18
    37cc:	f9 01       	movw	r30, r18
    37ce:	ef 54       	subi	r30, 0x4F	; 79
    37d0:	fb 4f       	sbci	r31, 0xFB	; 251
    37d2:	80 81       	ld	r24, Z
    37d4:	80 fd       	sbrc	r24, 0
    37d6:	19 c1       	rjmp	.+562    	; 0x3a0a <.L28>
    37d8:	81 60       	ori	r24, 0x01	; 1
    37da:	80 83       	st	Z, r24
    37dc:	f9 01       	movw	r30, r18
    37de:	e3 55       	subi	r30, 0x53	; 83
    37e0:	fb 4f       	sbci	r31, 0xFB	; 251
    37e2:	80 81       	ld	r24, Z
    37e4:	81 60       	ori	r24, 0x01	; 1
    37e6:	80 83       	st	Z, r24
    37e8:	6d cf       	rjmp	.-294    	; 0x36c4 <.L27>

000037ea <.L68>:
    37ea:	f6 01       	movw	r30, r12
    37ec:	40 81       	ld	r20, Z
    37ee:	2c e3       	ldi	r18, 0x3C	; 60
    37f0:	42 03       	mulsu	r20, r18
    37f2:	a0 01       	movw	r20, r0
    37f4:	11 24       	eor	r1, r1
    37f6:	31 81       	ldd	r19, Z+1	; 0x01
    37f8:	43 0f       	add	r20, r19
    37fa:	51 1d       	adc	r21, r1
    37fc:	37 fd       	sbrc	r19, 7
    37fe:	5a 95       	dec	r21
    3800:	d5 01       	movw	r26, r10
    3802:	6d 91       	ld	r22, X+
    3804:	62 03       	mulsu	r22, r18
    3806:	b0 01       	movw	r22, r0
    3808:	11 24       	eor	r1, r1
    380a:	3c 91       	ld	r19, X
    380c:	63 0f       	add	r22, r19
    380e:	71 1d       	adc	r23, r1
    3810:	37 fd       	sbrc	r19, 7
    3812:	7a 95       	dec	r23
    3814:	f8 01       	movw	r30, r16
    3816:	32 85       	ldd	r19, Z+10	; 0x0a
    3818:	32 03       	mulsu	r19, r18
    381a:	c0 01       	movw	r24, r0
    381c:	11 24       	eor	r1, r1
    381e:	23 85       	ldd	r18, Z+11	; 0x0b
    3820:	82 0f       	add	r24, r18
    3822:	91 1d       	adc	r25, r1
    3824:	27 fd       	sbrc	r18, 7
    3826:	9a 95       	dec	r25
    3828:	68 1b       	sub	r22, r24
    382a:	79 0b       	sbc	r23, r25
    382c:	46 1b       	sub	r20, r22
    382e:	57 0b       	sbc	r21, r23
    3830:	09 f0       	breq	.+2      	; 0x3834 <L0^A>

00003832 <L0^A>:
    3832:	0a f4       	brpl	.+2      	; 0x3836 <L0^A+0x2>

00003834 <L0^A>:
    3834:	8c c1       	rjmp	.+792    	; 0x3b4e <.L69>
    3836:	ca 01       	movw	r24, r20
    3838:	a5 2f       	mov	r26, r21
    383a:	aa 0f       	add	r26, r26
    383c:	aa 0b       	sbc	r26, r26
    383e:	ba 2f       	mov	r27, r26
    3840:	4f 8b       	std	Y+23, r20	; 0x17
    3842:	98 8f       	std	Y+24, r25	; 0x18
    3844:	a9 8f       	std	Y+25, r26	; 0x19
    3846:	aa 8f       	std	Y+26, r26	; 0x1a
    3848:	ba 01       	movw	r22, r20
    384a:	cd 01       	movw	r24, r26
    384c:	0e 94 75 22 	call	0x44ea	; 0x44ea <__floatsisf>
    3850:	20 e0       	ldi	r18, 0x00	; 0
    3852:	30 e0       	ldi	r19, 0x00	; 0
    3854:	40 e7       	ldi	r20, 0x70	; 112
    3856:	52 e4       	ldi	r21, 0x42	; 66
    3858:	0e 94 d1 21 	call	0x43a2	; 0x43a2 <__divsf3>
    385c:	0e 94 43 22 	call	0x4486	; 0x4486 <__fixsfsi>
    3860:	d8 01       	movw	r26, r16
    3862:	1a 96       	adiw	r26, 0x0a	; 10
    3864:	6c 93       	st	X, r22
    3866:	6f 89       	ldd	r22, Y+23	; 0x17
    3868:	78 8d       	ldd	r23, Y+24	; 0x18
    386a:	89 8d       	ldd	r24, Y+25	; 0x19
    386c:	9a 8d       	ldd	r25, Y+26	; 0x1a
    386e:	2c e3       	ldi	r18, 0x3C	; 60
    3870:	30 e0       	ldi	r19, 0x00	; 0
    3872:	40 e0       	ldi	r20, 0x00	; 0
    3874:	50 e0       	ldi	r21, 0x00	; 0
    3876:	0e 94 35 21 	call	0x426a	; 0x426a <__divmodsi4>
    387a:	f8 01       	movw	r30, r16
    387c:	63 87       	std	Z+11, r22	; 0x0b

0000387e <.L41>:
    387e:	8a e1       	ldi	r24, 0x1A	; 26
    3880:	8e 9d       	mul	r24, r14
    3882:	d0 01       	movw	r26, r0
    3884:	8f 9d       	mul	r24, r15
    3886:	b0 0d       	add	r27, r0
    3888:	11 24       	eor	r1, r1
    388a:	af 8b       	std	Y+23, r26	; 0x17
    388c:	b8 8f       	std	Y+24, r27	; 0x18
    388e:	fd 01       	movw	r30, r26
    3890:	ef 54       	subi	r30, 0x4F	; 79
    3892:	fb 4f       	sbci	r31, 0xFB	; 251
    3894:	80 81       	ld	r24, Z
    3896:	8d 7f       	andi	r24, 0xFD	; 253
    3898:	80 83       	st	Z, r24
    389a:	42 e0       	ldi	r20, 0x02	; 2
    389c:	50 e0       	ldi	r21, 0x00	; 0
    389e:	b5 01       	movw	r22, r10
    38a0:	c6 01       	movw	r24, r12
    38a2:	0e 94 dc 23 	call	0x47b8	; 0x47b8 <eeprom_update_block>
    38a6:	f6 01       	movw	r30, r12
    38a8:	80 81       	ld	r24, Z
    38aa:	91 81       	ldd	r25, Z+1	; 0x01
    38ac:	d8 01       	movw	r26, r16
    38ae:	1a 96       	adiw	r26, 0x0a	; 10
    38b0:	8d 93       	st	X+, r24
    38b2:	9d 93       	st	X+, r25
    38b4:	ef 89       	ldd	r30, Y+23	; 0x17
    38b6:	f8 8d       	ldd	r31, Y+24	; 0x18
    38b8:	e0 55       	subi	r30, 0x50	; 80
    38ba:	fb 4f       	sbci	r31, 0xFB	; 251
    38bc:	80 81       	ld	r24, Z
    38be:	8e 7f       	andi	r24, 0xFE	; 254
    38c0:	80 83       	st	Z, r24
    38c2:	1d 92       	st	X+, r1
    38c4:	1d 92       	st	X+, r1
    38c6:	ef 89       	ldd	r30, Y+23	; 0x17
    38c8:	f8 8d       	ldd	r31, Y+24	; 0x18
    38ca:	e3 55       	subi	r30, 0x53	; 83
    38cc:	fb 4f       	sbci	r31, 0xFB	; 251
    38ce:	80 81       	ld	r24, Z
    38d0:	82 60       	ori	r24, 0x02	; 2
    38d2:	80 83       	st	Z, r24
    38d4:	1b 97       	sbiw	r26, 0x0b	; 11
    38d6:	1c 92       	st	X, r1
    38d8:	ef 89       	ldd	r30, Y+23	; 0x17
    38da:	f8 8d       	ldd	r31, Y+24	; 0x18
    38dc:	ef 55       	subi	r30, 0x5F	; 95
    38de:	fb 4f       	sbci	r31, 0xFB	; 251
    38e0:	80 81       	ld	r24, Z
    38e2:	81 60       	ori	r24, 0x01	; 1
    38e4:	80 83       	st	Z, r24
    38e6:	16 96       	adiw	r26, 0x06	; 6
    38e8:	1c 92       	st	X, r1
    38ea:	01 cf       	rjmp	.-510    	; 0x36ee <.L43>

000038ec <.L64>:
    38ec:	d8 01       	movw	r26, r16
    38ee:	14 96       	adiw	r26, 0x04	; 4
    38f0:	8c 91       	ld	r24, X
    38f2:	0e 94 96 0b 	call	0x172c	; 0x172c <ikb_key_is_ready2read>
    38f6:	81 15       	cp	r24, r1
    38f8:	09 f4       	brne	.+2      	; 0x38fc <L0^A+0x2>

000038fa <L0^A>:
    38fa:	e4 ce       	rjmp	.-568    	; 0x36c4 <.L27>
    38fc:	f8 01       	movw	r30, r16
    38fe:	84 81       	ldd	r24, Z+4	; 0x04
    3900:	0e 94 aa 0b 	call	0x1754	; 0x1754 <ikb_key_was_read>
    3904:	88 ee       	ldi	r24, 0xE8	; 232
    3906:	93 e0       	ldi	r25, 0x03	; 3
    3908:	0e 94 a4 09 	call	0x1348	; 0x1348 <indicatorTimed_setKSysTickTime_ms>
    390c:	0e 94 a9 09 	call	0x1352	; 0x1352 <indicatorTimed_run>
    3910:	ee 27       	eor	r30, r30
    3912:	ff 27       	eor	r31, r31
    3914:	ee 19       	sub	r30, r14
    3916:	ff 09       	sbc	r31, r15
    3918:	ea 71       	andi	r30, 0x1A	; 26
    391a:	f0 e0       	ldi	r31, 0x00	; 0
    391c:	e1 56       	subi	r30, 0x61	; 97
    391e:	fb 4f       	sbci	r31, 0xFB	; 251
    3920:	82 89       	ldd	r24, Z+18	; 0x12
    3922:	83 60       	ori	r24, 0x03	; 3
    3924:	82 8b       	std	Z+18, r24	; 0x12
    3926:	8a e1       	ldi	r24, 0x1A	; 26
    3928:	8e 9d       	mul	r24, r14
    392a:	f0 01       	movw	r30, r0
    392c:	8f 9d       	mul	r24, r15
    392e:	f0 0d       	add	r31, r0
    3930:	11 24       	eor	r1, r1
    3932:	e3 55       	subi	r30, 0x53	; 83
    3934:	fb 4f       	sbci	r31, 0xFB	; 251
    3936:	80 81       	ld	r24, Z
    3938:	81 60       	ori	r24, 0x01	; 1
    393a:	80 83       	st	Z, r24
    393c:	c3 ce       	rjmp	.-634    	; 0x36c4 <.L27>

0000393e <.L67>:
    393e:	f8 01       	movw	r30, r16
    3940:	87 87       	std	Z+15, r24	; 0x0f
    3942:	90 8b       	std	Z+16, r25	; 0x10
    3944:	ca ce       	rjmp	.-620    	; 0x36da <.L32>

00003946 <.L62>:
    3946:	f8 01       	movw	r30, r16
    3948:	87 81       	ldd	r24, Z+7	; 0x07
    394a:	0e 94 aa 0b 	call	0x1754	; 0x1754 <ikb_key_was_read>
    394e:	d8 01       	movw	r26, r16
    3950:	17 96       	adiw	r26, 0x07	; 7
    3952:	8c 91       	ld	r24, X
    3954:	0e 94 43 0c 	call	0x1886	; 0x1886 <ikb_inReptt>
    3958:	81 15       	cp	r24, r1
    395a:	09 f4       	brne	.+2      	; 0x395e <.L24>

0000395c <L0^A>:
    395c:	b7 c0       	rjmp	.+366    	; 0x3acc <.L70>

0000395e <.L24>:
    395e:	8a e1       	ldi	r24, 0x1A	; 26
    3960:	8e 9d       	mul	r24, r14
    3962:	f0 01       	movw	r30, r0
    3964:	8f 9d       	mul	r24, r15
    3966:	f0 0d       	add	r31, r0
    3968:	11 24       	eor	r1, r1
    396a:	df 01       	movw	r26, r30
    396c:	af 55       	subi	r26, 0x5F	; 95
    396e:	bb 4f       	sbci	r27, 0xFB	; 251
    3970:	8c 91       	ld	r24, X
    3972:	8e 7f       	andi	r24, 0xFE	; 254
    3974:	8c 93       	st	X, r24
    3976:	e0 55       	subi	r30, 0x50	; 80
    3978:	fb 4f       	sbci	r31, 0xFB	; 251
    397a:	80 81       	ld	r24, Z
    397c:	81 60       	ori	r24, 0x01	; 1
    397e:	80 83       	st	Z, r24
    3980:	81 e0       	ldi	r24, 0x01	; 1
    3982:	f8 01       	movw	r30, r16
    3984:	81 87       	std	Z+9, r24	; 0x09
    3986:	83 83       	std	Z+3, r24	; 0x03
    3988:	17 86       	std	Z+15, r1	; 0x0f
    398a:	10 8a       	std	Z+16, r1	; 0x10
    398c:	0e 94 94 0f 	call	0x1f28	; 0x1f28 <blink_reset>
    3990:	c6 01       	movw	r24, r12
    3992:	0e 94 cb 01 	call	0x396	; 0x396 <time_inc>
    3996:	8d ce       	rjmp	.-742    	; 0x36b2 <.L23>

00003998 <.L61>:
    3998:	f8 01       	movw	r30, r16
    399a:	86 81       	ldd	r24, Z+6	; 0x06
    399c:	0e 94 aa 0b 	call	0x1754	; 0x1754 <ikb_key_was_read>
    39a0:	d8 01       	movw	r26, r16
    39a2:	16 96       	adiw	r26, 0x06	; 6
    39a4:	8c 91       	ld	r24, X
    39a6:	0e 94 43 0c 	call	0x1886	; 0x1886 <ikb_inReptt>
    39aa:	81 15       	cp	r24, r1
    39ac:	09 f4       	brne	.+2      	; 0x39b0 <.L22>

000039ae <L0^A>:
    39ae:	95 c0       	rjmp	.+298    	; 0x3ada <.L71>

000039b0 <.L22>:
    39b0:	8a e1       	ldi	r24, 0x1A	; 26
    39b2:	8e 9d       	mul	r24, r14
    39b4:	f0 01       	movw	r30, r0
    39b6:	8f 9d       	mul	r24, r15
    39b8:	f0 0d       	add	r31, r0
    39ba:	11 24       	eor	r1, r1
    39bc:	df 01       	movw	r26, r30
    39be:	af 55       	subi	r26, 0x5F	; 95
    39c0:	bb 4f       	sbci	r27, 0xFB	; 251
    39c2:	8c 91       	ld	r24, X
    39c4:	8e 7f       	andi	r24, 0xFE	; 254
    39c6:	8c 93       	st	X, r24
    39c8:	e0 55       	subi	r30, 0x50	; 80
    39ca:	fb 4f       	sbci	r31, 0xFB	; 251
    39cc:	80 81       	ld	r24, Z
    39ce:	81 60       	ori	r24, 0x01	; 1
    39d0:	80 83       	st	Z, r24
    39d2:	81 e0       	ldi	r24, 0x01	; 1
    39d4:	f8 01       	movw	r30, r16
    39d6:	81 87       	std	Z+9, r24	; 0x09
    39d8:	83 83       	std	Z+3, r24	; 0x03
    39da:	17 86       	std	Z+15, r1	; 0x0f
    39dc:	10 8a       	std	Z+16, r1	; 0x10
    39de:	0e 94 94 0f 	call	0x1f28	; 0x1f28 <blink_reset>
    39e2:	c6 01       	movw	r24, r12
    39e4:	0e 94 ae 01 	call	0x35c	; 0x35c <time_dec>
    39e8:	51 ce       	rjmp	.-862    	; 0x368c <.L21>

000039ea <.L66>:
    39ea:	80 fd       	sbrc	r24, 0
    39ec:	3c c0       	rjmp	.+120    	; 0x3a66 <.L36>
    39ee:	44 e0       	ldi	r20, 0x04	; 4
    39f0:	60 e0       	ldi	r22, 0x00	; 0
    39f2:	ce 01       	movw	r24, r28
    39f4:	01 96       	adiw	r24, 0x01	; 1
    39f6:	0e 94 ff 13 	call	0x27fe	; 0x27fe <disp7s_blank_displays>
    39fa:	44 e0       	ldi	r20, 0x04	; 4
    39fc:	d8 01       	movw	r26, r16
    39fe:	6c 91       	ld	r22, X
    3a00:	ce 01       	movw	r24, r28
    3a02:	01 96       	adiw	r24, 0x01	; 1
    3a04:	0e 94 0e 14 	call	0x281c	; 0x281c <disp7s_update_data_array>
    3a08:	a1 ce       	rjmp	.-702    	; 0x374c <.L34>

00003a0a <.L28>:
    3a0a:	8e 7f       	andi	r24, 0xFE	; 254
    3a0c:	80 83       	st	Z, r24
    3a0e:	8f 89       	ldd	r24, Y+23	; 0x17
    3a10:	98 8d       	ldd	r25, Y+24	; 0x18
    3a12:	83 55       	subi	r24, 0x53	; 83
    3a14:	9b 4f       	sbci	r25, 0xFB	; 251
    3a16:	8b 8f       	std	Y+27, r24	; 0x1b
    3a18:	9c 8f       	std	Y+28, r25	; 0x1c
    3a1a:	dc 01       	movw	r26, r24
    3a1c:	8c 91       	ld	r24, X
    3a1e:	8e 7f       	andi	r24, 0xFE	; 254
    3a20:	8c 93       	st	X, r24
    3a22:	42 e0       	ldi	r20, 0x02	; 2
    3a24:	50 e0       	ldi	r21, 0x00	; 0
    3a26:	b5 01       	movw	r22, r10
    3a28:	c8 01       	movw	r24, r16
    3a2a:	0a 96       	adiw	r24, 0x0a	; 10
    3a2c:	0e 94 cc 23 	call	0x4798	; 0x4798 <eeprom_read_block>
    3a30:	f8 01       	movw	r30, r16
    3a32:	14 86       	std	Z+12, r1	; 0x0c
    3a34:	15 86       	std	Z+13, r1	; 0x0d
    3a36:	ab 8d       	ldd	r26, Y+27	; 0x1b
    3a38:	bc 8d       	ldd	r27, Y+28	; 0x1c
    3a3a:	8c 91       	ld	r24, X
    3a3c:	82 60       	ori	r24, 0x02	; 2
    3a3e:	8c 93       	st	X, r24
    3a40:	13 82       	std	Z+3, r1	; 0x03
    3a42:	ef 89       	ldd	r30, Y+23	; 0x17
    3a44:	f8 8d       	ldd	r31, Y+24	; 0x18
    3a46:	ef 55       	subi	r30, 0x5F	; 95
    3a48:	fb 4f       	sbci	r31, 0xFB	; 251
    3a4a:	80 81       	ld	r24, Z
    3a4c:	81 60       	ori	r24, 0x01	; 1
    3a4e:	80 83       	st	Z, r24
    3a50:	8c 91       	ld	r24, X
    3a52:	8b 7f       	andi	r24, 0xFB	; 251
    3a54:	8c 93       	st	X, r24
    3a56:	80 91 d4 04 	lds	r24, 0x04D4	; 0x8004d4 <fryer+0x35>
    3a5a:	81 30       	cpi	r24, 0x01	; 1
    3a5c:	09 f4       	brne	.+2      	; 0x3a60 <.L29>

00003a5e <L0^A>:
    3a5e:	44 c0       	rjmp	.+136    	; 0x3ae8 <.L72>

00003a60 <.L29>:
    3a60:	0e 94 d0 09 	call	0x13a0	; 0x13a0 <indicator_off>
    3a64:	2f ce       	rjmp	.-930    	; 0x36c4 <.L27>

00003a66 <.L36>:
    3a66:	f6 01       	movw	r30, r12
    3a68:	80 81       	ld	r24, Z
    3a6a:	42 e0       	ldi	r20, 0x02	; 2
    3a6c:	be 01       	movw	r22, r28
    3a6e:	6b 5e       	subi	r22, 0xEB	; 235
    3a70:	7f 4f       	sbci	r23, 0xFF	; 255
    3a72:	98 2f       	mov	r25, r24
    3a74:	99 0f       	add	r25, r25
    3a76:	99 0b       	sbc	r25, r25
    3a78:	0e 94 59 14 	call	0x28b2	; 0x28b2 <integer_to_arraybcd_msb_lsb_paddingleft_blank>
    3a7c:	8e 89       	ldd	r24, Y+22	; 0x16
    3a7e:	9d 89       	ldd	r25, Y+21	; 0x15
    3a80:	99 83       	std	Y+1, r25	; 0x01
    3a82:	8a 83       	std	Y+2, r24	; 0x02
    3a84:	d6 01       	movw	r26, r12
    3a86:	11 96       	adiw	r26, 0x01	; 1
    3a88:	8c 91       	ld	r24, X
    3a8a:	42 e0       	ldi	r20, 0x02	; 2
    3a8c:	be 01       	movw	r22, r28
    3a8e:	6b 5e       	subi	r22, 0xEB	; 235
    3a90:	7f 4f       	sbci	r23, 0xFF	; 255
    3a92:	98 2f       	mov	r25, r24
    3a94:	99 0f       	add	r25, r25
    3a96:	99 0b       	sbc	r25, r25
    3a98:	0e 94 eb 14 	call	0x29d6	; 0x29d6 <integer_to_arraybcd_msb_lsb_paddingleft_zeroes>
    3a9c:	8e 89       	ldd	r24, Y+22	; 0x16
    3a9e:	9d 89       	ldd	r25, Y+21	; 0x15
    3aa0:	9b 83       	std	Y+3, r25	; 0x03
    3aa2:	8c 83       	std	Y+4, r24	; 0x04
    3aa4:	ce 01       	movw	r24, r28
    3aa6:	02 96       	adiw	r24, 0x02	; 2
    3aa8:	0e 94 7b 15 	call	0x2af6	; 0x2af6 <disp7s_decimalpoint_on>
    3aac:	ce 01       	movw	r24, r28
    3aae:	03 96       	adiw	r24, 0x03	; 3
    3ab0:	0e 94 7b 15 	call	0x2af6	; 0x2af6 <disp7s_decimalpoint_on>
    3ab4:	ce 01       	movw	r24, r28
    3ab6:	03 96       	adiw	r24, 0x03	; 3
    3ab8:	0e 94 d7 13 	call	0x27ae	; 0x27ae <disp7s_fix_upsidedown_display>
    3abc:	44 e0       	ldi	r20, 0x04	; 4
    3abe:	f8 01       	movw	r30, r16
    3ac0:	60 81       	ld	r22, Z
    3ac2:	ce 01       	movw	r24, r28
    3ac4:	01 96       	adiw	r24, 0x01	; 1
    3ac6:	0e 94 0e 14 	call	0x281c	; 0x281c <disp7s_update_data_array>
    3aca:	40 ce       	rjmp	.-896    	; 0x374c <.L34>

00003acc <.L70>:
    3acc:	8b e4       	ldi	r24, 0x4B	; 75
    3ace:	90 e0       	ldi	r25, 0x00	; 0
    3ad0:	0e 94 a4 09 	call	0x1348	; 0x1348 <indicatorTimed_setKSysTickTime_ms>
    3ad4:	0e 94 a9 09 	call	0x1352	; 0x1352 <indicatorTimed_run>
    3ad8:	42 cf       	rjmp	.-380    	; 0x395e <.L24>

00003ada <.L71>:
    3ada:	8b e4       	ldi	r24, 0x4B	; 75
    3adc:	90 e0       	ldi	r25, 0x00	; 0
    3ade:	0e 94 a4 09 	call	0x1348	; 0x1348 <indicatorTimed_setKSysTickTime_ms>
    3ae2:	0e 94 a9 09 	call	0x1352	; 0x1352 <indicatorTimed_run>
    3ae6:	64 cf       	rjmp	.-312    	; 0x39b0 <.L22>

00003ae8 <.L72>:
    3ae8:	f8 01       	movw	r30, r16
    3aea:	82 85       	ldd	r24, Z+10	; 0x0a
    3aec:	42 e0       	ldi	r20, 0x02	; 2
    3aee:	be 01       	movw	r22, r28
    3af0:	6b 5e       	subi	r22, 0xEB	; 235
    3af2:	7f 4f       	sbci	r23, 0xFF	; 255
    3af4:	98 2f       	mov	r25, r24
    3af6:	99 0f       	add	r25, r25
    3af8:	99 0b       	sbc	r25, r25
    3afa:	0e 94 59 14 	call	0x28b2	; 0x28b2 <integer_to_arraybcd_msb_lsb_paddingleft_blank>
    3afe:	8e 89       	ldd	r24, Y+22	; 0x16
    3b00:	9d 89       	ldd	r25, Y+21	; 0x15
    3b02:	99 83       	std	Y+1, r25	; 0x01
    3b04:	8a 83       	std	Y+2, r24	; 0x02
    3b06:	d8 01       	movw	r26, r16
    3b08:	1b 96       	adiw	r26, 0x0b	; 11
    3b0a:	8c 91       	ld	r24, X
    3b0c:	42 e0       	ldi	r20, 0x02	; 2
    3b0e:	be 01       	movw	r22, r28
    3b10:	6b 5e       	subi	r22, 0xEB	; 235
    3b12:	7f 4f       	sbci	r23, 0xFF	; 255
    3b14:	98 2f       	mov	r25, r24
    3b16:	99 0f       	add	r25, r25
    3b18:	99 0b       	sbc	r25, r25
    3b1a:	0e 94 eb 14 	call	0x29d6	; 0x29d6 <integer_to_arraybcd_msb_lsb_paddingleft_zeroes>
    3b1e:	8e 89       	ldd	r24, Y+22	; 0x16
    3b20:	9d 89       	ldd	r25, Y+21	; 0x15
    3b22:	9b 83       	std	Y+3, r25	; 0x03
    3b24:	8c 83       	std	Y+4, r24	; 0x04
    3b26:	ce 01       	movw	r24, r28
    3b28:	02 96       	adiw	r24, 0x02	; 2
    3b2a:	0e 94 7b 15 	call	0x2af6	; 0x2af6 <disp7s_decimalpoint_on>
    3b2e:	ce 01       	movw	r24, r28
    3b30:	03 96       	adiw	r24, 0x03	; 3
    3b32:	0e 94 7b 15 	call	0x2af6	; 0x2af6 <disp7s_decimalpoint_on>
    3b36:	ce 01       	movw	r24, r28
    3b38:	03 96       	adiw	r24, 0x03	; 3
    3b3a:	0e 94 d7 13 	call	0x27ae	; 0x27ae <disp7s_fix_upsidedown_display>
    3b3e:	44 e0       	ldi	r20, 0x04	; 4
    3b40:	f8 01       	movw	r30, r16
    3b42:	60 81       	ld	r22, Z
    3b44:	ce 01       	movw	r24, r28
    3b46:	01 96       	adiw	r24, 0x01	; 1
    3b48:	0e 94 0e 14 	call	0x281c	; 0x281c <disp7s_update_data_array>
    3b4c:	89 cf       	rjmp	.-238    	; 0x3a60 <.L29>

00003b4e <.L69>:
    3b4e:	12 86       	std	Z+10, r1	; 0x0a
    3b50:	13 86       	std	Z+11, r1	; 0x0b
    3b52:	95 ce       	rjmp	.-726    	; 0x387e <.L41>

00003b54 <p2>:
    3b54:	bf 92       	push	r11
    3b56:	cf 92       	push	r12
    3b58:	df 92       	push	r13
    3b5a:	ef 92       	push	r14
    3b5c:	ff 92       	push	r15
    3b5e:	0f 93       	push	r16
    3b60:	1f 93       	push	r17
    3b62:	cf 93       	push	r28
    3b64:	df 93       	push	r29
    3b66:	0f e9       	ldi	r16, 0x9F	; 159
    3b68:	14 e0       	ldi	r17, 0x04	; 4
    3b6a:	c0 e0       	ldi	r28, 0x00	; 0
    3b6c:	d0 e0       	ldi	r29, 0x00	; 0
    3b6e:	8a e1       	ldi	r24, 0x1A	; 26
    3b70:	b8 2e       	mov	r11, r24

00003b72 <.L83>:
    3b72:	c8 01       	movw	r24, r16
    3b74:	43 96       	adiw	r24, 0x13	; 19
    3b76:	0e 94 8f 0f 	call	0x1f1e	; 0x1f1e <blink_set>
    3b7a:	bc 9e       	mul	r11, r28
    3b7c:	70 01       	movw	r14, r0
    3b7e:	bd 9e       	mul	r11, r29
    3b80:	f0 0c       	add	r15, r0
    3b82:	11 24       	eor	r1, r1
    3b84:	c7 01       	movw	r24, r14
    3b86:	83 55       	subi	r24, 0x53	; 83
    3b88:	9b 4f       	sbci	r25, 0xFB	; 251
    3b8a:	6c 01       	movw	r12, r24
    3b8c:	fc 01       	movw	r30, r24
    3b8e:	80 81       	ld	r24, Z
    3b90:	80 fd       	sbrc	r24, 0
    3b92:	12 c0       	rjmp	.+36     	; 0x3bb8 <.L93>

00003b94 <.L75>:
    3b94:	ce 01       	movw	r24, r28
    3b96:	01 96       	adiw	r24, 0x01	; 1
    3b98:	06 5e       	subi	r16, 0xE6	; 230
    3b9a:	1f 4f       	sbci	r17, 0xFF	; 255
    3b9c:	c1 e0       	ldi	r28, 0x01	; 1
    3b9e:	d0 e0       	ldi	r29, 0x00	; 0
    3ba0:	02 97       	sbiw	r24, 0x02	; 2
    3ba2:	39 f7       	brne	.-50     	; 0x3b72 <.L83>
    3ba4:	df 91       	pop	r29
    3ba6:	cf 91       	pop	r28
    3ba8:	1f 91       	pop	r17
    3baa:	0f 91       	pop	r16
    3bac:	ff 90       	pop	r15
    3bae:	ef 90       	pop	r14
    3bb0:	df 90       	pop	r13
    3bb2:	cf 90       	pop	r12
    3bb4:	bf 90       	pop	r11
    3bb6:	08 95       	ret

00003bb8 <.L93>:
    3bb8:	80 91 da 04 	lds	r24, 0x04DA	; 0x8004da <mainflag>
    3bbc:	80 ff       	sbrs	r24, 0
    3bbe:	0d c0       	rjmp	.+26     	; 0x3bda <.L76>
    3bc0:	f8 01       	movw	r30, r16
    3bc2:	84 85       	ldd	r24, Z+12	; 0x0c
    3bc4:	95 85       	ldd	r25, Z+13	; 0x0d
    3bc6:	9c 01       	movw	r18, r24
    3bc8:	2f 5f       	subi	r18, 0xFF	; 255
    3bca:	3f 4f       	sbci	r19, 0xFF	; 255
    3bcc:	87 3e       	cpi	r24, 0xE7	; 231
    3bce:	93 40       	sbci	r25, 0x03	; 3
    3bd0:	09 f4       	brne	.+2      	; 0x3bd4 <L0^A+0x2>

00003bd2 <L0^A>:
    3bd2:	53 c0       	rjmp	.+166    	; 0x3c7a <.L77>
    3bd4:	f8 01       	movw	r30, r16
    3bd6:	24 87       	std	Z+12, r18	; 0x0c
    3bd8:	35 87       	std	Z+13, r19	; 0x0d

00003bda <.L76>:
    3bda:	8a e1       	ldi	r24, 0x1A	; 26
    3bdc:	8c 9f       	mul	r24, r28
    3bde:	f0 01       	movw	r30, r0
    3be0:	8d 9f       	mul	r24, r29
    3be2:	f0 0d       	add	r31, r0
    3be4:	11 24       	eor	r1, r1
    3be6:	e3 55       	subi	r30, 0x53	; 83
    3be8:	fb 4f       	sbci	r31, 0xFB	; 251
    3bea:	80 81       	ld	r24, Z
    3bec:	81 ff       	sbrs	r24, 1
    3bee:	d2 cf       	rjmp	.-92     	; 0x3b94 <.L75>

00003bf0 <.L78>:
    3bf0:	f8 01       	movw	r30, r16
    3bf2:	83 85       	ldd	r24, Z+11	; 0x0b
    3bf4:	81 11       	cpse	r24, r1
    3bf6:	35 c0       	rjmp	.+106    	; 0x3c62 <.L80>
    3bf8:	f8 01       	movw	r30, r16
    3bfa:	82 85       	ldd	r24, Z+10	; 0x0a
    3bfc:	81 11       	cpse	r24, r1
    3bfe:	31 c0       	rjmp	.+98     	; 0x3c62 <.L80>
    3c00:	ea e1       	ldi	r30, 0x1A	; 26
    3c02:	ec 9f       	mul	r30, r28
    3c04:	d0 01       	movw	r26, r0
    3c06:	ed 9f       	mul	r30, r29
    3c08:	b0 0d       	add	r27, r0
    3c0a:	11 24       	eor	r1, r1
    3c0c:	a3 55       	subi	r26, 0x53	; 83
    3c0e:	bb 4f       	sbci	r27, 0xFB	; 251
    3c10:	8c 91       	ld	r24, X
    3c12:	8e 7f       	andi	r24, 0xFE	; 254
    3c14:	8c 93       	st	X, r24
    3c16:	8c 2f       	mov	r24, r28
    3c18:	8f 5f       	subi	r24, 0xFF	; 255
    3c1a:	81 70       	andi	r24, 0x01	; 1
    3c1c:	e8 9f       	mul	r30, r24
    3c1e:	f0 01       	movw	r30, r0
    3c20:	11 24       	eor	r1, r1
    3c22:	df 01       	movw	r26, r30
    3c24:	a3 55       	subi	r26, 0x53	; 83
    3c26:	bb 4f       	sbci	r27, 0xFB	; 251
    3c28:	8c 91       	ld	r24, X
    3c2a:	82 ff       	sbrs	r24, 2
    3c2c:	3c c0       	rjmp	.+120    	; 0x3ca6 <.L81>
    3c2e:	ee 54       	subi	r30, 0x4E	; 78
    3c30:	fb 4f       	sbci	r31, 0xFB	; 251
    3c32:	87 e0       	ldi	r24, 0x07	; 7
    3c34:	d8 01       	movw	r26, r16
    3c36:	53 96       	adiw	r26, 0x13	; 19

00003c38 <.L0^B1>:
    3c38:	01 90       	ld	r0, Z+
    3c3a:	0d 92       	st	X+, r0
    3c3c:	8a 95       	dec	r24
    3c3e:	e1 f7       	brne	.-8      	; 0x3c38 <.L0^B1>

00003c40 <.L82>:
    3c40:	8a e1       	ldi	r24, 0x1A	; 26
    3c42:	8c 9f       	mul	r24, r28
    3c44:	f0 01       	movw	r30, r0
    3c46:	8d 9f       	mul	r24, r29
    3c48:	f0 0d       	add	r31, r0
    3c4a:	11 24       	eor	r1, r1
    3c4c:	df 01       	movw	r26, r30
    3c4e:	af 55       	subi	r26, 0x5F	; 95
    3c50:	bb 4f       	sbci	r27, 0xFB	; 251
    3c52:	8c 91       	ld	r24, X
    3c54:	8e 7f       	andi	r24, 0xFE	; 254
    3c56:	8c 93       	st	X, r24
    3c58:	e3 55       	subi	r30, 0x53	; 83
    3c5a:	fb 4f       	sbci	r31, 0xFB	; 251
    3c5c:	80 81       	ld	r24, Z
    3c5e:	84 60       	ori	r24, 0x04	; 4
    3c60:	80 83       	st	Z, r24

00003c62 <.L80>:
    3c62:	8a e1       	ldi	r24, 0x1A	; 26
    3c64:	8c 9f       	mul	r24, r28
    3c66:	f0 01       	movw	r30, r0
    3c68:	8d 9f       	mul	r24, r29
    3c6a:	f0 0d       	add	r31, r0
    3c6c:	11 24       	eor	r1, r1
    3c6e:	e3 55       	subi	r30, 0x53	; 83
    3c70:	fb 4f       	sbci	r31, 0xFB	; 251
    3c72:	80 81       	ld	r24, Z
    3c74:	8d 7f       	andi	r24, 0xFD	; 253
    3c76:	80 83       	st	Z, r24
    3c78:	8d cf       	rjmp	.-230    	; 0x3b94 <.L75>

00003c7a <.L77>:
    3c7a:	f8 01       	movw	r30, r16
    3c7c:	14 86       	std	Z+12, r1	; 0x0c
    3c7e:	15 86       	std	Z+13, r1	; 0x0d
    3c80:	c8 01       	movw	r24, r16
    3c82:	0a 96       	adiw	r24, 0x0a	; 10
    3c84:	0e 94 ae 01 	call	0x35c	; 0x35c <time_dec>
    3c88:	f6 01       	movw	r30, r12
    3c8a:	80 81       	ld	r24, Z
    3c8c:	82 60       	ori	r24, 0x02	; 2
    3c8e:	80 83       	st	Z, r24
    3c90:	f8 01       	movw	r30, r16
    3c92:	83 81       	ldd	r24, Z+3	; 0x03
    3c94:	81 11       	cpse	r24, r1
    3c96:	ac cf       	rjmp	.-168    	; 0x3bf0 <.L78>
    3c98:	f7 01       	movw	r30, r14
    3c9a:	ef 55       	subi	r30, 0x5F	; 95
    3c9c:	fb 4f       	sbci	r31, 0xFB	; 251
    3c9e:	80 81       	ld	r24, Z
    3ca0:	81 60       	ori	r24, 0x01	; 1
    3ca2:	80 83       	st	Z, r24
    3ca4:	a5 cf       	rjmp	.-182    	; 0x3bf0 <.L78>

00003ca6 <.L81>:
    3ca6:	81 e0       	ldi	r24, 0x01	; 1
    3ca8:	0e 94 94 0f 	call	0x1f28	; 0x1f28 <blink_reset>
    3cac:	c9 cf       	rjmp	.-110    	; 0x3c40 <.L82>

00003cae <p3>:
    3cae:	ef 92       	push	r14
    3cb0:	ff 92       	push	r15
    3cb2:	0f 93       	push	r16
    3cb4:	1f 93       	push	r17
    3cb6:	cf 93       	push	r28
    3cb8:	df 93       	push	r29
    3cba:	cd b7       	in	r28, 0x3d	; 61
    3cbc:	de b7       	in	r29, 0x3e	; 62
    3cbe:	68 97       	sbiw	r28, 0x18	; 24
    3cc0:	0f b6       	in	r0, 0x3f	; 63
    3cc2:	f8 94       	cli
    3cc4:	de bf       	out	0x3e, r29	; 62
    3cc6:	0f be       	out	0x3f, r0	; 63
    3cc8:	cd bf       	out	0x3d, r28	; 61
    3cca:	8f e9       	ldi	r24, 0x9F	; 159
    3ccc:	e8 2e       	mov	r14, r24
    3cce:	84 e0       	ldi	r24, 0x04	; 4
    3cd0:	f8 2e       	mov	r15, r24
    3cd2:	00 e0       	ldi	r16, 0x00	; 0
    3cd4:	10 e0       	ldi	r17, 0x00	; 0

00003cd6 <.L100>:
    3cd6:	c7 01       	movw	r24, r14
    3cd8:	43 96       	adiw	r24, 0x13	; 19
    3cda:	0e 94 8f 0f 	call	0x1f1e	; 0x1f1e <blink_set>
    3cde:	f7 01       	movw	r30, r14
    3ce0:	83 81       	ldd	r24, Z+3	; 0x03
    3ce2:	81 11       	cpse	r24, r1
    3ce4:	04 c0       	rjmp	.+8      	; 0x3cee <.L96>
    3ce6:	80 91 d4 04 	lds	r24, 0x04D4	; 0x8004d4 <fryer+0x35>
    3cea:	81 30       	cpi	r24, 0x01	; 1
    3cec:	b1 f0       	breq	.+44     	; 0x3d1a <.L102>

00003cee <.L96>:
    3cee:	c8 01       	movw	r24, r16
    3cf0:	01 96       	adiw	r24, 0x01	; 1
    3cf2:	fa e1       	ldi	r31, 0x1A	; 26
    3cf4:	ef 0e       	add	r14, r31
    3cf6:	f1 1c       	adc	r15, r1
    3cf8:	01 e0       	ldi	r16, 0x01	; 1
    3cfa:	10 e0       	ldi	r17, 0x00	; 0
    3cfc:	02 97       	sbiw	r24, 0x02	; 2
    3cfe:	59 f7       	brne	.-42     	; 0x3cd6 <.L100>
    3d00:	68 96       	adiw	r28, 0x18	; 24
    3d02:	0f b6       	in	r0, 0x3f	; 63
    3d04:	f8 94       	cli
    3d06:	de bf       	out	0x3e, r29	; 62
    3d08:	0f be       	out	0x3f, r0	; 63
    3d0a:	cd bf       	out	0x3d, r28	; 61
    3d0c:	df 91       	pop	r29
    3d0e:	cf 91       	pop	r28
    3d10:	1f 91       	pop	r17
    3d12:	0f 91       	pop	r16
    3d14:	ff 90       	pop	r15
    3d16:	ef 90       	pop	r14
    3d18:	08 95       	ret

00003d1a <.L102>:
    3d1a:	2a e1       	ldi	r18, 0x1A	; 26
    3d1c:	20 9f       	mul	r18, r16
    3d1e:	c0 01       	movw	r24, r0
    3d20:	21 9f       	mul	r18, r17
    3d22:	90 0d       	add	r25, r0
    3d24:	11 24       	eor	r1, r1
    3d26:	9c 01       	movw	r18, r24
    3d28:	2f 55       	subi	r18, 0x5F	; 95
    3d2a:	3b 4f       	sbci	r19, 0xFB	; 251
    3d2c:	2f 8b       	std	Y+23, r18	; 0x17
    3d2e:	38 8f       	std	Y+24, r19	; 0x18
    3d30:	f9 01       	movw	r30, r18
    3d32:	80 81       	ld	r24, Z
    3d34:	80 fd       	sbrc	r24, 0
    3d36:	22 c0       	rjmp	.+68     	; 0x3d7c <.L103>

00003d38 <.L98>:
    3d38:	2a e1       	ldi	r18, 0x1A	; 26
    3d3a:	20 9f       	mul	r18, r16
    3d3c:	c0 01       	movw	r24, r0
    3d3e:	21 9f       	mul	r18, r17
    3d40:	90 0d       	add	r25, r0
    3d42:	11 24       	eor	r1, r1
    3d44:	fc 01       	movw	r30, r24
    3d46:	e3 55       	subi	r30, 0x53	; 83
    3d48:	fb 4f       	sbci	r31, 0xFB	; 251
    3d4a:	20 81       	ld	r18, Z
    3d4c:	22 ff       	sbrs	r18, 2
    3d4e:	cf cf       	rjmp	.-98     	; 0x3cee <.L96>
    3d50:	8a 54       	subi	r24, 0x4A	; 74
    3d52:	9b 4f       	sbci	r25, 0xFB	; 251
    3d54:	fc 01       	movw	r30, r24
    3d56:	80 81       	ld	r24, Z
    3d58:	80 fd       	sbrc	r24, 0
    3d5a:	47 c0       	rjmp	.+142    	; 0x3dea <.L99>
    3d5c:	44 e0       	ldi	r20, 0x04	; 4
    3d5e:	60 e0       	ldi	r22, 0x00	; 0
    3d60:	ce 01       	movw	r24, r28
    3d62:	01 96       	adiw	r24, 0x01	; 1
    3d64:	0e 94 ff 13 	call	0x27fe	; 0x27fe <disp7s_blank_displays>
    3d68:	44 e0       	ldi	r20, 0x04	; 4
    3d6a:	f7 01       	movw	r30, r14
    3d6c:	60 81       	ld	r22, Z
    3d6e:	ce 01       	movw	r24, r28
    3d70:	01 96       	adiw	r24, 0x01	; 1
    3d72:	0e 94 0e 14 	call	0x281c	; 0x281c <disp7s_update_data_array>
    3d76:	0e 94 c1 09 	call	0x1382	; 0x1382 <indicator_on>
    3d7a:	b9 cf       	rjmp	.-142    	; 0x3cee <.L96>

00003d7c <.L103>:
    3d7c:	f7 01       	movw	r30, r14
    3d7e:	82 85       	ldd	r24, Z+10	; 0x0a
    3d80:	42 e0       	ldi	r20, 0x02	; 2
    3d82:	be 01       	movw	r22, r28
    3d84:	6b 5e       	subi	r22, 0xEB	; 235
    3d86:	7f 4f       	sbci	r23, 0xFF	; 255
    3d88:	98 2f       	mov	r25, r24
    3d8a:	99 0f       	add	r25, r25
    3d8c:	99 0b       	sbc	r25, r25
    3d8e:	0e 94 59 14 	call	0x28b2	; 0x28b2 <integer_to_arraybcd_msb_lsb_paddingleft_blank>
    3d92:	8e 89       	ldd	r24, Y+22	; 0x16
    3d94:	9d 89       	ldd	r25, Y+21	; 0x15
    3d96:	99 83       	std	Y+1, r25	; 0x01
    3d98:	8a 83       	std	Y+2, r24	; 0x02
    3d9a:	f7 01       	movw	r30, r14
    3d9c:	83 85       	ldd	r24, Z+11	; 0x0b
    3d9e:	42 e0       	ldi	r20, 0x02	; 2
    3da0:	be 01       	movw	r22, r28
    3da2:	6b 5e       	subi	r22, 0xEB	; 235
    3da4:	7f 4f       	sbci	r23, 0xFF	; 255
    3da6:	98 2f       	mov	r25, r24
    3da8:	99 0f       	add	r25, r25
    3daa:	99 0b       	sbc	r25, r25
    3dac:	0e 94 eb 14 	call	0x29d6	; 0x29d6 <integer_to_arraybcd_msb_lsb_paddingleft_zeroes>
    3db0:	8e 89       	ldd	r24, Y+22	; 0x16
    3db2:	9d 89       	ldd	r25, Y+21	; 0x15
    3db4:	9b 83       	std	Y+3, r25	; 0x03
    3db6:	8c 83       	std	Y+4, r24	; 0x04
    3db8:	ce 01       	movw	r24, r28
    3dba:	02 96       	adiw	r24, 0x02	; 2
    3dbc:	0e 94 7b 15 	call	0x2af6	; 0x2af6 <disp7s_decimalpoint_on>
    3dc0:	ce 01       	movw	r24, r28
    3dc2:	03 96       	adiw	r24, 0x03	; 3
    3dc4:	0e 94 7b 15 	call	0x2af6	; 0x2af6 <disp7s_decimalpoint_on>
    3dc8:	ce 01       	movw	r24, r28
    3dca:	03 96       	adiw	r24, 0x03	; 3
    3dcc:	0e 94 d7 13 	call	0x27ae	; 0x27ae <disp7s_fix_upsidedown_display>
    3dd0:	44 e0       	ldi	r20, 0x04	; 4
    3dd2:	f7 01       	movw	r30, r14
    3dd4:	60 81       	ld	r22, Z
    3dd6:	ce 01       	movw	r24, r28
    3dd8:	01 96       	adiw	r24, 0x01	; 1
    3dda:	0e 94 0e 14 	call	0x281c	; 0x281c <disp7s_update_data_array>
    3dde:	ef 89       	ldd	r30, Y+23	; 0x17
    3de0:	f8 8d       	ldd	r31, Y+24	; 0x18
    3de2:	80 81       	ld	r24, Z
    3de4:	8e 7f       	andi	r24, 0xFE	; 254
    3de6:	80 83       	st	Z, r24
    3de8:	a7 cf       	rjmp	.-178    	; 0x3d38 <.L98>

00003dea <.L99>:
    3dea:	44 e0       	ldi	r20, 0x04	; 4
    3dec:	50 e0       	ldi	r21, 0x00	; 0
    3dee:	68 eb       	ldi	r22, 0xB8	; 184
    3df0:	72 e0       	ldi	r23, 0x02	; 2
    3df2:	ce 01       	movw	r24, r28
    3df4:	01 96       	adiw	r24, 0x01	; 1
    3df6:	0e 94 b4 23 	call	0x4768	; 0x4768 <strncpy>
    3dfa:	44 e0       	ldi	r20, 0x04	; 4
    3dfc:	f7 01       	movw	r30, r14
    3dfe:	60 81       	ld	r22, Z
    3e00:	ce 01       	movw	r24, r28
    3e02:	01 96       	adiw	r24, 0x01	; 1
    3e04:	0e 94 0e 14 	call	0x281c	; 0x281c <disp7s_update_data_array>
    3e08:	0e 94 d0 09 	call	0x13a0	; 0x13a0 <indicator_off>
    3e0c:	70 cf       	rjmp	.-288    	; 0x3cee <.L96>

00003e0e <psmode_operative>:
    3e0e:	80 91 d6 04 	lds	r24, 0x04D6	; 0x8004d6 <fryer+0x37>
    3e12:	81 15       	cp	r24, r1
    3e14:	19 f1       	breq	.+70     	; 0x3e5c <.L116>
    3e16:	80 91 d4 04 	lds	r24, 0x04D4	; 0x8004d4 <fryer+0x35>
    3e1a:	81 30       	cpi	r24, 0x01	; 1
    3e1c:	51 f1       	breq	.+84     	; 0x3e72 <.L117>

00003e1e <.L106>:
    3e1e:	0e 94 aa 1d 	call	0x3b54	; 0x3b54 <p2>
    3e22:	80 91 d4 04 	lds	r24, 0x04D4	; 0x8004d4 <fryer+0x35>
    3e26:	81 30       	cpi	r24, 0x01	; 1
    3e28:	09 f0       	breq	.+2      	; 0x3e2c <.L118>

00003e2a <.L104>:
    3e2a:	08 95       	ret

00003e2c <.L118>:
    3e2c:	0e 94 57 1e 	call	0x3cae	; 0x3cae <p3>
    3e30:	80 91 d4 04 	lds	r24, 0x04D4	; 0x8004d4 <fryer+0x35>
    3e34:	81 30       	cpi	r24, 0x01	; 1
    3e36:	c9 f7       	brne	.-14     	; 0x3e2a <.L104>
    3e38:	82 eb       	ldi	r24, 0xB2	; 178
    3e3a:	94 e0       	ldi	r25, 0x04	; 4
    3e3c:	0e 94 8f 0f 	call	0x1f1e	; 0x1f1e <blink_set>
    3e40:	80 91 da 04 	lds	r24, 0x04DA	; 0x8004da <mainflag>
    3e44:	80 fd       	sbrc	r24, 0
    3e46:	18 c0       	rjmp	.+48     	; 0x3e78 <.L119>

00003e48 <.L108>:
    3e48:	8c ec       	ldi	r24, 0xCC	; 204
    3e4a:	94 e0       	ldi	r25, 0x04	; 4
    3e4c:	0e 94 8f 0f 	call	0x1f1e	; 0x1f1e <blink_set>
    3e50:	80 91 da 04 	lds	r24, 0x04DA	; 0x8004da <mainflag>
    3e54:	80 ff       	sbrs	r24, 0
    3e56:	e9 cf       	rjmp	.-46     	; 0x3e2a <.L104>
    3e58:	0c 94 a1 0f 	jmp	0x1f42	; 0x1f42 <blink_timing>

00003e5c <.L116>:
    3e5c:	0e 94 60 1a 	call	0x34c0	; 0x34c0 <psmode_operative_init>
    3e60:	80 91 d6 04 	lds	r24, 0x04D6	; 0x8004d6 <fryer+0x37>
    3e64:	8f 5f       	subi	r24, 0xFF	; 255
    3e66:	80 93 d6 04 	sts	0x04D6, r24	; 0x8004d6 <fryer+0x37>
    3e6a:	80 91 d4 04 	lds	r24, 0x04D4	; 0x8004d4 <fryer+0x35>
    3e6e:	81 30       	cpi	r24, 0x01	; 1
    3e70:	b1 f6       	brne	.-84     	; 0x3e1e <.L106>

00003e72 <.L117>:
    3e72:	0e 94 0e 1b 	call	0x361c	; 0x361c <p1>
    3e76:	d3 cf       	rjmp	.-90     	; 0x3e1e <.L106>

00003e78 <.L119>:
    3e78:	0e 94 a1 0f 	call	0x1f42	; 0x1f42 <blink_timing>
    3e7c:	e5 cf       	rjmp	.-54     	; 0x3e48 <.L108>

00003e7e <psmode_program>:
    3e7e:	0f 93       	push	r16
    3e80:	1f 93       	push	r17
    3e82:	cf 93       	push	r28
    3e84:	df 93       	push	r29
    3e86:	cd b7       	in	r28, 0x3d	; 61
    3e88:	de b7       	in	r29, 0x3e	; 62
    3e8a:	2a 97       	sbiw	r28, 0x0a	; 10
    3e8c:	0f b6       	in	r0, 0x3f	; 63
    3e8e:	f8 94       	cli
    3e90:	de bf       	out	0x3e, r29	; 62
    3e92:	0f be       	out	0x3f, r0	; 63
    3e94:	cd bf       	out	0x3d, r28	; 61
    3e96:	80 e1       	ldi	r24, 0x10	; 16
    3e98:	95 e0       	ldi	r25, 0x05	; 5
    3e9a:	0e 94 8f 0f 	call	0x1f1e	; 0x1f1e <blink_set>
    3e9e:	80 91 d5 04 	lds	r24, 0x04D5	; 0x8004d5 <fryer+0x36>
    3ea2:	81 30       	cpi	r24, 0x01	; 1
    3ea4:	08 f0       	brcs	.+2      	; 0x3ea8 <L0^A+0x2>

00003ea6 <L0^A>:
    3ea6:	4a c0       	rjmp	.+148    	; 0x3f3c <.L2>
    3ea8:	86 e0       	ldi	r24, 0x06	; 6
    3eaa:	ee e8       	ldi	r30, 0x8E	; 142
    3eac:	f0 e0       	ldi	r31, 0x00	; 0
    3eae:	de 01       	movw	r26, r28
    3eb0:	11 96       	adiw	r26, 0x01	; 1

00003eb2 <.L0^B1>:
    3eb2:	01 90       	ld	r0, Z+
    3eb4:	0d 92       	st	X+, r0
    3eb6:	8a 95       	dec	r24
    3eb8:	e1 f7       	brne	.-8      	; 0x3eb2 <.L0^B1>
    3eba:	89 81       	ldd	r24, Y+1	; 0x01
    3ebc:	81 60       	ori	r24, 0x01	; 1
    3ebe:	89 83       	std	Y+1, r24	; 0x01
    3ec0:	0f e9       	ldi	r16, 0x9F	; 159
    3ec2:	14 e0       	ldi	r17, 0x04	; 4

00003ec4 <.L3>:
    3ec4:	29 81       	ldd	r18, Y+1	; 0x01
    3ec6:	3a 81       	ldd	r19, Y+2	; 0x02
    3ec8:	4b 81       	ldd	r20, Y+3	; 0x03
    3eca:	5c 81       	ldd	r21, Y+4	; 0x04
    3ecc:	6d 81       	ldd	r22, Y+5	; 0x05
    3ece:	7e 81       	ldd	r23, Y+6	; 0x06
    3ed0:	f8 01       	movw	r30, r16
    3ed2:	80 85       	ldd	r24, Z+8	; 0x08
    3ed4:	0e 94 85 0a 	call	0x150a	; 0x150a <ikb_setKeyProp>
    3ed8:	06 5e       	subi	r16, 0xE6	; 230
    3eda:	1f 4f       	sbci	r17, 0xFF	; 255
    3edc:	83 ed       	ldi	r24, 0xD3	; 211
    3ede:	94 e0       	ldi	r25, 0x04	; 4
    3ee0:	80 17       	cp	r24, r16
    3ee2:	91 07       	cpc	r25, r17
    3ee4:	79 f7       	brne	.-34     	; 0x3ec4 <.L3>
    3ee6:	80 91 d5 04 	lds	r24, 0x04D5	; 0x8004d5 <fryer+0x36>
    3eea:	8f 5f       	subi	r24, 0xFF	; 255
    3eec:	80 93 d5 04 	sts	0x04D5, r24	; 0x8004d5 <fryer+0x36>
    3ef0:	80 e9       	ldi	r24, 0x90	; 144
    3ef2:	91 e0       	ldi	r25, 0x01	; 1
    3ef4:	80 93 12 05 	sts	0x0512, r24	; 0x800512 <blink.0+0x2>
    3ef8:	90 93 13 05 	sts	0x0513, r25	; 0x800513 <blink.0+0x3>

00003efc <.L4>:
    3efc:	80 91 17 05 	lds	r24, 0x0517	; 0x800517 <blinkIsActive>
    3f00:	90 91 18 05 	lds	r25, 0x0518	; 0x800518 <blinkIsActive+0x1>
    3f04:	89 2b       	or	r24, r25
    3f06:	21 f0       	breq	.+8      	; 0x3f10 <.L19>
    3f08:	80 91 14 05 	lds	r24, 0x0514	; 0x800514 <blink.0+0x4>
    3f0c:	81 fd       	sbrc	r24, 1
    3f0e:	36 c0       	rjmp	.+108    	; 0x3f7c <.L41>

00003f10 <.L19>:
    3f10:	83 e0       	ldi	r24, 0x03	; 3
    3f12:	0e 94 96 0b 	call	0x172c	; 0x172c <ikb_key_is_ready2read>
    3f16:	10 e0       	ldi	r17, 0x00	; 0
    3f18:	81 11       	cpse	r24, r1
    3f1a:	4b c0       	rjmp	.+150    	; 0x3fb2 <.L42>

00003f1c <.L22>:
    3f1c:	80 91 da 04 	lds	r24, 0x04DA	; 0x8004da <mainflag>
    3f20:	80 fd       	sbrc	r24, 0
    3f22:	5f c0       	rjmp	.+190    	; 0x3fe2 <.L43>

00003f24 <.L1>:
    3f24:	81 2f       	mov	r24, r17
    3f26:	2a 96       	adiw	r28, 0x0a	; 10
    3f28:	0f b6       	in	r0, 0x3f	; 63
    3f2a:	f8 94       	cli
    3f2c:	de bf       	out	0x3e, r29	; 62
    3f2e:	0f be       	out	0x3f, r0	; 63
    3f30:	cd bf       	out	0x3d, r28	; 61
    3f32:	df 91       	pop	r29
    3f34:	cf 91       	pop	r28
    3f36:	1f 91       	pop	r17
    3f38:	0f 91       	pop	r16
    3f3a:	08 95       	ret

00003f3c <.L2>:
    3f3c:	09 f4       	brne	.+2      	; 0x3f40 <L0^A+0x2>

00003f3e <L0^A>:
    3f3e:	5d c0       	rjmp	.+186    	; 0x3ffa <.L44>
    3f40:	82 30       	cpi	r24, 0x02	; 2
    3f42:	09 f4       	brne	.+2      	; 0x3f46 <L0^A+0x2>

00003f44 <L0^A>:
    3f44:	6c c0       	rjmp	.+216    	; 0x401e <.L45>
    3f46:	83 30       	cpi	r24, 0x03	; 3
    3f48:	09 f4       	brne	.+2      	; 0x3f4c <L0^A+0x2>

00003f4a <L0^A>:
    3f4a:	79 c0       	rjmp	.+242    	; 0x403e <.L46>
    3f4c:	84 30       	cpi	r24, 0x04	; 4
    3f4e:	b1 f6       	brne	.-84     	; 0x3efc <.L4>
    3f50:	0f e9       	ldi	r16, 0x9F	; 159
    3f52:	14 e0       	ldi	r17, 0x04	; 4

00003f54 <.L17>:
    3f54:	f8 01       	movw	r30, r16
    3f56:	86 81       	ldd	r24, Z+6	; 0x06
    3f58:	0e 94 96 0b 	call	0x172c	; 0x172c <ikb_key_is_ready2read>
    3f5c:	81 11       	cpse	r24, r1
    3f5e:	9f c0       	rjmp	.+318    	; 0x409e <.L47>

00003f60 <.L10>:
    3f60:	f8 01       	movw	r30, r16
    3f62:	87 81       	ldd	r24, Z+7	; 0x07
    3f64:	0e 94 96 0b 	call	0x172c	; 0x172c <ikb_key_is_ready2read>
    3f68:	81 11       	cpse	r24, r1
    3f6a:	75 c0       	rjmp	.+234    	; 0x4056 <.L48>

00003f6c <.L14>:
    3f6c:	06 5e       	subi	r16, 0xE6	; 230
    3f6e:	1f 4f       	sbci	r17, 0xFF	; 255
    3f70:	83 ed       	ldi	r24, 0xD3	; 211
    3f72:	94 e0       	ldi	r25, 0x04	; 4
    3f74:	80 17       	cp	r24, r16
    3f76:	91 07       	cpc	r25, r17
    3f78:	69 f7       	brne	.-38     	; 0x3f54 <.L17>
    3f7a:	c0 cf       	rjmp	.-128    	; 0x3efc <.L4>

00003f7c <.L41>:
    3f7c:	8d 7f       	andi	r24, 0xFD	; 253
    3f7e:	80 93 14 05 	sts	0x0514, r24	; 0x800514 <blink.0+0x4>
    3f82:	80 ff       	sbrs	r24, 0
    3f84:	31 c0       	rjmp	.+98     	; 0x3fe8 <.L49>
    3f86:	8e 01       	movw	r16, r28
    3f88:	0f 5f       	subi	r16, 0xFF	; 255
    3f8a:	1f 4f       	sbci	r17, 0xFF	; 255
    3f8c:	b8 01       	movw	r22, r16
    3f8e:	80 91 19 05 	lds	r24, 0x0519	; 0x800519 <tmprture_coccion>
    3f92:	90 91 1a 05 	lds	r25, 0x051A	; 0x80051a <tmprture_coccion+0x1>
    3f96:	0e 94 c2 12 	call	0x2584	; 0x2584 <temperature_format_temperature_3digits>

00003f9a <.L21>:
    3f9a:	44 e0       	ldi	r20, 0x04	; 4
    3f9c:	64 e0       	ldi	r22, 0x04	; 4
    3f9e:	c8 01       	movw	r24, r16
    3fa0:	0e 94 0e 14 	call	0x281c	; 0x281c <disp7s_update_data_array>
    3fa4:	83 e0       	ldi	r24, 0x03	; 3
    3fa6:	0e 94 96 0b 	call	0x172c	; 0x172c <ikb_key_is_ready2read>
    3faa:	10 e0       	ldi	r17, 0x00	; 0
    3fac:	81 15       	cp	r24, r1
    3fae:	09 f4       	brne	.+2      	; 0x3fb2 <.L42>

00003fb0 <L0^A>:
    3fb0:	b5 cf       	rjmp	.-150    	; 0x3f1c <.L22>

00003fb2 <.L42>:
    3fb2:	83 e0       	ldi	r24, 0x03	; 3
    3fb4:	0e 94 aa 0b 	call	0x1754	; 0x1754 <ikb_key_was_read>
    3fb8:	80 91 d5 04 	lds	r24, 0x04D5	; 0x8004d5 <fryer+0x36>
    3fbc:	8f 5f       	subi	r24, 0xFF	; 255
    3fbe:	80 93 d5 04 	sts	0x04D5, r24	; 0x8004d5 <fryer+0x36>
    3fc2:	83 30       	cpi	r24, 0x03	; 3
    3fc4:	31 f1       	breq	.+76     	; 0x4012 <.L50>
    3fc6:	85 30       	cpi	r24, 0x05	; 5
    3fc8:	09 f4       	brne	.+2      	; 0x3fcc <.L24>

00003fca <L0^A>:
    3fca:	8c c0       	rjmp	.+280    	; 0x40e4 <.L25>

00003fcc <.L24>:
    3fcc:	10 e0       	ldi	r17, 0x00	; 0

00003fce <.L26>:
    3fce:	80 e5       	ldi	r24, 0x50	; 80
    3fd0:	90 e0       	ldi	r25, 0x00	; 0
    3fd2:	0e 94 a4 09 	call	0x1348	; 0x1348 <indicatorTimed_setKSysTickTime_ms>
    3fd6:	0e 94 a9 09 	call	0x1352	; 0x1352 <indicatorTimed_run>
    3fda:	80 91 da 04 	lds	r24, 0x04DA	; 0x8004da <mainflag>
    3fde:	80 ff       	sbrs	r24, 0
    3fe0:	a1 cf       	rjmp	.-190    	; 0x3f24 <.L1>

00003fe2 <.L43>:
    3fe2:	0e 94 a1 0f 	call	0x1f42	; 0x1f42 <blink_timing>
    3fe6:	9e cf       	rjmp	.-196    	; 0x3f24 <.L1>

00003fe8 <.L49>:
    3fe8:	44 e0       	ldi	r20, 0x04	; 4
    3fea:	60 e0       	ldi	r22, 0x00	; 0
    3fec:	8e 01       	movw	r16, r28
    3fee:	0f 5f       	subi	r16, 0xFF	; 255
    3ff0:	1f 4f       	sbci	r17, 0xFF	; 255
    3ff2:	c8 01       	movw	r24, r16
    3ff4:	0e 94 ff 13 	call	0x27fe	; 0x27fe <disp7s_blank_displays>
    3ff8:	d0 cf       	rjmp	.-96     	; 0x3f9a <.L21>

00003ffa <.L44>:
    3ffa:	44 e0       	ldi	r20, 0x04	; 4
    3ffc:	60 e0       	ldi	r22, 0x00	; 0
    3ffe:	84 eb       	ldi	r24, 0xB4	; 180
    4000:	92 e0       	ldi	r25, 0x02	; 2
    4002:	0e 94 0e 14 	call	0x281c	; 0x281c <disp7s_update_data_array>
    4006:	80 91 d5 04 	lds	r24, 0x04D5	; 0x8004d5 <fryer+0x36>
    400a:	8f 5f       	subi	r24, 0xFF	; 255
    400c:	80 93 d5 04 	sts	0x04D5, r24	; 0x8004d5 <fryer+0x36>
    4010:	75 cf       	rjmp	.-278    	; 0x3efc <.L4>

00004012 <.L50>:
    4012:	81 e0       	ldi	r24, 0x01	; 1
    4014:	80 93 17 05 	sts	0x0517, r24	; 0x800517 <blinkIsActive>
    4018:	10 92 18 05 	sts	0x0518, r1	; 0x800518 <blinkIsActive+0x1>
    401c:	d7 cf       	rjmp	.-82     	; 0x3fcc <.L24>

0000401e <.L45>:
    401e:	be 01       	movw	r22, r28
    4020:	6f 5f       	subi	r22, 0xFF	; 255
    4022:	7f 4f       	sbci	r23, 0xFF	; 255
    4024:	80 91 55 04 	lds	r24, 0x0455	; 0x800455 <TCtemperature>
    4028:	90 91 56 04 	lds	r25, 0x0456	; 0x800456 <TCtemperature+0x1>
    402c:	0e 94 c2 12 	call	0x2584	; 0x2584 <temperature_format_temperature_3digits>
    4030:	44 e0       	ldi	r20, 0x04	; 4
    4032:	64 e0       	ldi	r22, 0x04	; 4
    4034:	ce 01       	movw	r24, r28
    4036:	01 96       	adiw	r24, 0x01	; 1
    4038:	0e 94 0e 14 	call	0x281c	; 0x281c <disp7s_update_data_array>
    403c:	5f cf       	rjmp	.-322    	; 0x3efc <.L4>

0000403e <.L46>:
    403e:	44 e0       	ldi	r20, 0x04	; 4
    4040:	60 e0       	ldi	r22, 0x00	; 0
    4042:	80 eb       	ldi	r24, 0xB0	; 176
    4044:	92 e0       	ldi	r25, 0x02	; 2
    4046:	0e 94 0e 14 	call	0x281c	; 0x281c <disp7s_update_data_array>
    404a:	80 91 d5 04 	lds	r24, 0x04D5	; 0x8004d5 <fryer+0x36>
    404e:	8f 5f       	subi	r24, 0xFF	; 255
    4050:	80 93 d5 04 	sts	0x04D5, r24	; 0x8004d5 <fryer+0x36>
    4054:	53 cf       	rjmp	.-346    	; 0x3efc <.L4>

00004056 <.L48>:
    4056:	f8 01       	movw	r30, r16
    4058:	87 81       	ldd	r24, Z+7	; 0x07
    405a:	0e 94 aa 0b 	call	0x1754	; 0x1754 <ikb_key_was_read>
    405e:	f8 01       	movw	r30, r16
    4060:	87 81       	ldd	r24, Z+7	; 0x07
    4062:	0e 94 43 0c 	call	0x1886	; 0x1886 <ikb_inReptt>
    4066:	81 15       	cp	r24, r1
    4068:	09 f4       	brne	.+2      	; 0x406c <.L15>

0000406a <L0^A>:
    406a:	51 c0       	rjmp	.+162    	; 0x410e <.L51>

0000406c <.L15>:
    406c:	81 e0       	ldi	r24, 0x01	; 1
    406e:	0e 94 94 0f 	call	0x1f28	; 0x1f28 <blink_reset>
    4072:	80 91 19 05 	lds	r24, 0x0519	; 0x800519 <tmprture_coccion>
    4076:	90 91 1a 05 	lds	r25, 0x051A	; 0x80051a <tmprture_coccion+0x1>
    407a:	01 96       	adiw	r24, 0x01	; 1
    407c:	80 93 19 05 	sts	0x0519, r24	; 0x800519 <tmprture_coccion>
    4080:	90 93 1a 05 	sts	0x051A, r25	; 0x80051a <tmprture_coccion+0x1>
    4084:	20 91 1d 05 	lds	r18, 0x051D	; 0x80051d <tmprture_coccion+0x4>
    4088:	30 91 1e 05 	lds	r19, 0x051E	; 0x80051e <tmprture_coccion+0x5>
    408c:	82 17       	cp	r24, r18
    408e:	93 07       	cpc	r25, r19
    4090:	0c f4       	brge	.+2      	; 0x4094 <L0^A+0x2>

00004092 <L0^A>:
    4092:	6c cf       	rjmp	.-296    	; 0x3f6c <.L14>
    4094:	20 93 19 05 	sts	0x0519, r18	; 0x800519 <tmprture_coccion>
    4098:	30 93 1a 05 	sts	0x051A, r19	; 0x80051a <tmprture_coccion+0x1>
    409c:	67 cf       	rjmp	.-306    	; 0x3f6c <.L14>

0000409e <.L47>:
    409e:	f8 01       	movw	r30, r16
    40a0:	86 81       	ldd	r24, Z+6	; 0x06
    40a2:	0e 94 aa 0b 	call	0x1754	; 0x1754 <ikb_key_was_read>
    40a6:	f8 01       	movw	r30, r16
    40a8:	86 81       	ldd	r24, Z+6	; 0x06
    40aa:	0e 94 43 0c 	call	0x1886	; 0x1886 <ikb_inReptt>
    40ae:	81 15       	cp	r24, r1
    40b0:	39 f1       	breq	.+78     	; 0x4100 <.L52>

000040b2 <.L11>:
    40b2:	81 e0       	ldi	r24, 0x01	; 1
    40b4:	0e 94 94 0f 	call	0x1f28	; 0x1f28 <blink_reset>
    40b8:	80 91 19 05 	lds	r24, 0x0519	; 0x800519 <tmprture_coccion>
    40bc:	90 91 1a 05 	lds	r25, 0x051A	; 0x80051a <tmprture_coccion+0x1>
    40c0:	01 97       	sbiw	r24, 0x01	; 1
    40c2:	80 93 19 05 	sts	0x0519, r24	; 0x800519 <tmprture_coccion>
    40c6:	90 93 1a 05 	sts	0x051A, r25	; 0x80051a <tmprture_coccion+0x1>
    40ca:	20 91 1b 05 	lds	r18, 0x051B	; 0x80051b <tmprture_coccion+0x2>
    40ce:	30 91 1c 05 	lds	r19, 0x051C	; 0x80051c <tmprture_coccion+0x3>
    40d2:	28 17       	cp	r18, r24
    40d4:	39 07       	cpc	r19, r25
    40d6:	0c f4       	brge	.+2      	; 0x40da <L0^A+0x2>

000040d8 <L0^A>:
    40d8:	43 cf       	rjmp	.-378    	; 0x3f60 <.L10>
    40da:	20 93 19 05 	sts	0x0519, r18	; 0x800519 <tmprture_coccion>
    40de:	30 93 1a 05 	sts	0x051A, r19	; 0x80051a <tmprture_coccion+0x1>
    40e2:	3e cf       	rjmp	.-388    	; 0x3f60 <.L10>

000040e4 <.L25>:
    40e4:	46 e0       	ldi	r20, 0x06	; 6
    40e6:	50 e0       	ldi	r21, 0x00	; 0
    40e8:	64 e0       	ldi	r22, 0x04	; 4
    40ea:	70 e0       	ldi	r23, 0x00	; 0
    40ec:	89 e1       	ldi	r24, 0x19	; 25
    40ee:	95 e0       	ldi	r25, 0x05	; 5
    40f0:	0e 94 dc 23 	call	0x47b8	; 0x47b8 <eeprom_update_block>
    40f4:	10 92 17 05 	sts	0x0517, r1	; 0x800517 <blinkIsActive>
    40f8:	10 92 18 05 	sts	0x0518, r1	; 0x800518 <blinkIsActive+0x1>
    40fc:	11 e0       	ldi	r17, 0x01	; 1
    40fe:	67 cf       	rjmp	.-306    	; 0x3fce <.L26>

00004100 <.L52>:
    4100:	8b e4       	ldi	r24, 0x4B	; 75
    4102:	90 e0       	ldi	r25, 0x00	; 0
    4104:	0e 94 a4 09 	call	0x1348	; 0x1348 <indicatorTimed_setKSysTickTime_ms>
    4108:	0e 94 a9 09 	call	0x1352	; 0x1352 <indicatorTimed_run>
    410c:	d2 cf       	rjmp	.-92     	; 0x40b2 <.L11>

0000410e <.L51>:
    410e:	8b e4       	ldi	r24, 0x4B	; 75
    4110:	90 e0       	ldi	r25, 0x00	; 0
    4112:	0e 94 a4 09 	call	0x1348	; 0x1348 <indicatorTimed_setKSysTickTime_ms>
    4116:	0e 94 a9 09 	call	0x1352	; 0x1352 <indicatorTimed_run>
    411a:	a8 cf       	rjmp	.-176    	; 0x406c <.L15>

0000411c <psmode_viewTemp>:
    411c:	0f 93       	push	r16
    411e:	1f 93       	push	r17
    4120:	cf 93       	push	r28
    4122:	df 93       	push	r29
    4124:	cd b7       	in	r28, 0x3d	; 61
    4126:	de b7       	in	r29, 0x3e	; 62
    4128:	2a 97       	sbiw	r28, 0x0a	; 10
    412a:	0f b6       	in	r0, 0x3f	; 63
    412c:	f8 94       	cli
    412e:	de bf       	out	0x3e, r29	; 62
    4130:	0f be       	out	0x3f, r0	; 63
    4132:	cd bf       	out	0x3d, r28	; 61
    4134:	80 91 d7 04 	lds	r24, 0x04D7	; 0x8004d7 <fryer+0x38>
    4138:	81 30       	cpi	r24, 0x01	; 1
    413a:	a8 f5       	brcc	.+106    	; 0x41a6 <.L2>
    413c:	86 e0       	ldi	r24, 0x06	; 6
    413e:	ee e8       	ldi	r30, 0x8E	; 142
    4140:	f0 e0       	ldi	r31, 0x00	; 0
    4142:	de 01       	movw	r26, r28
    4144:	11 96       	adiw	r26, 0x01	; 1

00004146 <.L0^B1>:
    4146:	01 90       	ld	r0, Z+
    4148:	0d 92       	st	X+, r0
    414a:	8a 95       	dec	r24
    414c:	e1 f7       	brne	.-8      	; 0x4146 <.L0^B1>
    414e:	89 81       	ldd	r24, Y+1	; 0x01
    4150:	81 60       	ori	r24, 0x01	; 1
    4152:	89 83       	std	Y+1, r24	; 0x01
    4154:	0f e9       	ldi	r16, 0x9F	; 159
    4156:	14 e0       	ldi	r17, 0x04	; 4

00004158 <.L3>:
    4158:	29 81       	ldd	r18, Y+1	; 0x01
    415a:	3a 81       	ldd	r19, Y+2	; 0x02
    415c:	4b 81       	ldd	r20, Y+3	; 0x03
    415e:	5c 81       	ldd	r21, Y+4	; 0x04
    4160:	6d 81       	ldd	r22, Y+5	; 0x05
    4162:	7e 81       	ldd	r23, Y+6	; 0x06
    4164:	f8 01       	movw	r30, r16
    4166:	80 85       	ldd	r24, Z+8	; 0x08
    4168:	0e 94 85 0a 	call	0x150a	; 0x150a <ikb_setKeyProp>
    416c:	06 5e       	subi	r16, 0xE6	; 230
    416e:	1f 4f       	sbci	r17, 0xFF	; 255
    4170:	f4 e0       	ldi	r31, 0x04	; 4
    4172:	03 3d       	cpi	r16, 0xD3	; 211
    4174:	1f 07       	cpc	r17, r31
    4176:	81 f7       	brne	.-32     	; 0x4158 <.L3>

00004178 <.L17>:
    4178:	80 91 d7 04 	lds	r24, 0x04D7	; 0x8004d7 <fryer+0x38>
    417c:	8f 5f       	subi	r24, 0xFF	; 255
    417e:	80 93 d7 04 	sts	0x04D7, r24	; 0x8004d7 <fryer+0x38>

00004182 <.L18>:
    4182:	10 e0       	ldi	r17, 0x00	; 0
    4184:	83 e0       	ldi	r24, 0x03	; 3
    4186:	0e 94 96 0b 	call	0x172c	; 0x172c <ikb_key_is_ready2read>
    418a:	81 11       	cpse	r24, r1
    418c:	17 c0       	rjmp	.+46     	; 0x41bc <.L21>

0000418e <.L1>:
    418e:	81 2f       	mov	r24, r17
    4190:	2a 96       	adiw	r28, 0x0a	; 10
    4192:	0f b6       	in	r0, 0x3f	; 63
    4194:	f8 94       	cli
    4196:	de bf       	out	0x3e, r29	; 62
    4198:	0f be       	out	0x3f, r0	; 63
    419a:	cd bf       	out	0x3d, r28	; 61
    419c:	df 91       	pop	r29
    419e:	cf 91       	pop	r28
    41a0:	1f 91       	pop	r17
    41a2:	0f 91       	pop	r16
    41a4:	08 95       	ret

000041a6 <.L2>:
    41a6:	c9 f0       	breq	.+50     	; 0x41da <.L22>
    41a8:	82 30       	cpi	r24, 0x02	; 2
    41aa:	f1 f0       	breq	.+60     	; 0x41e8 <.L23>
    41ac:	11 e0       	ldi	r17, 0x01	; 1
    41ae:	83 30       	cpi	r24, 0x03	; 3
    41b0:	41 f7       	brne	.-48     	; 0x4182 <.L18>
    41b2:	83 e0       	ldi	r24, 0x03	; 3
    41b4:	0e 94 96 0b 	call	0x172c	; 0x172c <ikb_key_is_ready2read>
    41b8:	81 15       	cp	r24, r1
    41ba:	49 f3       	breq	.-46     	; 0x418e <.L1>

000041bc <.L21>:
    41bc:	83 e0       	ldi	r24, 0x03	; 3
    41be:	0e 94 aa 0b 	call	0x1754	; 0x1754 <ikb_key_was_read>
    41c2:	80 91 d7 04 	lds	r24, 0x04D7	; 0x8004d7 <fryer+0x38>
    41c6:	8f 5f       	subi	r24, 0xFF	; 255
    41c8:	80 93 d7 04 	sts	0x04D7, r24	; 0x8004d7 <fryer+0x38>
    41cc:	8b e4       	ldi	r24, 0x4B	; 75
    41ce:	90 e0       	ldi	r25, 0x00	; 0
    41d0:	0e 94 a4 09 	call	0x1348	; 0x1348 <indicatorTimed_setKSysTickTime_ms>
    41d4:	0e 94 a9 09 	call	0x1352	; 0x1352 <indicatorTimed_run>
    41d8:	da cf       	rjmp	.-76     	; 0x418e <.L1>

000041da <.L22>:
    41da:	44 e0       	ldi	r20, 0x04	; 4
    41dc:	60 e0       	ldi	r22, 0x00	; 0
    41de:	84 eb       	ldi	r24, 0xB4	; 180
    41e0:	92 e0       	ldi	r25, 0x02	; 2
    41e2:	0e 94 0e 14 	call	0x281c	; 0x281c <disp7s_update_data_array>
    41e6:	c8 cf       	rjmp	.-112    	; 0x4178 <.L17>

000041e8 <.L23>:
    41e8:	be 01       	movw	r22, r28
    41ea:	6f 5f       	subi	r22, 0xFF	; 255
    41ec:	7f 4f       	sbci	r23, 0xFF	; 255
    41ee:	80 91 55 04 	lds	r24, 0x0455	; 0x800455 <TCtemperature>
    41f2:	90 91 56 04 	lds	r25, 0x0456	; 0x800456 <TCtemperature+0x1>
    41f6:	0e 94 c2 12 	call	0x2584	; 0x2584 <temperature_format_temperature_3digits>
    41fa:	44 e0       	ldi	r20, 0x04	; 4
    41fc:	64 e0       	ldi	r22, 0x04	; 4
    41fe:	ce 01       	movw	r24, r28
    4200:	01 96       	adiw	r24, 0x01	; 1
    4202:	0e 94 0e 14 	call	0x281c	; 0x281c <disp7s_update_data_array>
    4206:	bd cf       	rjmp	.-134    	; 0x4182 <.L18>

00004208 <__umulhisi3>:
    4208:	a2 9f       	mul	r26, r18

0000420a <.Loc.1>:
    420a:	b0 01       	movw	r22, r0

0000420c <.Loc.2>:
    420c:	b3 9f       	mul	r27, r19

0000420e <.Loc.3>:
    420e:	c0 01       	movw	r24, r0

00004210 <.Loc.4>:
    4210:	a3 9f       	mul	r26, r19

00004212 <.Loc.5>:
    4212:	70 0d       	add	r23, r0

00004214 <.Loc.6>:
    4214:	81 1d       	adc	r24, r1

00004216 <.Loc.7>:
    4216:	11 24       	eor	r1, r1

00004218 <.Loc.8>:
    4218:	91 1d       	adc	r25, r1

0000421a <.Loc.9>:
    421a:	b2 9f       	mul	r27, r18

0000421c <.Loc.10>:
    421c:	70 0d       	add	r23, r0

0000421e <.Loc.11>:
    421e:	81 1d       	adc	r24, r1

00004220 <.Loc.12>:
    4220:	11 24       	eor	r1, r1

00004222 <.Loc.13>:
    4222:	91 1d       	adc	r25, r1

00004224 <.Loc.14>:
    4224:	08 95       	ret

00004226 <__udivmodsi4>:
    4226:	a1 e2       	ldi	r26, 0x21	; 33

00004228 <.Loc.1>:
    4228:	1a 2e       	mov	r1, r26

0000422a <.Loc.2>:
    422a:	aa 1b       	sub	r26, r26

0000422c <.Loc.3>:
    422c:	bb 1b       	sub	r27, r27

0000422e <.Loc.4>:
    422e:	fd 01       	movw	r30, r26

00004230 <.Loc.5>:
    4230:	0d c0       	rjmp	.+26     	; 0x424c <__udivmodsi4_ep>

00004232 <__udivmodsi4_loop>:
    4232:	aa 1f       	adc	r26, r26

00004234 <.Loc.7>:
    4234:	bb 1f       	adc	r27, r27

00004236 <.Loc.8>:
    4236:	ee 1f       	adc	r30, r30

00004238 <.Loc.9>:
    4238:	ff 1f       	adc	r31, r31

0000423a <.Loc.10>:
    423a:	a2 17       	cp	r26, r18

0000423c <.Loc.11>:
    423c:	b3 07       	cpc	r27, r19

0000423e <.Loc.12>:
    423e:	e4 07       	cpc	r30, r20

00004240 <.Loc.13>:
    4240:	f5 07       	cpc	r31, r21

00004242 <.Loc.14>:
    4242:	20 f0       	brcs	.+8      	; 0x424c <__udivmodsi4_ep>

00004244 <.Loc.15>:
    4244:	a2 1b       	sub	r26, r18

00004246 <.Loc.16>:
    4246:	b3 0b       	sbc	r27, r19

00004248 <.Loc.17>:
    4248:	e4 0b       	sbc	r30, r20

0000424a <.Loc.18>:
    424a:	f5 0b       	sbc	r31, r21

0000424c <__udivmodsi4_ep>:
    424c:	66 1f       	adc	r22, r22

0000424e <.Loc.20>:
    424e:	77 1f       	adc	r23, r23

00004250 <.Loc.21>:
    4250:	88 1f       	adc	r24, r24

00004252 <.Loc.22>:
    4252:	99 1f       	adc	r25, r25

00004254 <.Loc.23>:
    4254:	1a 94       	dec	r1

00004256 <.Loc.24>:
    4256:	69 f7       	brne	.-38     	; 0x4232 <__udivmodsi4_loop>

00004258 <.Loc.25>:
    4258:	60 95       	com	r22

0000425a <.Loc.26>:
    425a:	70 95       	com	r23

0000425c <.Loc.27>:
    425c:	80 95       	com	r24

0000425e <.Loc.28>:
    425e:	90 95       	com	r25

00004260 <.Loc.29>:
    4260:	9b 01       	movw	r18, r22

00004262 <.Loc.30>:
    4262:	ac 01       	movw	r20, r24

00004264 <.Loc.31>:
    4264:	bd 01       	movw	r22, r26

00004266 <.Loc.32>:
    4266:	cf 01       	movw	r24, r30

00004268 <.Loc.33>:
    4268:	08 95       	ret

0000426a <__divmodsi4>:
    426a:	05 2e       	mov	r0, r21

0000426c <.Loc.1>:
    426c:	97 fb       	bst	r25, 7

0000426e <.Loc.2>:
    426e:	1e f4       	brtc	.+6      	; 0x4276 <.L0^B1>

00004270 <.Loc.3>:
    4270:	00 94       	com	r0

00004272 <.Loc.4>:
    4272:	0e 94 4c 21 	call	0x4298	; 0x4298 <__negsi2>

00004276 <.L0^B1>:
    4276:	57 fd       	sbrc	r21, 7

00004278 <.Loc.6>:
    4278:	07 d0       	rcall	.+14     	; 0x4288 <__divmodsi4_neg2>

0000427a <.Loc.7>:
    427a:	0e 94 13 21 	call	0x4226	; 0x4226 <__udivmodsi4>

0000427e <.Loc.8>:
    427e:	07 fc       	sbrc	r0, 7

00004280 <.Loc.9>:
    4280:	03 d0       	rcall	.+6      	; 0x4288 <__divmodsi4_neg2>

00004282 <.Loc.10>:
    4282:	4e f4       	brtc	.+18     	; 0x4296 <__divmodsi4_exit>

00004284 <.Loc.11>:
    4284:	0c 94 4c 21 	jmp	0x4298	; 0x4298 <__negsi2>

00004288 <__divmodsi4_neg2>:
    4288:	50 95       	com	r21

0000428a <.Loc.13>:
    428a:	40 95       	com	r20

0000428c <.Loc.14>:
    428c:	30 95       	com	r19

0000428e <.Loc.15>:
    428e:	21 95       	neg	r18

00004290 <.Loc.16>:
    4290:	3f 4f       	sbci	r19, 0xFF	; 255

00004292 <.Loc.17>:
    4292:	4f 4f       	sbci	r20, 0xFF	; 255

00004294 <.Loc.18>:
    4294:	5f 4f       	sbci	r21, 0xFF	; 255

00004296 <__divmodsi4_exit>:
    4296:	08 95       	ret

00004298 <__negsi2>:
    4298:	90 95       	com	r25
    429a:	80 95       	com	r24
    429c:	70 95       	com	r23
    429e:	61 95       	neg	r22
    42a0:	7f 4f       	sbci	r23, 0xFF	; 255
    42a2:	8f 4f       	sbci	r24, 0xFF	; 255
    42a4:	9f 4f       	sbci	r25, 0xFF	; 255

000042a6 <.Loc.1>:
    42a6:	08 95       	ret

000042a8 <__muluhisi3>:
    42a8:	0e 94 04 21 	call	0x4208	; 0x4208 <__umulhisi3>

000042ac <.Loc.1>:
    42ac:	a5 9f       	mul	r26, r21

000042ae <.Loc.2>:
    42ae:	90 0d       	add	r25, r0

000042b0 <.Loc.3>:
    42b0:	b4 9f       	mul	r27, r20

000042b2 <.Loc.4>:
    42b2:	90 0d       	add	r25, r0

000042b4 <.Loc.5>:
    42b4:	a4 9f       	mul	r26, r20

000042b6 <.Loc.6>:
    42b6:	80 0d       	add	r24, r0

000042b8 <.Loc.7>:
    42b8:	91 1d       	adc	r25, r1

000042ba <.Loc.8>:
    42ba:	11 24       	eor	r1, r1

000042bc <.Loc.9>:
    42bc:	08 95       	ret

000042be <__subsf3>:
    42be:	50 58       	subi	r21, 0x80	; 128

000042c0 <__addsf3>:
    42c0:	bb 27       	eor	r27, r27
    42c2:	aa 27       	eor	r26, r26
    42c4:	0e 94 77 21 	call	0x42ee	; 0x42ee <__addsf3x>
    42c8:	0c 94 e6 22 	jmp	0x45cc	; 0x45cc <__fp_round>

000042cc <.L0^B1>:
    42cc:	0e 94 d8 22 	call	0x45b0	; 0x45b0 <__fp_pscA>
    42d0:	38 f0       	brcs	.+14     	; 0x42e0 <.L_nan>
    42d2:	0e 94 df 22 	call	0x45be	; 0x45be <__fp_pscB>
    42d6:	20 f0       	brcs	.+8      	; 0x42e0 <.L_nan>
    42d8:	39 f4       	brne	.+14     	; 0x42e8 <.L_inf>
    42da:	9f 3f       	cpi	r25, 0xFF	; 255
    42dc:	19 f4       	brne	.+6      	; 0x42e4 <.L_infB>
    42de:	26 f4       	brtc	.+8      	; 0x42e8 <.L_inf>

000042e0 <.L_nan>:
    42e0:	0c 94 d5 22 	jmp	0x45aa	; 0x45aa <__fp_nan>

000042e4 <.L_infB>:
    42e4:	0e f4       	brtc	.+2      	; 0x42e8 <.L_inf>
    42e6:	e0 95       	com	r30

000042e8 <.L_inf>:
    42e8:	e7 fb       	bst	r30, 7
    42ea:	0c 94 cf 22 	jmp	0x459e	; 0x459e <__fp_inf>

000042ee <__addsf3x>:
    42ee:	e9 2f       	mov	r30, r25
    42f0:	0e 94 f7 22 	call	0x45ee	; 0x45ee <__fp_split3>
    42f4:	58 f3       	brcs	.-42     	; 0x42cc <.L0^B1>
    42f6:	ba 17       	cp	r27, r26
    42f8:	62 07       	cpc	r22, r18
    42fa:	73 07       	cpc	r23, r19
    42fc:	84 07       	cpc	r24, r20
    42fe:	95 07       	cpc	r25, r21
    4300:	20 f0       	brcs	.+8      	; 0x430a <.L2^B1>
    4302:	79 f4       	brne	.+30     	; 0x4322 <.L4^B1>
    4304:	a6 f5       	brtc	.+104    	; 0x436e <.L_add>
    4306:	0c 94 19 23 	jmp	0x4632	; 0x4632 <__fp_zero>

0000430a <.L2^B1>:
    430a:	0e f4       	brtc	.+2      	; 0x430e <.L3^B1>
    430c:	e0 95       	com	r30

0000430e <.L3^B1>:
    430e:	0b 2e       	mov	r0, r27
    4310:	ba 2f       	mov	r27, r26
    4312:	a0 2d       	mov	r26, r0
    4314:	0b 01       	movw	r0, r22
    4316:	b9 01       	movw	r22, r18
    4318:	90 01       	movw	r18, r0
    431a:	0c 01       	movw	r0, r24
    431c:	ca 01       	movw	r24, r20
    431e:	a0 01       	movw	r20, r0
    4320:	11 24       	eor	r1, r1

00004322 <.L4^B1>:
    4322:	ff 27       	eor	r31, r31
    4324:	59 1b       	sub	r21, r25

00004326 <.L5^B1>:
    4326:	99 f0       	breq	.+38     	; 0x434e <.L7^B1>
    4328:	59 3f       	cpi	r21, 0xF9	; 249
    432a:	50 f4       	brcc	.+20     	; 0x4340 <.L6^B1>
    432c:	50 3e       	cpi	r21, 0xE0	; 224
    432e:	68 f1       	brcs	.+90     	; 0x438a <.L_ret>
    4330:	1a 16       	cp	r1, r26
    4332:	f0 40       	sbci	r31, 0x00	; 0
    4334:	a2 2f       	mov	r26, r18
    4336:	23 2f       	mov	r18, r19
    4338:	34 2f       	mov	r19, r20
    433a:	44 27       	eor	r20, r20
    433c:	58 5f       	subi	r21, 0xF8	; 248
    433e:	f3 cf       	rjmp	.-26     	; 0x4326 <.L5^B1>

00004340 <.L6^B1>:
    4340:	46 95       	lsr	r20
    4342:	37 95       	ror	r19
    4344:	27 95       	ror	r18
    4346:	a7 95       	ror	r26
    4348:	f0 40       	sbci	r31, 0x00	; 0
    434a:	53 95       	inc	r21
    434c:	c9 f7       	brne	.-14     	; 0x4340 <.L6^B1>

0000434e <.L7^B1>:
    434e:	7e f4       	brtc	.+30     	; 0x436e <.L_add>
    4350:	1f 16       	cp	r1, r31
    4352:	ba 0b       	sbc	r27, r26
    4354:	62 0b       	sbc	r22, r18
    4356:	73 0b       	sbc	r23, r19
    4358:	84 0b       	sbc	r24, r20
    435a:	ba f0       	brmi	.+46     	; 0x438a <.L_ret>

0000435c <.L8^B1>:
    435c:	91 50       	subi	r25, 0x01	; 1
    435e:	a1 f0       	breq	.+40     	; 0x4388 <.L9^B1>
    4360:	ff 0f       	add	r31, r31
    4362:	bb 1f       	adc	r27, r27
    4364:	66 1f       	adc	r22, r22
    4366:	77 1f       	adc	r23, r23
    4368:	88 1f       	adc	r24, r24
    436a:	c2 f7       	brpl	.-16     	; 0x435c <.L8^B1>
    436c:	0e c0       	rjmp	.+28     	; 0x438a <.L_ret>

0000436e <.L_add>:
    436e:	ba 0f       	add	r27, r26
    4370:	62 1f       	adc	r22, r18
    4372:	73 1f       	adc	r23, r19
    4374:	84 1f       	adc	r24, r20
    4376:	48 f4       	brcc	.+18     	; 0x438a <.L_ret>
    4378:	87 95       	ror	r24
    437a:	77 95       	ror	r23
    437c:	67 95       	ror	r22
    437e:	b7 95       	ror	r27
    4380:	f7 95       	ror	r31
    4382:	9e 3f       	cpi	r25, 0xFE	; 254
    4384:	08 f0       	brcs	.+2      	; 0x4388 <.L9^B1>
    4386:	b0 cf       	rjmp	.-160    	; 0x42e8 <.L_inf>

00004388 <.L9^B1>:
    4388:	93 95       	inc	r25

0000438a <.L_ret>:
    438a:	88 0f       	add	r24, r24
    438c:	08 f0       	brcs	.+2      	; 0x4390 <.L1^B1>
    438e:	99 27       	eor	r25, r25

00004390 <.L1^B1>:
    4390:	ee 0f       	add	r30, r30
    4392:	97 95       	ror	r25
    4394:	87 95       	ror	r24
    4396:	08 95       	ret

00004398 <__cmpsf2>:
    4398:	0e 94 ab 22 	call	0x4556	; 0x4556 <__fp_cmp>
    439c:	08 f4       	brcc	.+2      	; 0x43a0 <.L1^B1>
    439e:	81 e0       	ldi	r24, 0x01	; 1

000043a0 <.L1^B1>:
    43a0:	08 95       	ret

000043a2 <__divsf3>:
    43a2:	0e 94 e5 21 	call	0x43ca	; 0x43ca <__divsf3x>
    43a6:	0c 94 e6 22 	jmp	0x45cc	; 0x45cc <__fp_round>

000043aa <.L0^B1>:
    43aa:	0e 94 df 22 	call	0x45be	; 0x45be <__fp_pscB>
    43ae:	58 f0       	brcs	.+22     	; 0x43c6 <.L_nan>
    43b0:	0e 94 d8 22 	call	0x45b0	; 0x45b0 <__fp_pscA>
    43b4:	40 f0       	brcs	.+16     	; 0x43c6 <.L_nan>
    43b6:	29 f4       	brne	.+10     	; 0x43c2 <.L_zr>
    43b8:	5f 3f       	cpi	r21, 0xFF	; 255
    43ba:	29 f0       	breq	.+10     	; 0x43c6 <.L_nan>

000043bc <.L_inf>:
    43bc:	0c 94 cf 22 	jmp	0x459e	; 0x459e <__fp_inf>

000043c0 <.L1^B1>:
    43c0:	51 11       	cpse	r21, r1

000043c2 <.L_zr>:
    43c2:	0c 94 1a 23 	jmp	0x4634	; 0x4634 <__fp_szero>

000043c6 <.L_nan>:
    43c6:	0c 94 d5 22 	jmp	0x45aa	; 0x45aa <__fp_nan>

000043ca <__divsf3x>:
    43ca:	0e 94 f7 22 	call	0x45ee	; 0x45ee <__fp_split3>
    43ce:	68 f3       	brcs	.-38     	; 0x43aa <.L0^B1>

000043d0 <__divsf3_pse>:
    43d0:	99 23       	and	r25, r25
    43d2:	b1 f3       	breq	.-20     	; 0x43c0 <.L1^B1>
    43d4:	55 23       	and	r21, r21
    43d6:	91 f3       	breq	.-28     	; 0x43bc <.L_inf>
    43d8:	95 1b       	sub	r25, r21
    43da:	55 0b       	sbc	r21, r21
    43dc:	bb 27       	eor	r27, r27
    43de:	aa 27       	eor	r26, r26

000043e0 <.L2^B1>:
    43e0:	62 17       	cp	r22, r18
    43e2:	73 07       	cpc	r23, r19
    43e4:	84 07       	cpc	r24, r20
    43e6:	38 f0       	brcs	.+14     	; 0x43f6 <.L3^B1>
    43e8:	9f 5f       	subi	r25, 0xFF	; 255
    43ea:	5f 4f       	sbci	r21, 0xFF	; 255
    43ec:	22 0f       	add	r18, r18
    43ee:	33 1f       	adc	r19, r19
    43f0:	44 1f       	adc	r20, r20
    43f2:	aa 1f       	adc	r26, r26
    43f4:	a9 f3       	breq	.-22     	; 0x43e0 <.L2^B1>

000043f6 <.L3^B1>:
    43f6:	35 d0       	rcall	.+106    	; 0x4462 <.L_div>
    43f8:	0e 2e       	mov	r0, r30
    43fa:	3a f0       	brmi	.+14     	; 0x440a <.L5^B1>

000043fc <.L4^B1>:
    43fc:	e0 e8       	ldi	r30, 0x80	; 128
    43fe:	32 d0       	rcall	.+100    	; 0x4464 <.L_div1>
    4400:	91 50       	subi	r25, 0x01	; 1
    4402:	50 40       	sbci	r21, 0x00	; 0
    4404:	e6 95       	lsr	r30
    4406:	00 1c       	adc	r0, r0
    4408:	ca f7       	brpl	.-14     	; 0x43fc <.L4^B1>

0000440a <.L5^B1>:
    440a:	2b d0       	rcall	.+86     	; 0x4462 <.L_div>
    440c:	fe 2f       	mov	r31, r30
    440e:	29 d0       	rcall	.+82     	; 0x4462 <.L_div>
    4410:	66 0f       	add	r22, r22
    4412:	77 1f       	adc	r23, r23
    4414:	88 1f       	adc	r24, r24
    4416:	bb 1f       	adc	r27, r27
    4418:	26 17       	cp	r18, r22
    441a:	37 07       	cpc	r19, r23
    441c:	48 07       	cpc	r20, r24
    441e:	ab 07       	cpc	r26, r27
    4420:	b0 e8       	ldi	r27, 0x80	; 128
    4422:	09 f0       	breq	.+2      	; 0x4426 <.L4^B2>
    4424:	bb 0b       	sbc	r27, r27

00004426 <.L4^B2>:
    4426:	80 2d       	mov	r24, r0
    4428:	bf 01       	movw	r22, r30
    442a:	ff 27       	eor	r31, r31
    442c:	93 58       	subi	r25, 0x83	; 131
    442e:	5f 4f       	sbci	r21, 0xFF	; 255
    4430:	3a f0       	brmi	.+14     	; 0x4440 <.L13^B1>
    4432:	9e 3f       	cpi	r25, 0xFE	; 254
    4434:	51 05       	cpc	r21, r1
    4436:	78 f0       	brcs	.+30     	; 0x4456 <.L15^B1>
    4438:	0c 94 cf 22 	jmp	0x459e	; 0x459e <__fp_inf>

0000443c <.L12^B1>:
    443c:	0c 94 1a 23 	jmp	0x4634	; 0x4634 <__fp_szero>

00004440 <.L13^B1>:
    4440:	5f 3f       	cpi	r21, 0xFF	; 255
    4442:	e4 f3       	brlt	.-8      	; 0x443c <.L12^B1>
    4444:	98 3e       	cpi	r25, 0xE8	; 232
    4446:	d4 f3       	brlt	.-12     	; 0x443c <.L12^B1>

00004448 <.L14^B1>:
    4448:	86 95       	lsr	r24
    444a:	77 95       	ror	r23
    444c:	67 95       	ror	r22
    444e:	b7 95       	ror	r27
    4450:	f7 95       	ror	r31
    4452:	9f 5f       	subi	r25, 0xFF	; 255
    4454:	c9 f7       	brne	.-14     	; 0x4448 <.L14^B1>

00004456 <.L15^B1>:
    4456:	88 0f       	add	r24, r24
    4458:	91 1d       	adc	r25, r1
    445a:	96 95       	lsr	r25
    445c:	87 95       	ror	r24
    445e:	97 f9       	bld	r25, 7
    4460:	08 95       	ret

00004462 <.L_div>:
    4462:	e1 e0       	ldi	r30, 0x01	; 1

00004464 <.L_div1>:
    4464:	66 0f       	add	r22, r22
    4466:	77 1f       	adc	r23, r23
    4468:	88 1f       	adc	r24, r24
    446a:	bb 1f       	adc	r27, r27
    446c:	62 17       	cp	r22, r18
    446e:	73 07       	cpc	r23, r19
    4470:	84 07       	cpc	r24, r20
    4472:	ba 07       	cpc	r27, r26
    4474:	20 f0       	brcs	.+8      	; 0x447e <.L2^B2>
    4476:	62 1b       	sub	r22, r18
    4478:	73 0b       	sbc	r23, r19
    447a:	84 0b       	sbc	r24, r20
    447c:	ba 0b       	sbc	r27, r26

0000447e <.L2^B2>:
    447e:	ee 1f       	adc	r30, r30
    4480:	88 f7       	brcc	.-30     	; 0x4464 <.L_div1>
    4482:	e0 95       	com	r30
    4484:	08 95       	ret

00004486 <__fixsfsi>:
    4486:	0e 94 4a 22 	call	0x4494	; 0x4494 <__fixunssfsi>
    448a:	68 94       	set
    448c:	b1 11       	cpse	r27, r1
    448e:	0c 94 1a 23 	jmp	0x4634	; 0x4634 <__fp_szero>
    4492:	08 95       	ret

00004494 <__fixunssfsi>:
    4494:	0e 94 ff 22 	call	0x45fe	; 0x45fe <__fp_splitA>
    4498:	88 f0       	brcs	.+34     	; 0x44bc <.L_err>
    449a:	9f 57       	subi	r25, 0x7F	; 127
    449c:	98 f0       	brcs	.+38     	; 0x44c4 <.L_zr>
    449e:	b9 2f       	mov	r27, r25
    44a0:	99 27       	eor	r25, r25
    44a2:	b7 51       	subi	r27, 0x17	; 23
    44a4:	b0 f0       	brcs	.+44     	; 0x44d2 <.L4^B1>
    44a6:	e1 f0       	breq	.+56     	; 0x44e0 <.L_sign>

000044a8 <.L1^B1>:
    44a8:	66 0f       	add	r22, r22
    44aa:	77 1f       	adc	r23, r23
    44ac:	88 1f       	adc	r24, r24
    44ae:	99 1f       	adc	r25, r25
    44b0:	1a f0       	brmi	.+6      	; 0x44b8 <.L2^B1>
    44b2:	ba 95       	dec	r27
    44b4:	c9 f7       	brne	.-14     	; 0x44a8 <.L1^B1>
    44b6:	14 c0       	rjmp	.+40     	; 0x44e0 <.L_sign>

000044b8 <.L2^B1>:
    44b8:	b1 30       	cpi	r27, 0x01	; 1
    44ba:	91 f0       	breq	.+36     	; 0x44e0 <.L_sign>

000044bc <.L_err>:
    44bc:	0e 94 19 23 	call	0x4632	; 0x4632 <__fp_zero>
    44c0:	b1 e0       	ldi	r27, 0x01	; 1

000044c2 <.L_ret>:
    44c2:	08 95       	ret

000044c4 <.L_zr>:
    44c4:	0c 94 19 23 	jmp	0x4632	; 0x4632 <__fp_zero>

000044c8 <.L3^B1>:
    44c8:	67 2f       	mov	r22, r23
    44ca:	78 2f       	mov	r23, r24
    44cc:	88 27       	eor	r24, r24
    44ce:	b8 5f       	subi	r27, 0xF8	; 248
    44d0:	39 f0       	breq	.+14     	; 0x44e0 <.L_sign>

000044d2 <.L4^B1>:
    44d2:	b9 3f       	cpi	r27, 0xF9	; 249
    44d4:	cc f3       	brlt	.-14     	; 0x44c8 <.L3^B1>

000044d6 <.L5^B1>:
    44d6:	86 95       	lsr	r24
    44d8:	77 95       	ror	r23
    44da:	67 95       	ror	r22
    44dc:	b3 95       	inc	r27
    44de:	d9 f7       	brne	.-10     	; 0x44d6 <.L5^B1>

000044e0 <.L_sign>:
    44e0:	86 f7       	brtc	.-32     	; 0x44c2 <.L_ret>
    44e2:	0c 94 4c 21 	jmp	0x4298	; 0x4298 <__negsi2>

000044e6 <__floatunsisf>:
    44e6:	e8 94       	clt
    44e8:	04 c0       	rjmp	.+8      	; 0x44f2 <.L1^B1>

000044ea <__floatsisf>:
    44ea:	97 fb       	bst	r25, 7
    44ec:	16 f4       	brtc	.+4      	; 0x44f2 <.L1^B1>
    44ee:	0e 94 4c 21 	call	0x4298	; 0x4298 <__negsi2>

000044f2 <.L1^B1>:
    44f2:	99 23       	and	r25, r25
    44f4:	a9 f0       	breq	.+42     	; 0x4520 <.L4^B1>
    44f6:	f9 2f       	mov	r31, r25
    44f8:	96 e9       	ldi	r25, 0x96	; 150
    44fa:	bb 27       	eor	r27, r27

000044fc <.L2^B1>:
    44fc:	93 95       	inc	r25
    44fe:	f6 95       	lsr	r31
    4500:	87 95       	ror	r24
    4502:	77 95       	ror	r23
    4504:	67 95       	ror	r22
    4506:	b7 95       	ror	r27
    4508:	f1 11       	cpse	r31, r1
    450a:	f8 cf       	rjmp	.-16     	; 0x44fc <.L2^B1>
    450c:	fa f4       	brpl	.+62     	; 0x454c <.L_pack>
    450e:	bb 0f       	add	r27, r27
    4510:	11 f4       	brne	.+4      	; 0x4516 <.L3^B1>
    4512:	60 ff       	sbrs	r22, 0
    4514:	1b c0       	rjmp	.+54     	; 0x454c <.L_pack>

00004516 <.L3^B1>:
    4516:	6f 5f       	subi	r22, 0xFF	; 255
    4518:	7f 4f       	sbci	r23, 0xFF	; 255
    451a:	8f 4f       	sbci	r24, 0xFF	; 255
    451c:	9f 4f       	sbci	r25, 0xFF	; 255
    451e:	16 c0       	rjmp	.+44     	; 0x454c <.L_pack>

00004520 <.L4^B1>:
    4520:	88 23       	and	r24, r24
    4522:	11 f0       	breq	.+4      	; 0x4528 <.L5^B1>
    4524:	96 e9       	ldi	r25, 0x96	; 150
    4526:	11 c0       	rjmp	.+34     	; 0x454a <.L8^B1>

00004528 <.L5^B1>:
    4528:	77 23       	and	r23, r23
    452a:	21 f0       	breq	.+8      	; 0x4534 <.L6^B1>
    452c:	9e e8       	ldi	r25, 0x8E	; 142
    452e:	87 2f       	mov	r24, r23
    4530:	76 2f       	mov	r23, r22
    4532:	05 c0       	rjmp	.+10     	; 0x453e <.L7^B1>

00004534 <.L6^B1>:
    4534:	66 23       	and	r22, r22
    4536:	71 f0       	breq	.+28     	; 0x4554 <.L9^B1>
    4538:	96 e8       	ldi	r25, 0x86	; 134
    453a:	86 2f       	mov	r24, r22
    453c:	70 e0       	ldi	r23, 0x00	; 0

0000453e <.L7^B1>:
    453e:	60 e0       	ldi	r22, 0x00	; 0
    4540:	2a f0       	brmi	.+10     	; 0x454c <.L_pack>

00004542 <.L10^B1>:
    4542:	9a 95       	dec	r25
    4544:	66 0f       	add	r22, r22
    4546:	77 1f       	adc	r23, r23
    4548:	88 1f       	adc	r24, r24

0000454a <.L8^B1>:
    454a:	da f7       	brpl	.-10     	; 0x4542 <.L10^B1>

0000454c <.L_pack>:
    454c:	88 0f       	add	r24, r24
    454e:	96 95       	lsr	r25
    4550:	87 95       	ror	r24
    4552:	97 f9       	bld	r25, 7

00004554 <.L9^B1>:
    4554:	08 95       	ret

00004556 <__fp_cmp>:
    4556:	99 0f       	add	r25, r25
    4558:	00 08       	sbc	r0, r0
    455a:	55 0f       	add	r21, r21
    455c:	aa 0b       	sbc	r26, r26
    455e:	e0 e8       	ldi	r30, 0x80	; 128
    4560:	fe ef       	ldi	r31, 0xFE	; 254
    4562:	16 16       	cp	r1, r22
    4564:	17 06       	cpc	r1, r23
    4566:	e8 07       	cpc	r30, r24
    4568:	f9 07       	cpc	r31, r25
    456a:	c0 f0       	brcs	.+48     	; 0x459c <.L9^B1>
    456c:	12 16       	cp	r1, r18
    456e:	13 06       	cpc	r1, r19
    4570:	e4 07       	cpc	r30, r20
    4572:	f5 07       	cpc	r31, r21
    4574:	98 f0       	brcs	.+38     	; 0x459c <.L9^B1>
    4576:	62 1b       	sub	r22, r18
    4578:	73 0b       	sbc	r23, r19
    457a:	84 0b       	sbc	r24, r20
    457c:	95 0b       	sbc	r25, r21
    457e:	39 f4       	brne	.+14     	; 0x458e <.L1^B1>
    4580:	0a 26       	eor	r0, r26
    4582:	61 f0       	breq	.+24     	; 0x459c <.L9^B1>
    4584:	23 2b       	or	r18, r19
    4586:	24 2b       	or	r18, r20
    4588:	25 2b       	or	r18, r21
    458a:	21 f4       	brne	.+8      	; 0x4594 <.L2^B1>
    458c:	08 95       	ret

0000458e <.L1^B1>:
    458e:	0a 26       	eor	r0, r26
    4590:	09 f4       	brne	.+2      	; 0x4594 <.L2^B1>
    4592:	a1 40       	sbci	r26, 0x01	; 1

00004594 <.L2^B1>:
    4594:	a6 95       	lsr	r26
    4596:	8f ef       	ldi	r24, 0xFF	; 255
    4598:	81 1d       	adc	r24, r1
    459a:	81 1d       	adc	r24, r1

0000459c <.L9^B1>:
    459c:	08 95       	ret

0000459e <__fp_inf>:
    459e:	97 f9       	bld	r25, 7
    45a0:	9f 67       	ori	r25, 0x7F	; 127
    45a2:	80 e8       	ldi	r24, 0x80	; 128
    45a4:	70 e0       	ldi	r23, 0x00	; 0
    45a6:	60 e0       	ldi	r22, 0x00	; 0
    45a8:	08 95       	ret

000045aa <__fp_nan>:
    45aa:	9f ef       	ldi	r25, 0xFF	; 255
    45ac:	80 ec       	ldi	r24, 0xC0	; 192
    45ae:	08 95       	ret

000045b0 <__fp_pscA>:
    45b0:	00 24       	eor	r0, r0
    45b2:	0a 94       	dec	r0
    45b4:	16 16       	cp	r1, r22
    45b6:	17 06       	cpc	r1, r23
    45b8:	18 06       	cpc	r1, r24
    45ba:	09 06       	cpc	r0, r25
    45bc:	08 95       	ret

000045be <__fp_pscB>:
    45be:	00 24       	eor	r0, r0
    45c0:	0a 94       	dec	r0
    45c2:	12 16       	cp	r1, r18
    45c4:	13 06       	cpc	r1, r19
    45c6:	14 06       	cpc	r1, r20
    45c8:	05 06       	cpc	r0, r21
    45ca:	08 95       	ret

000045cc <__fp_round>:
    45cc:	09 2e       	mov	r0, r25
    45ce:	03 94       	inc	r0
    45d0:	00 0c       	add	r0, r0
    45d2:	11 f4       	brne	.+4      	; 0x45d8 <.L1^B1>
    45d4:	88 23       	and	r24, r24
    45d6:	52 f0       	brmi	.+20     	; 0x45ec <.L3^B1>

000045d8 <.L1^B1>:
    45d8:	bb 0f       	add	r27, r27
    45da:	40 f4       	brcc	.+16     	; 0x45ec <.L3^B1>
    45dc:	bf 2b       	or	r27, r31
    45de:	11 f4       	brne	.+4      	; 0x45e4 <.L2^B1>
    45e0:	60 ff       	sbrs	r22, 0
    45e2:	04 c0       	rjmp	.+8      	; 0x45ec <.L3^B1>

000045e4 <.L2^B1>:
    45e4:	6f 5f       	subi	r22, 0xFF	; 255
    45e6:	7f 4f       	sbci	r23, 0xFF	; 255
    45e8:	8f 4f       	sbci	r24, 0xFF	; 255
    45ea:	9f 4f       	sbci	r25, 0xFF	; 255

000045ec <.L3^B1>:
    45ec:	08 95       	ret

000045ee <__fp_split3>:
    45ee:	57 fd       	sbrc	r21, 7
    45f0:	90 58       	subi	r25, 0x80	; 128
    45f2:	44 0f       	add	r20, r20
    45f4:	55 1f       	adc	r21, r21
    45f6:	59 f0       	breq	.+22     	; 0x460e <.L4^B1>
    45f8:	5f 3f       	cpi	r21, 0xFF	; 255
    45fa:	71 f0       	breq	.+28     	; 0x4618 <.L5^B1>

000045fc <.L1^B1>:
    45fc:	47 95       	ror	r20

000045fe <__fp_splitA>:
    45fe:	88 0f       	add	r24, r24
    4600:	97 fb       	bst	r25, 7
    4602:	99 1f       	adc	r25, r25
    4604:	61 f0       	breq	.+24     	; 0x461e <.L6^B1>
    4606:	9f 3f       	cpi	r25, 0xFF	; 255
    4608:	79 f0       	breq	.+30     	; 0x4628 <.L7^B1>

0000460a <.L3^B1>:
    460a:	87 95       	ror	r24
    460c:	08 95       	ret

0000460e <.L4^B1>:
    460e:	12 16       	cp	r1, r18
    4610:	13 06       	cpc	r1, r19
    4612:	14 06       	cpc	r1, r20
    4614:	55 1f       	adc	r21, r21
    4616:	f2 cf       	rjmp	.-28     	; 0x45fc <.L1^B1>

00004618 <.L5^B1>:
    4618:	46 95       	lsr	r20
    461a:	f1 df       	rcall	.-30     	; 0x45fe <__fp_splitA>
    461c:	08 c0       	rjmp	.+16     	; 0x462e <.L8^B1>

0000461e <.L6^B1>:
    461e:	16 16       	cp	r1, r22
    4620:	17 06       	cpc	r1, r23
    4622:	18 06       	cpc	r1, r24
    4624:	99 1f       	adc	r25, r25
    4626:	f1 cf       	rjmp	.-30     	; 0x460a <.L3^B1>

00004628 <.L7^B1>:
    4628:	86 95       	lsr	r24
    462a:	71 05       	cpc	r23, r1
    462c:	61 05       	cpc	r22, r1

0000462e <.L8^B1>:
    462e:	08 94       	sec
    4630:	08 95       	ret

00004632 <__fp_zero>:
    4632:	e8 94       	clt

00004634 <__fp_szero>:
    4634:	bb 27       	eor	r27, r27
    4636:	66 27       	eor	r22, r22
    4638:	77 27       	eor	r23, r23
    463a:	cb 01       	movw	r24, r22
    463c:	97 f9       	bld	r25, 7
    463e:	08 95       	ret

00004640 <__gesf2>:
    4640:	0e 94 ab 22 	call	0x4556	; 0x4556 <__fp_cmp>
    4644:	08 f4       	brcc	.+2      	; 0x4648 <.L1^B1>
    4646:	8f ef       	ldi	r24, 0xFF	; 255

00004648 <.L1^B1>:
    4648:	08 95       	ret

0000464a <__mulsf3>:
    464a:	0e 94 38 23 	call	0x4670	; 0x4670 <__mulsf3x>
    464e:	0c 94 e6 22 	jmp	0x45cc	; 0x45cc <__fp_round>

00004652 <.L0^B1>:
    4652:	0e 94 d8 22 	call	0x45b0	; 0x45b0 <__fp_pscA>
    4656:	38 f0       	brcs	.+14     	; 0x4666 <.L1^B1>
    4658:	0e 94 df 22 	call	0x45be	; 0x45be <__fp_pscB>
    465c:	20 f0       	brcs	.+8      	; 0x4666 <.L1^B1>
    465e:	95 23       	and	r25, r21
    4660:	11 f0       	breq	.+4      	; 0x4666 <.L1^B1>
    4662:	0c 94 cf 22 	jmp	0x459e	; 0x459e <__fp_inf>

00004666 <.L1^B1>:
    4666:	0c 94 d5 22 	jmp	0x45aa	; 0x45aa <__fp_nan>

0000466a <.L2^B1>:
    466a:	11 24       	eor	r1, r1
    466c:	0c 94 1a 23 	jmp	0x4634	; 0x4634 <__fp_szero>

00004670 <__mulsf3x>:
    4670:	0e 94 f7 22 	call	0x45ee	; 0x45ee <__fp_split3>
    4674:	70 f3       	brcs	.-36     	; 0x4652 <.L0^B1>

00004676 <__mulsf3_pse>:
    4676:	95 9f       	mul	r25, r21
    4678:	c1 f3       	breq	.-16     	; 0x466a <.L2^B1>
    467a:	95 0f       	add	r25, r21
    467c:	50 e0       	ldi	r21, 0x00	; 0
    467e:	55 1f       	adc	r21, r21
    4680:	62 9f       	mul	r22, r18
    4682:	f0 01       	movw	r30, r0
    4684:	72 9f       	mul	r23, r18
    4686:	bb 27       	eor	r27, r27
    4688:	f0 0d       	add	r31, r0
    468a:	b1 1d       	adc	r27, r1
    468c:	63 9f       	mul	r22, r19
    468e:	aa 27       	eor	r26, r26
    4690:	f0 0d       	add	r31, r0
    4692:	b1 1d       	adc	r27, r1
    4694:	aa 1f       	adc	r26, r26
    4696:	64 9f       	mul	r22, r20
    4698:	66 27       	eor	r22, r22
    469a:	b0 0d       	add	r27, r0
    469c:	a1 1d       	adc	r26, r1
    469e:	66 1f       	adc	r22, r22
    46a0:	82 9f       	mul	r24, r18
    46a2:	22 27       	eor	r18, r18
    46a4:	b0 0d       	add	r27, r0
    46a6:	a1 1d       	adc	r26, r1
    46a8:	62 1f       	adc	r22, r18
    46aa:	73 9f       	mul	r23, r19
    46ac:	b0 0d       	add	r27, r0
    46ae:	a1 1d       	adc	r26, r1
    46b0:	62 1f       	adc	r22, r18
    46b2:	83 9f       	mul	r24, r19
    46b4:	a0 0d       	add	r26, r0
    46b6:	61 1d       	adc	r22, r1
    46b8:	22 1f       	adc	r18, r18
    46ba:	74 9f       	mul	r23, r20
    46bc:	33 27       	eor	r19, r19
    46be:	a0 0d       	add	r26, r0
    46c0:	61 1d       	adc	r22, r1
    46c2:	23 1f       	adc	r18, r19
    46c4:	84 9f       	mul	r24, r20
    46c6:	60 0d       	add	r22, r0
    46c8:	21 1d       	adc	r18, r1
    46ca:	82 2f       	mov	r24, r18
    46cc:	76 2f       	mov	r23, r22
    46ce:	6a 2f       	mov	r22, r26
    46d0:	11 24       	eor	r1, r1
    46d2:	9f 57       	subi	r25, 0x7F	; 127
    46d4:	50 40       	sbci	r21, 0x00	; 0
    46d6:	9a f0       	brmi	.+38     	; 0x46fe <.L13^B1>
    46d8:	f1 f0       	breq	.+60     	; 0x4716 <.L15^B1>

000046da <.L10^B1>:
    46da:	88 23       	and	r24, r24
    46dc:	4a f0       	brmi	.+18     	; 0x46f0 <.L11^B1>
    46de:	ee 0f       	add	r30, r30
    46e0:	ff 1f       	adc	r31, r31
    46e2:	bb 1f       	adc	r27, r27
    46e4:	66 1f       	adc	r22, r22
    46e6:	77 1f       	adc	r23, r23
    46e8:	88 1f       	adc	r24, r24
    46ea:	91 50       	subi	r25, 0x01	; 1
    46ec:	50 40       	sbci	r21, 0x00	; 0
    46ee:	a9 f7       	brne	.-22     	; 0x46da <.L10^B1>

000046f0 <.L11^B1>:
    46f0:	9e 3f       	cpi	r25, 0xFE	; 254
    46f2:	51 05       	cpc	r21, r1
    46f4:	80 f0       	brcs	.+32     	; 0x4716 <.L15^B1>
    46f6:	0c 94 cf 22 	jmp	0x459e	; 0x459e <__fp_inf>

000046fa <.L12^B1>:
    46fa:	0c 94 1a 23 	jmp	0x4634	; 0x4634 <__fp_szero>

000046fe <.L13^B1>:
    46fe:	5f 3f       	cpi	r21, 0xFF	; 255
    4700:	e4 f3       	brlt	.-8      	; 0x46fa <.L12^B1>
    4702:	98 3e       	cpi	r25, 0xE8	; 232
    4704:	d4 f3       	brlt	.-12     	; 0x46fa <.L12^B1>

00004706 <.L14^B1>:
    4706:	86 95       	lsr	r24
    4708:	77 95       	ror	r23
    470a:	67 95       	ror	r22
    470c:	b7 95       	ror	r27
    470e:	f7 95       	ror	r31
    4710:	e7 95       	ror	r30
    4712:	9f 5f       	subi	r25, 0xFF	; 255
    4714:	c1 f7       	brne	.-16     	; 0x4706 <.L14^B1>

00004716 <.L15^B1>:
    4716:	fe 2b       	or	r31, r30
    4718:	88 0f       	add	r24, r24
    471a:	91 1d       	adc	r25, r1
    471c:	96 95       	lsr	r25
    471e:	87 95       	ror	r24
    4720:	97 f9       	bld	r25, 7
    4722:	08 95       	ret

00004724 <memmove>:
    4724:	68 17       	cp	r22, r24
    4726:	79 07       	cpc	r23, r25
    4728:	68 f4       	brcc	.+26     	; 0x4744 <.L_memmove_fwd>
    472a:	fb 01       	movw	r30, r22
    472c:	dc 01       	movw	r26, r24
    472e:	e4 0f       	add	r30, r20
    4730:	f5 1f       	adc	r31, r21
    4732:	a4 0f       	add	r26, r20
    4734:	b5 1f       	adc	r27, r21
    4736:	02 c0       	rjmp	.+4      	; 0x473c <.L_memmove_start>

00004738 <.L_memmove_loop>:
    4738:	02 90       	ld	r0, -Z
    473a:	0e 92       	st	-X, r0

0000473c <.L_memmove_start>:
    473c:	41 50       	subi	r20, 0x01	; 1
    473e:	50 40       	sbci	r21, 0x00	; 0
    4740:	d8 f7       	brcc	.-10     	; 0x4738 <.L_memmove_loop>
    4742:	08 95       	ret

00004744 <.L_memmove_fwd>:
    4744:	0c 94 c3 23 	jmp	0x4786	; 0x4786 <memcpy>

00004748 <memset>:
    4748:	dc 01       	movw	r26, r24
    474a:	01 c0       	rjmp	.+2      	; 0x474e <.L_memset_start>

0000474c <.L_memset_loop>:
    474c:	6d 93       	st	X+, r22

0000474e <.L_memset_start>:
    474e:	41 50       	subi	r20, 0x01	; 1
    4750:	50 40       	sbci	r21, 0x00	; 0
    4752:	e0 f7       	brcc	.-8      	; 0x474c <.L_memset_loop>
    4754:	08 95       	ret

00004756 <strlen>:
    4756:	fc 01       	movw	r30, r24

00004758 <.L_strlen_loop>:
    4758:	01 90       	ld	r0, Z+
    475a:	00 20       	and	r0, r0
    475c:	e9 f7       	brne	.-6      	; 0x4758 <.L_strlen_loop>
    475e:	80 95       	com	r24
    4760:	90 95       	com	r25
    4762:	8e 0f       	add	r24, r30
    4764:	9f 1f       	adc	r25, r31
    4766:	08 95       	ret

00004768 <strncpy>:
    4768:	fb 01       	movw	r30, r22
    476a:	dc 01       	movw	r26, r24

0000476c <.L_strncpy_loop>:
    476c:	41 50       	subi	r20, 0x01	; 1
    476e:	50 40       	sbci	r21, 0x00	; 0
    4770:	48 f0       	brcs	.+18     	; 0x4784 <.L_strncpy_done>
    4772:	01 90       	ld	r0, Z+
    4774:	0d 92       	st	X+, r0
    4776:	00 20       	and	r0, r0
    4778:	c9 f7       	brne	.-14     	; 0x476c <.L_strncpy_loop>
    477a:	01 c0       	rjmp	.+2      	; 0x477e <.L_strncpy_clr_start>

0000477c <.L_strncpy_clr_loop>:
    477c:	1d 92       	st	X+, r1

0000477e <.L_strncpy_clr_start>:
    477e:	41 50       	subi	r20, 0x01	; 1
    4780:	50 40       	sbci	r21, 0x00	; 0
    4782:	e0 f7       	brcc	.-8      	; 0x477c <.L_strncpy_clr_loop>

00004784 <.L_strncpy_done>:
    4784:	08 95       	ret

00004786 <memcpy>:
    4786:	fb 01       	movw	r30, r22
    4788:	dc 01       	movw	r26, r24
    478a:	02 c0       	rjmp	.+4      	; 0x4790 <.L_memcpy_start>

0000478c <.L_memcpy_loop>:
    478c:	01 90       	ld	r0, Z+
    478e:	0d 92       	st	X+, r0

00004790 <.L_memcpy_start>:
    4790:	41 50       	subi	r20, 0x01	; 1
    4792:	50 40       	sbci	r21, 0x00	; 0
    4794:	d8 f7       	brcc	.-10     	; 0x478c <.L_memcpy_loop>
    4796:	08 95       	ret

00004798 <eeprom_read_block>:
    4798:	dc 01       	movw	r26, r24
    479a:	cb 01       	movw	r24, r22

0000479c <eeprom_read_blraw>:
    479c:	fc 01       	movw	r30, r24

0000479e <.L1^B1>:
    479e:	e1 99       	sbic	0x1c, 1	; 28
    47a0:	fe cf       	rjmp	.-4      	; 0x479e <.L1^B1>
    47a2:	06 c0       	rjmp	.+12     	; 0x47b0 <.L3^B1>

000047a4 <.L2^B1>:
    47a4:	ff bb       	out	0x1f, r31	; 31
    47a6:	ee bb       	out	0x1e, r30	; 30
    47a8:	e0 9a       	sbi	0x1c, 0	; 28
    47aa:	31 96       	adiw	r30, 0x01	; 1
    47ac:	0d b2       	in	r0, 0x1d	; 29
    47ae:	0d 92       	st	X+, r0

000047b0 <.L3^B1>:
    47b0:	41 50       	subi	r20, 0x01	; 1
    47b2:	50 40       	sbci	r21, 0x00	; 0
    47b4:	b8 f7       	brcc	.-18     	; 0x47a4 <.L2^B1>
    47b6:	08 95       	ret

000047b8 <eeprom_update_block>:
    47b8:	dc 01       	movw	r26, r24
    47ba:	a4 0f       	add	r26, r20
    47bc:	b5 1f       	adc	r27, r21
    47be:	41 50       	subi	r20, 0x01	; 1
    47c0:	50 40       	sbci	r21, 0x00	; 0
    47c2:	48 f0       	brcs	.+18     	; 0x47d6 <.L3^B1>
    47c4:	cb 01       	movw	r24, r22
    47c6:	84 0f       	add	r24, r20
    47c8:	95 1f       	adc	r25, r21

000047ca <.L1^B1>:
    47ca:	2e 91       	ld	r18, -X
    47cc:	0e 94 ed 23 	call	0x47da	; 0x47da <eeprom_update_r18>
    47d0:	41 50       	subi	r20, 0x01	; 1
    47d2:	50 40       	sbci	r21, 0x00	; 0
    47d4:	d0 f7       	brcc	.-12     	; 0x47ca <.L1^B1>

000047d6 <.L3^B1>:
    47d6:	08 95       	ret

000047d8 <eeprom_update_byte>:
    47d8:	26 2f       	mov	r18, r22

000047da <eeprom_update_r18>:
    47da:	e1 99       	sbic	0x1c, 1	; 28
    47dc:	fe cf       	rjmp	.-4      	; 0x47da <eeprom_update_r18>
    47de:	9f bb       	out	0x1f, r25	; 31
    47e0:	8e bb       	out	0x1e, r24	; 30
    47e2:	e0 9a       	sbi	0x1c, 0	; 28
    47e4:	01 97       	sbiw	r24, 0x01	; 1
    47e6:	0d b2       	in	r0, 0x1d	; 29
    47e8:	02 16       	cp	r0, r18
    47ea:	31 f0       	breq	.+12     	; 0x47f8 <.L2^B1>
    47ec:	2d bb       	out	0x1d, r18	; 29
    47ee:	0f b6       	in	r0, 0x3f	; 63
    47f0:	f8 94       	cli
    47f2:	e2 9a       	sbi	0x1c, 2	; 28
    47f4:	e1 9a       	sbi	0x1c, 1	; 28
    47f6:	0f be       	out	0x3f, r0	; 63

000047f8 <.L2^B1>:
    47f8:	08 95       	ret

000047fa <_exit>:
    47fa:	f8 94       	cli

000047fc <__stop_program>:
    47fc:	ff cf       	rjmp	.-2      	; 0x47fc <__stop_program>
